# File written from OrientationAnalysis Version 6.5.171.b0b162591
# DateTime: Fri Mar 6 11:31:15 2026
# X_STEP: 1.000000
# Y_STEP: 1.000000
# Z_STEP: 0.000000
#
# X_MIN: 0.000000
# Y_MIN: 0.000000
# Z_MIN: 0.000000
#
# X_MAX: 100.000000
# Y_MAX: 100.000000
# Z_MAX: 0.000000
#
# X_DIM: 100
# Y_DIM: 100
# Z_DIM: 0
#
# Phase_1: Primary
# Symmetry_1: 43
# Features_1: 10
#
# Num_Features: 10 
#
# phi1 PHI phi2 x y z FeatureId PhaseId Symmetry
3.091367 1.054778 4.399554 0.500000 0.500000 0.000000 7 1 43
3.091367 1.054778 4.399554 1.500000 0.500000 0.000000 7 1 43
3.091367 1.054778 4.399554 2.500000 0.500000 0.000000 7 1 43
3.091367 1.054778 4.399554 3.500000 0.500000 0.000000 7 1 43
3.091367 1.054778 4.399554 4.500000 0.500000 0.000000 7 1 43
3.091367 1.054778 4.399554 5.500000 0.500000 0.000000 7 1 43
3.091367 1.054778 4.399554 6.500000 0.500000 0.000000 7 1 43
3.091367 1.054778 4.399554 7.500000 0.500000 0.000000 7 1 43
3.091367 1.054778 4.399554 8.500000 0.500000 0.000000 7 1 43
3.091367 1.054778 4.399554 9.500000 0.500000 0.000000 7 1 43
3.091367 1.054778 4.399554 10.500000 0.500000 0.000000 7 1 43
3.091367 1.054778 4.399554 11.500000 0.500000 0.000000 7 1 43
3.091367 1.054778 4.399554 12.500000 0.500000 0.000000 7 1 43
3.091367 1.054778 4.399554 13.500000 0.500000 0.000000 7 1 43
3.091367 1.054778 4.399554 14.500000 0.500000 0.000000 7 1 43
3.091367 1.054778 4.399554 15.500000 0.500000 0.000000 7 1 43
3.091367 1.054778 4.399554 16.500000 0.500000 0.000000 7 1 43
3.091367 1.054778 4.399554 17.500000 0.500000 0.000000 7 1 43
3.091367 1.054778 4.399554 18.500000 0.500000 0.000000 7 1 43
3.091367 1.054778 4.399554 19.500000 0.500000 0.000000 7 1 43
3.091367 1.054778 4.399554 20.500000 0.500000 0.000000 7 1 43
3.091367 1.054778 4.399554 21.500000 0.500000 0.000000 7 1 43
3.091367 1.054778 4.399554 22.500000 0.500000 0.000000 7 1 43
3.091367 1.054778 4.399554 23.500000 0.500000 0.000000 7 1 43
3.091367 1.054778 4.399554 24.500000 0.500000 0.000000 7 1 43
3.091367 1.054778 4.399554 25.500000 0.500000 0.000000 7 1 43
3.091367 1.054778 4.399554 26.500000 0.500000 0.000000 7 1 43
3.091367 1.054778 4.399554 27.500000 0.500000 0.000000 7 1 43
3.091367 1.054778 4.399554 28.500000 0.500000 0.000000 7 1 43
3.091367 1.054778 4.399554 29.500000 0.500000 0.000000 7 1 43
3.091367 1.054778 4.399554 30.500000 0.500000 0.000000 7 1 43
3.091367 1.054778 4.399554 31.500000 0.500000 0.000000 7 1 43
3.091367 1.054778 4.399554 32.500000 0.500000 0.000000 7 1 43
3.091367 1.054778 4.399554 33.500000 0.500000 0.000000 7 1 43
3.091367 1.054778 4.399554 34.500000 0.500000 0.000000 7 1 43
3.091367 1.054778 4.399554 35.500000 0.500000 0.000000 7 1 43
3.091367 1.054778 4.399554 36.500000 0.500000 0.000000 7 1 43
3.091367 1.054778 4.399554 37.500000 0.500000 0.000000 7 1 43
3.091367 1.054778 4.399554 38.500000 0.500000 0.000000 7 1 43
3.091367 1.054778 4.399554 39.500000 0.500000 0.000000 7 1 43
3.091367 1.054778 4.399554 40.500000 0.500000 0.000000 7 1 43
1.876906 1.069354 0.211030 41.500000 0.500000 0.000000 9 1 43
1.876906 1.069354 0.211030 42.500000 0.500000 0.000000 9 1 43
1.876906 1.069354 0.211030 43.500000 0.500000 0.000000 9 1 43
1.876906 1.069354 0.211030 44.500000 0.500000 0.000000 9 1 43
1.876906 1.069354 0.211030 45.500000 0.500000 0.000000 9 1 43
1.876906 1.069354 0.211030 46.500000 0.500000 0.000000 9 1 43
1.876906 1.069354 0.211030 47.500000 0.500000 0.000000 9 1 43
1.876906 1.069354 0.211030 48.500000 0.500000 0.000000 9 1 43
1.876906 1.069354 0.211030 49.500000 0.500000 0.000000 9 1 43
1.876906 1.069354 0.211030 50.500000 0.500000 0.000000 9 1 43
1.876906 1.069354 0.211030 51.500000 0.500000 0.000000 9 1 43
1.876906 1.069354 0.211030 52.500000 0.500000 0.000000 9 1 43
1.876906 1.069354 0.211030 53.500000 0.500000 0.000000 9 1 43
1.876906 1.069354 0.211030 54.500000 0.500000 0.000000 9 1 43
1.876906 1.069354 0.211030 55.500000 0.500000 0.000000 9 1 43
1.876906 1.069354 0.211030 56.500000 0.500000 0.000000 9 1 43
1.876906 1.069354 0.211030 57.500000 0.500000 0.000000 9 1 43
1.876906 1.069354 0.211030 58.500000 0.500000 0.000000 9 1 43
1.876906 1.069354 0.211030 59.500000 0.500000 0.000000 9 1 43
1.876906 1.069354 0.211030 60.500000 0.500000 0.000000 9 1 43
1.876906 1.069354 0.211030 61.500000 0.500000 0.000000 9 1 43
1.876906 1.069354 0.211030 62.500000 0.500000 0.000000 9 1 43
1.876906 1.069354 0.211030 63.500000 0.500000 0.000000 9 1 43
1.876906 1.069354 0.211030 64.500000 0.500000 0.000000 9 1 43
1.876906 1.069354 0.211030 65.500000 0.500000 0.000000 9 1 43
1.876906 1.069354 0.211030 66.500000 0.500000 0.000000 9 1 43
1.876906 1.069354 0.211030 67.500000 0.500000 0.000000 9 1 43
1.876906 1.069354 0.211030 68.500000 0.500000 0.000000 9 1 43
1.876906 1.069354 0.211030 69.500000 0.500000 0.000000 9 1 43
1.876906 1.069354 0.211030 70.500000 0.500000 0.000000 9 1 43
1.876906 1.069354 0.211030 71.500000 0.500000 0.000000 9 1 43
1.876906 1.069354 0.211030 72.500000 0.500000 0.000000 9 1 43
1.876906 1.069354 0.211030 73.500000 0.500000 0.000000 9 1 43
1.876906 1.069354 0.211030 74.500000 0.500000 0.000000 9 1 43
1.876906 1.069354 0.211030 75.500000 0.500000 0.000000 9 1 43
1.876906 1.069354 0.211030 76.500000 0.500000 0.000000 9 1 43
1.876906 1.069354 0.211030 77.500000 0.500000 0.000000 9 1 43
1.876906 1.069354 0.211030 78.500000 0.500000 0.000000 9 1 43
1.876906 1.069354 0.211030 79.500000 0.500000 0.000000 9 1 43
1.876906 1.069354 0.211030 80.500000 0.500000 0.000000 9 1 43
1.876906 1.069354 0.211030 81.500000 0.500000 0.000000 9 1 43
1.876906 1.069354 0.211030 82.500000 0.500000 0.000000 9 1 43
1.876906 1.069354 0.211030 83.500000 0.500000 0.000000 9 1 43
1.876906 1.069354 0.211030 84.500000 0.500000 0.000000 9 1 43
1.876906 1.069354 0.211030 85.500000 0.500000 0.000000 9 1 43
1.876906 1.069354 0.211030 86.500000 0.500000 0.000000 9 1 43
1.876906 1.069354 0.211030 87.500000 0.500000 0.000000 9 1 43
1.876906 1.069354 0.211030 88.500000 0.500000 0.000000 9 1 43
1.876906 1.069354 0.211030 89.500000 0.500000 0.000000 9 1 43
1.876906 1.069354 0.211030 90.500000 0.500000 0.000000 9 1 43
1.876906 1.069354 0.211030 91.500000 0.500000 0.000000 9 1 43
1.876906 1.069354 0.211030 92.500000 0.500000 0.000000 9 1 43
1.876906 1.069354 0.211030 93.500000 0.500000 0.000000 9 1 43
1.876906 1.069354 0.211030 94.500000 0.500000 0.000000 9 1 43
1.876906 1.069354 0.211030 95.500000 0.500000 0.000000 9 1 43
1.876906 1.069354 0.211030 96.500000 0.500000 0.000000 9 1 43
1.876906 1.069354 0.211030 97.500000 0.500000 0.000000 9 1 43
1.876906 1.069354 0.211030 98.500000 0.500000 0.000000 9 1 43
1.876906 1.069354 0.211030 99.500000 0.500000 0.000000 9 1 43
3.091367 1.054778 4.399554 0.500000 1.500000 0.000000 7 1 43
3.091367 1.054778 4.399554 1.500000 1.500000 0.000000 7 1 43
3.091367 1.054778 4.399554 2.500000 1.500000 0.000000 7 1 43
3.091367 1.054778 4.399554 3.500000 1.500000 0.000000 7 1 43
3.091367 1.054778 4.399554 4.500000 1.500000 0.000000 7 1 43
3.091367 1.054778 4.399554 5.500000 1.500000 0.000000 7 1 43
3.091367 1.054778 4.399554 6.500000 1.500000 0.000000 7 1 43
3.091367 1.054778 4.399554 7.500000 1.500000 0.000000 7 1 43
3.091367 1.054778 4.399554 8.500000 1.500000 0.000000 7 1 43
3.091367 1.054778 4.399554 9.500000 1.500000 0.000000 7 1 43
3.091367 1.054778 4.399554 10.500000 1.500000 0.000000 7 1 43
3.091367 1.054778 4.399554 11.500000 1.500000 0.000000 7 1 43
3.091367 1.054778 4.399554 12.500000 1.500000 0.000000 7 1 43
3.091367 1.054778 4.399554 13.500000 1.500000 0.000000 7 1 43
3.091367 1.054778 4.399554 14.500000 1.500000 0.000000 7 1 43
3.091367 1.054778 4.399554 15.500000 1.500000 0.000000 7 1 43
3.091367 1.054778 4.399554 16.500000 1.500000 0.000000 7 1 43
3.091367 1.054778 4.399554 17.500000 1.500000 0.000000 7 1 43
3.091367 1.054778 4.399554 18.500000 1.500000 0.000000 7 1 43
3.091367 1.054778 4.399554 19.500000 1.500000 0.000000 7 1 43
3.091367 1.054778 4.399554 20.500000 1.500000 0.000000 7 1 43
3.091367 1.054778 4.399554 21.500000 1.500000 0.000000 7 1 43
3.091367 1.054778 4.399554 22.500000 1.500000 0.000000 7 1 43
3.091367 1.054778 4.399554 23.500000 1.500000 0.000000 7 1 43
3.091367 1.054778 4.399554 24.500000 1.500000 0.000000 7 1 43
3.091367 1.054778 4.399554 25.500000 1.500000 0.000000 7 1 43
3.091367 1.054778 4.399554 26.500000 1.500000 0.000000 7 1 43
3.091367 1.054778 4.399554 27.500000 1.500000 0.000000 7 1 43
3.091367 1.054778 4.399554 28.500000 1.500000 0.000000 7 1 43
3.091367 1.054778 4.399554 29.500000 1.500000 0.000000 7 1 43
3.091367 1.054778 4.399554 30.500000 1.500000 0.000000 7 1 43
3.091367 1.054778 4.399554 31.500000 1.500000 0.000000 7 1 43
3.091367 1.054778 4.399554 32.500000 1.500000 0.000000 7 1 43
3.091367 1.054778 4.399554 33.500000 1.500000 0.000000 7 1 43
3.091367 1.054778 4.399554 34.500000 1.500000 0.000000 7 1 43
3.091367 1.054778 4.399554 35.500000 1.500000 0.000000 7 1 43
3.091367 1.054778 4.399554 36.500000 1.500000 0.000000 7 1 43
3.091367 1.054778 4.399554 37.500000 1.500000 0.000000 7 1 43
3.091367 1.054778 4.399554 38.500000 1.500000 0.000000 7 1 43
3.091367 1.054778 4.399554 39.500000 1.500000 0.000000 7 1 43
3.091367 1.054778 4.399554 40.500000 1.500000 0.000000 7 1 43
1.876906 1.069354 0.211030 41.500000 1.500000 0.000000 9 1 43
1.876906 1.069354 0.211030 42.500000 1.500000 0.000000 9 1 43
1.876906 1.069354 0.211030 43.500000 1.500000 0.000000 9 1 43
1.876906 1.069354 0.211030 44.500000 1.500000 0.000000 9 1 43
1.876906 1.069354 0.211030 45.500000 1.500000 0.000000 9 1 43
1.876906 1.069354 0.211030 46.500000 1.500000 0.000000 9 1 43
1.876906 1.069354 0.211030 47.500000 1.500000 0.000000 9 1 43
1.876906 1.069354 0.211030 48.500000 1.500000 0.000000 9 1 43
1.876906 1.069354 0.211030 49.500000 1.500000 0.000000 9 1 43
1.876906 1.069354 0.211030 50.500000 1.500000 0.000000 9 1 43
1.876906 1.069354 0.211030 51.500000 1.500000 0.000000 9 1 43
1.876906 1.069354 0.211030 52.500000 1.500000 0.000000 9 1 43
1.876906 1.069354 0.211030 53.500000 1.500000 0.000000 9 1 43
1.876906 1.069354 0.211030 54.500000 1.500000 0.000000 9 1 43
1.876906 1.069354 0.211030 55.500000 1.500000 0.000000 9 1 43
1.876906 1.069354 0.211030 56.500000 1.500000 0.000000 9 1 43
1.876906 1.069354 0.211030 57.500000 1.500000 0.000000 9 1 43
1.876906 1.069354 0.211030 58.500000 1.500000 0.000000 9 1 43
1.876906 1.069354 0.211030 59.500000 1.500000 0.000000 9 1 43
1.876906 1.069354 0.211030 60.500000 1.500000 0.000000 9 1 43
1.876906 1.069354 0.211030 61.500000 1.500000 0.000000 9 1 43
1.876906 1.069354 0.211030 62.500000 1.500000 0.000000 9 1 43
1.876906 1.069354 0.211030 63.500000 1.500000 0.000000 9 1 43
1.876906 1.069354 0.211030 64.500000 1.500000 0.000000 9 1 43
1.876906 1.069354 0.211030 65.500000 1.500000 0.000000 9 1 43
1.876906 1.069354 0.211030 66.500000 1.500000 0.000000 9 1 43
1.876906 1.069354 0.211030 67.500000 1.500000 0.000000 9 1 43
1.876906 1.069354 0.211030 68.500000 1.500000 0.000000 9 1 43
1.876906 1.069354 0.211030 69.500000 1.500000 0.000000 9 1 43
1.876906 1.069354 0.211030 70.500000 1.500000 0.000000 9 1 43
1.876906 1.069354 0.211030 71.500000 1.500000 0.000000 9 1 43
1.876906 1.069354 0.211030 72.500000 1.500000 0.000000 9 1 43
1.876906 1.069354 0.211030 73.500000 1.500000 0.000000 9 1 43
1.876906 1.069354 0.211030 74.500000 1.500000 0.000000 9 1 43
1.876906 1.069354 0.211030 75.500000 1.500000 0.000000 9 1 43
1.876906 1.069354 0.211030 76.500000 1.500000 0.000000 9 1 43
1.876906 1.069354 0.211030 77.500000 1.500000 0.000000 9 1 43
1.876906 1.069354 0.211030 78.500000 1.500000 0.000000 9 1 43
1.876906 1.069354 0.211030 79.500000 1.500000 0.000000 9 1 43
1.876906 1.069354 0.211030 80.500000 1.500000 0.000000 9 1 43
1.876906 1.069354 0.211030 81.500000 1.500000 0.000000 9 1 43
1.876906 1.069354 0.211030 82.500000 1.500000 0.000000 9 1 43
1.876906 1.069354 0.211030 83.500000 1.500000 0.000000 9 1 43
1.876906 1.069354 0.211030 84.500000 1.500000 0.000000 9 1 43
1.876906 1.069354 0.211030 85.500000 1.500000 0.000000 9 1 43
1.876906 1.069354 0.211030 86.500000 1.500000 0.000000 9 1 43
1.876906 1.069354 0.211030 87.500000 1.500000 0.000000 9 1 43
1.876906 1.069354 0.211030 88.500000 1.500000 0.000000 9 1 43
1.876906 1.069354 0.211030 89.500000 1.500000 0.000000 9 1 43
1.876906 1.069354 0.211030 90.500000 1.500000 0.000000 9 1 43
1.876906 1.069354 0.211030 91.500000 1.500000 0.000000 9 1 43
1.876906 1.069354 0.211030 92.500000 1.500000 0.000000 9 1 43
1.876906 1.069354 0.211030 93.500000 1.500000 0.000000 9 1 43
1.876906 1.069354 0.211030 94.500000 1.500000 0.000000 9 1 43
1.876906 1.069354 0.211030 95.500000 1.500000 0.000000 9 1 43
1.876906 1.069354 0.211030 96.500000 1.500000 0.000000 9 1 43
1.876906 1.069354 0.211030 97.500000 1.500000 0.000000 9 1 43
1.876906 1.069354 0.211030 98.500000 1.500000 0.000000 9 1 43
1.876906 1.069354 0.211030 99.500000 1.500000 0.000000 9 1 43
3.091367 1.054778 4.399554 0.500000 2.500000 0.000000 7 1 43
3.091367 1.054778 4.399554 1.500000 2.500000 0.000000 7 1 43
3.091367 1.054778 4.399554 2.500000 2.500000 0.000000 7 1 43
3.091367 1.054778 4.399554 3.500000 2.500000 0.000000 7 1 43
3.091367 1.054778 4.399554 4.500000 2.500000 0.000000 7 1 43
3.091367 1.054778 4.399554 5.500000 2.500000 0.000000 7 1 43
3.091367 1.054778 4.399554 6.500000 2.500000 0.000000 7 1 43
3.091367 1.054778 4.399554 7.500000 2.500000 0.000000 7 1 43
3.091367 1.054778 4.399554 8.500000 2.500000 0.000000 7 1 43
3.091367 1.054778 4.399554 9.500000 2.500000 0.000000 7 1 43
3.091367 1.054778 4.399554 10.500000 2.500000 0.000000 7 1 43
3.091367 1.054778 4.399554 11.500000 2.500000 0.000000 7 1 43
3.091367 1.054778 4.399554 12.500000 2.500000 0.000000 7 1 43
3.091367 1.054778 4.399554 13.500000 2.500000 0.000000 7 1 43
3.091367 1.054778 4.399554 14.500000 2.500000 0.000000 7 1 43
3.091367 1.054778 4.399554 15.500000 2.500000 0.000000 7 1 43
3.091367 1.054778 4.399554 16.500000 2.500000 0.000000 7 1 43
3.091367 1.054778 4.399554 17.500000 2.500000 0.000000 7 1 43
3.091367 1.054778 4.399554 18.500000 2.500000 0.000000 7 1 43
3.091367 1.054778 4.399554 19.500000 2.500000 0.000000 7 1 43
3.091367 1.054778 4.399554 20.500000 2.500000 0.000000 7 1 43
3.091367 1.054778 4.399554 21.500000 2.500000 0.000000 7 1 43
3.091367 1.054778 4.399554 22.500000 2.500000 0.000000 7 1 43
3.091367 1.054778 4.399554 23.500000 2.500000 0.000000 7 1 43
3.091367 1.054778 4.399554 24.500000 2.500000 0.000000 7 1 43
3.091367 1.054778 4.399554 25.500000 2.500000 0.000000 7 1 43
3.091367 1.054778 4.399554 26.500000 2.500000 0.000000 7 1 43
3.091367 1.054778 4.399554 27.500000 2.500000 0.000000 7 1 43
3.091367 1.054778 4.399554 28.500000 2.500000 0.000000 7 1 43
3.091367 1.054778 4.399554 29.500000 2.500000 0.000000 7 1 43
3.091367 1.054778 4.399554 30.500000 2.500000 0.000000 7 1 43
3.091367 1.054778 4.399554 31.500000 2.500000 0.000000 7 1 43
3.091367 1.054778 4.399554 32.500000 2.500000 0.000000 7 1 43
3.091367 1.054778 4.399554 33.500000 2.500000 0.000000 7 1 43
3.091367 1.054778 4.399554 34.500000 2.500000 0.000000 7 1 43
3.091367 1.054778 4.399554 35.500000 2.500000 0.000000 7 1 43
3.091367 1.054778 4.399554 36.500000 2.500000 0.000000 7 1 43
3.091367 1.054778 4.399554 37.500000 2.500000 0.000000 7 1 43
3.091367 1.054778 4.399554 38.500000 2.500000 0.000000 7 1 43
3.091367 1.054778 4.399554 39.500000 2.500000 0.000000 7 1 43
3.091367 1.054778 4.399554 40.500000 2.500000 0.000000 7 1 43
1.876906 1.069354 0.211030 41.500000 2.500000 0.000000 9 1 43
1.876906 1.069354 0.211030 42.500000 2.500000 0.000000 9 1 43
1.876906 1.069354 0.211030 43.500000 2.500000 0.000000 9 1 43
1.876906 1.069354 0.211030 44.500000 2.500000 0.000000 9 1 43
1.876906 1.069354 0.211030 45.500000 2.500000 0.000000 9 1 43
1.876906 1.069354 0.211030 46.500000 2.500000 0.000000 9 1 43
1.876906 1.069354 0.211030 47.500000 2.500000 0.000000 9 1 43
1.876906 1.069354 0.211030 48.500000 2.500000 0.000000 9 1 43
1.876906 1.069354 0.211030 49.500000 2.500000 0.000000 9 1 43
1.876906 1.069354 0.211030 50.500000 2.500000 0.000000 9 1 43
1.876906 1.069354 0.211030 51.500000 2.500000 0.000000 9 1 43
1.876906 1.069354 0.211030 52.500000 2.500000 0.000000 9 1 43
1.876906 1.069354 0.211030 53.500000 2.500000 0.000000 9 1 43
1.876906 1.069354 0.211030 54.500000 2.500000 0.000000 9 1 43
1.876906 1.069354 0.211030 55.500000 2.500000 0.000000 9 1 43
1.876906 1.069354 0.211030 56.500000 2.500000 0.000000 9 1 43
1.876906 1.069354 0.211030 57.500000 2.500000 0.000000 9 1 43
1.876906 1.069354 0.211030 58.500000 2.500000 0.000000 9 1 43
1.876906 1.069354 0.211030 59.500000 2.500000 0.000000 9 1 43
1.876906 1.069354 0.211030 60.500000 2.500000 0.000000 9 1 43
1.876906 1.069354 0.211030 61.500000 2.500000 0.000000 9 1 43
1.876906 1.069354 0.211030 62.500000 2.500000 0.000000 9 1 43
1.876906 1.069354 0.211030 63.500000 2.500000 0.000000 9 1 43
1.876906 1.069354 0.211030 64.500000 2.500000 0.000000 9 1 43
1.876906 1.069354 0.211030 65.500000 2.500000 0.000000 9 1 43
1.876906 1.069354 0.211030 66.500000 2.500000 0.000000 9 1 43
1.876906 1.069354 0.211030 67.500000 2.500000 0.000000 9 1 43
1.876906 1.069354 0.211030 68.500000 2.500000 0.000000 9 1 43
1.876906 1.069354 0.211030 69.500000 2.500000 0.000000 9 1 43
1.876906 1.069354 0.211030 70.500000 2.500000 0.000000 9 1 43
1.876906 1.069354 0.211030 71.500000 2.500000 0.000000 9 1 43
1.876906 1.069354 0.211030 72.500000 2.500000 0.000000 9 1 43
1.876906 1.069354 0.211030 73.500000 2.500000 0.000000 9 1 43
1.876906 1.069354 0.211030 74.500000 2.500000 0.000000 9 1 43
1.876906 1.069354 0.211030 75.500000 2.500000 0.000000 9 1 43
1.876906 1.069354 0.211030 76.500000 2.500000 0.000000 9 1 43
1.876906 1.069354 0.211030 77.500000 2.500000 0.000000 9 1 43
1.876906 1.069354 0.211030 78.500000 2.500000 0.000000 9 1 43
1.876906 1.069354 0.211030 79.500000 2.500000 0.000000 9 1 43
1.876906 1.069354 0.211030 80.500000 2.500000 0.000000 9 1 43
1.876906 1.069354 0.211030 81.500000 2.500000 0.000000 9 1 43
1.876906 1.069354 0.211030 82.500000 2.500000 0.000000 9 1 43
1.876906 1.069354 0.211030 83.500000 2.500000 0.000000 9 1 43
1.876906 1.069354 0.211030 84.500000 2.500000 0.000000 9 1 43
1.876906 1.069354 0.211030 85.500000 2.500000 0.000000 9 1 43
1.876906 1.069354 0.211030 86.500000 2.500000 0.000000 9 1 43
1.876906 1.069354 0.211030 87.500000 2.500000 0.000000 9 1 43
1.876906 1.069354 0.211030 88.500000 2.500000 0.000000 9 1 43
1.876906 1.069354 0.211030 89.500000 2.500000 0.000000 9 1 43
1.876906 1.069354 0.211030 90.500000 2.500000 0.000000 9 1 43
1.876906 1.069354 0.211030 91.500000 2.500000 0.000000 9 1 43
1.876906 1.069354 0.211030 92.500000 2.500000 0.000000 9 1 43
1.876906 1.069354 0.211030 93.500000 2.500000 0.000000 9 1 43
1.876906 1.069354 0.211030 94.500000 2.500000 0.000000 9 1 43
1.876906 1.069354 0.211030 95.500000 2.500000 0.000000 9 1 43
1.876906 1.069354 0.211030 96.500000 2.500000 0.000000 9 1 43
1.876906 1.069354 0.211030 97.500000 2.500000 0.000000 9 1 43
1.876906 1.069354 0.211030 98.500000 2.500000 0.000000 9 1 43
1.876906 1.069354 0.211030 99.500000 2.500000 0.000000 9 1 43
3.091367 1.054778 4.399554 0.500000 3.500000 0.000000 7 1 43
3.091367 1.054778 4.399554 1.500000 3.500000 0.000000 7 1 43
3.091367 1.054778 4.399554 2.500000 3.500000 0.000000 7 1 43
3.091367 1.054778 4.399554 3.500000 3.500000 0.000000 7 1 43
3.091367 1.054778 4.399554 4.500000 3.500000 0.000000 7 1 43
3.091367 1.054778 4.399554 5.500000 3.500000 0.000000 7 1 43
3.091367 1.054778 4.399554 6.500000 3.500000 0.000000 7 1 43
3.091367 1.054778 4.399554 7.500000 3.500000 0.000000 7 1 43
3.091367 1.054778 4.399554 8.500000 3.500000 0.000000 7 1 43
3.091367 1.054778 4.399554 9.500000 3.500000 0.000000 7 1 43
3.091367 1.054778 4.399554 10.500000 3.500000 0.000000 7 1 43
3.091367 1.054778 4.399554 11.500000 3.500000 0.000000 7 1 43
3.091367 1.054778 4.399554 12.500000 3.500000 0.000000 7 1 43
3.091367 1.054778 4.399554 13.500000 3.500000 0.000000 7 1 43
3.091367 1.054778 4.399554 14.500000 3.500000 0.000000 7 1 43
3.091367 1.054778 4.399554 15.500000 3.500000 0.000000 7 1 43
3.091367 1.054778 4.399554 16.500000 3.500000 0.000000 7 1 43
3.091367 1.054778 4.399554 17.500000 3.500000 0.000000 7 1 43
3.091367 1.054778 4.399554 18.500000 3.500000 0.000000 7 1 43
3.091367 1.054778 4.399554 19.500000 3.500000 0.000000 7 1 43
3.091367 1.054778 4.399554 20.500000 3.500000 0.000000 7 1 43
3.091367 1.054778 4.399554 21.500000 3.500000 0.000000 7 1 43
3.091367 1.054778 4.399554 22.500000 3.500000 0.000000 7 1 43
3.091367 1.054778 4.399554 23.500000 3.500000 0.000000 7 1 43
3.091367 1.054778 4.399554 24.500000 3.500000 0.000000 7 1 43
3.091367 1.054778 4.399554 25.500000 3.500000 0.000000 7 1 43
3.091367 1.054778 4.399554 26.500000 3.500000 0.000000 7 1 43
3.091367 1.054778 4.399554 27.500000 3.500000 0.000000 7 1 43
3.091367 1.054778 4.399554 28.500000 3.500000 0.000000 7 1 43
3.091367 1.054778 4.399554 29.500000 3.500000 0.000000 7 1 43
3.091367 1.054778 4.399554 30.500000 3.500000 0.000000 7 1 43
3.091367 1.054778 4.399554 31.500000 3.500000 0.000000 7 1 43
3.091367 1.054778 4.399554 32.500000 3.500000 0.000000 7 1 43
3.091367 1.054778 4.399554 33.500000 3.500000 0.000000 7 1 43
3.091367 1.054778 4.399554 34.500000 3.500000 0.000000 7 1 43
3.091367 1.054778 4.399554 35.500000 3.500000 0.000000 7 1 43
3.091367 1.054778 4.399554 36.500000 3.500000 0.000000 7 1 43
3.091367 1.054778 4.399554 37.500000 3.500000 0.000000 7 1 43
3.091367 1.054778 4.399554 38.500000 3.500000 0.000000 7 1 43
3.091367 1.054778 4.399554 39.500000 3.500000 0.000000 7 1 43
3.091367 1.054778 4.399554 40.500000 3.500000 0.000000 7 1 43
1.876906 1.069354 0.211030 41.500000 3.500000 0.000000 9 1 43
1.876906 1.069354 0.211030 42.500000 3.500000 0.000000 9 1 43
1.876906 1.069354 0.211030 43.500000 3.500000 0.000000 9 1 43
1.876906 1.069354 0.211030 44.500000 3.500000 0.000000 9 1 43
1.876906 1.069354 0.211030 45.500000 3.500000 0.000000 9 1 43
1.876906 1.069354 0.211030 46.500000 3.500000 0.000000 9 1 43
1.876906 1.069354 0.211030 47.500000 3.500000 0.000000 9 1 43
1.876906 1.069354 0.211030 48.500000 3.500000 0.000000 9 1 43
1.876906 1.069354 0.211030 49.500000 3.500000 0.000000 9 1 43
1.876906 1.069354 0.211030 50.500000 3.500000 0.000000 9 1 43
1.876906 1.069354 0.211030 51.500000 3.500000 0.000000 9 1 43
1.876906 1.069354 0.211030 52.500000 3.500000 0.000000 9 1 43
1.876906 1.069354 0.211030 53.500000 3.500000 0.000000 9 1 43
1.876906 1.069354 0.211030 54.500000 3.500000 0.000000 9 1 43
1.876906 1.069354 0.211030 55.500000 3.500000 0.000000 9 1 43
1.876906 1.069354 0.211030 56.500000 3.500000 0.000000 9 1 43
1.876906 1.069354 0.211030 57.500000 3.500000 0.000000 9 1 43
1.876906 1.069354 0.211030 58.500000 3.500000 0.000000 9 1 43
1.876906 1.069354 0.211030 59.500000 3.500000 0.000000 9 1 43
1.876906 1.069354 0.211030 60.500000 3.500000 0.000000 9 1 43
1.876906 1.069354 0.211030 61.500000 3.500000 0.000000 9 1 43
1.876906 1.069354 0.211030 62.500000 3.500000 0.000000 9 1 43
1.876906 1.069354 0.211030 63.500000 3.500000 0.000000 9 1 43
1.876906 1.069354 0.211030 64.500000 3.500000 0.000000 9 1 43
1.876906 1.069354 0.211030 65.500000 3.500000 0.000000 9 1 43
1.876906 1.069354 0.211030 66.500000 3.500000 0.000000 9 1 43
1.876906 1.069354 0.211030 67.500000 3.500000 0.000000 9 1 43
1.876906 1.069354 0.211030 68.500000 3.500000 0.000000 9 1 43
1.876906 1.069354 0.211030 69.500000 3.500000 0.000000 9 1 43
1.876906 1.069354 0.211030 70.500000 3.500000 0.000000 9 1 43
1.876906 1.069354 0.211030 71.500000 3.500000 0.000000 9 1 43
1.876906 1.069354 0.211030 72.500000 3.500000 0.000000 9 1 43
1.876906 1.069354 0.211030 73.500000 3.500000 0.000000 9 1 43
1.876906 1.069354 0.211030 74.500000 3.500000 0.000000 9 1 43
1.876906 1.069354 0.211030 75.500000 3.500000 0.000000 9 1 43
1.876906 1.069354 0.211030 76.500000 3.500000 0.000000 9 1 43
1.876906 1.069354 0.211030 77.500000 3.500000 0.000000 9 1 43
1.876906 1.069354 0.211030 78.500000 3.500000 0.000000 9 1 43
1.876906 1.069354 0.211030 79.500000 3.500000 0.000000 9 1 43
1.876906 1.069354 0.211030 80.500000 3.500000 0.000000 9 1 43
1.876906 1.069354 0.211030 81.500000 3.500000 0.000000 9 1 43
1.876906 1.069354 0.211030 82.500000 3.500000 0.000000 9 1 43
1.876906 1.069354 0.211030 83.500000 3.500000 0.000000 9 1 43
1.876906 1.069354 0.211030 84.500000 3.500000 0.000000 9 1 43
1.876906 1.069354 0.211030 85.500000 3.500000 0.000000 9 1 43
1.876906 1.069354 0.211030 86.500000 3.500000 0.000000 9 1 43
1.876906 1.069354 0.211030 87.500000 3.500000 0.000000 9 1 43
1.876906 1.069354 0.211030 88.500000 3.500000 0.000000 9 1 43
1.876906 1.069354 0.211030 89.500000 3.500000 0.000000 9 1 43
1.876906 1.069354 0.211030 90.500000 3.500000 0.000000 9 1 43
1.876906 1.069354 0.211030 91.500000 3.500000 0.000000 9 1 43
1.876906 1.069354 0.211030 92.500000 3.500000 0.000000 9 1 43
1.876906 1.069354 0.211030 93.500000 3.500000 0.000000 9 1 43
1.876906 1.069354 0.211030 94.500000 3.500000 0.000000 9 1 43
1.876906 1.069354 0.211030 95.500000 3.500000 0.000000 9 1 43
1.876906 1.069354 0.211030 96.500000 3.500000 0.000000 9 1 43
1.876906 1.069354 0.211030 97.500000 3.500000 0.000000 9 1 43
1.876906 1.069354 0.211030 98.500000 3.500000 0.000000 9 1 43
1.876906 1.069354 0.211030 99.500000 3.500000 0.000000 9 1 43
3.091367 1.054778 4.399554 0.500000 4.500000 0.000000 7 1 43
3.091367 1.054778 4.399554 1.500000 4.500000 0.000000 7 1 43
3.091367 1.054778 4.399554 2.500000 4.500000 0.000000 7 1 43
3.091367 1.054778 4.399554 3.500000 4.500000 0.000000 7 1 43
3.091367 1.054778 4.399554 4.500000 4.500000 0.000000 7 1 43
3.091367 1.054778 4.399554 5.500000 4.500000 0.000000 7 1 43
3.091367 1.054778 4.399554 6.500000 4.500000 0.000000 7 1 43
3.091367 1.054778 4.399554 7.500000 4.500000 0.000000 7 1 43
3.091367 1.054778 4.399554 8.500000 4.500000 0.000000 7 1 43
3.091367 1.054778 4.399554 9.500000 4.500000 0.000000 7 1 43
3.091367 1.054778 4.399554 10.500000 4.500000 0.000000 7 1 43
3.091367 1.054778 4.399554 11.500000 4.500000 0.000000 7 1 43
3.091367 1.054778 4.399554 12.500000 4.500000 0.000000 7 1 43
3.091367 1.054778 4.399554 13.500000 4.500000 0.000000 7 1 43
3.091367 1.054778 4.399554 14.500000 4.500000 0.000000 7 1 43
3.091367 1.054778 4.399554 15.500000 4.500000 0.000000 7 1 43
3.091367 1.054778 4.399554 16.500000 4.500000 0.000000 7 1 43
3.091367 1.054778 4.399554 17.500000 4.500000 0.000000 7 1 43
3.091367 1.054778 4.399554 18.500000 4.500000 0.000000 7 1 43
3.091367 1.054778 4.399554 19.500000 4.500000 0.000000 7 1 43
3.091367 1.054778 4.399554 20.500000 4.500000 0.000000 7 1 43
3.091367 1.054778 4.399554 21.500000 4.500000 0.000000 7 1 43
3.091367 1.054778 4.399554 22.500000 4.500000 0.000000 7 1 43
3.091367 1.054778 4.399554 23.500000 4.500000 0.000000 7 1 43
3.091367 1.054778 4.399554 24.500000 4.500000 0.000000 7 1 43
3.091367 1.054778 4.399554 25.500000 4.500000 0.000000 7 1 43
3.091367 1.054778 4.399554 26.500000 4.500000 0.000000 7 1 43
3.091367 1.054778 4.399554 27.500000 4.500000 0.000000 7 1 43
3.091367 1.054778 4.399554 28.500000 4.500000 0.000000 7 1 43
3.091367 1.054778 4.399554 29.500000 4.500000 0.000000 7 1 43
3.091367 1.054778 4.399554 30.500000 4.500000 0.000000 7 1 43
3.091367 1.054778 4.399554 31.500000 4.500000 0.000000 7 1 43
3.091367 1.054778 4.399554 32.500000 4.500000 0.000000 7 1 43
3.091367 1.054778 4.399554 33.500000 4.500000 0.000000 7 1 43
3.091367 1.054778 4.399554 34.500000 4.500000 0.000000 7 1 43
3.091367 1.054778 4.399554 35.500000 4.500000 0.000000 7 1 43
3.091367 1.054778 4.399554 36.500000 4.500000 0.000000 7 1 43
3.091367 1.054778 4.399554 37.500000 4.500000 0.000000 7 1 43
3.091367 1.054778 4.399554 38.500000 4.500000 0.000000 7 1 43
3.091367 1.054778 4.399554 39.500000 4.500000 0.000000 7 1 43
3.091367 1.054778 4.399554 40.500000 4.500000 0.000000 7 1 43
1.876906 1.069354 0.211030 41.500000 4.500000 0.000000 9 1 43
1.876906 1.069354 0.211030 42.500000 4.500000 0.000000 9 1 43
1.876906 1.069354 0.211030 43.500000 4.500000 0.000000 9 1 43
1.876906 1.069354 0.211030 44.500000 4.500000 0.000000 9 1 43
1.876906 1.069354 0.211030 45.500000 4.500000 0.000000 9 1 43
1.876906 1.069354 0.211030 46.500000 4.500000 0.000000 9 1 43
1.876906 1.069354 0.211030 47.500000 4.500000 0.000000 9 1 43
1.876906 1.069354 0.211030 48.500000 4.500000 0.000000 9 1 43
1.876906 1.069354 0.211030 49.500000 4.500000 0.000000 9 1 43
1.876906 1.069354 0.211030 50.500000 4.500000 0.000000 9 1 43
1.876906 1.069354 0.211030 51.500000 4.500000 0.000000 9 1 43
1.876906 1.069354 0.211030 52.500000 4.500000 0.000000 9 1 43
1.876906 1.069354 0.211030 53.500000 4.500000 0.000000 9 1 43
1.876906 1.069354 0.211030 54.500000 4.500000 0.000000 9 1 43
1.876906 1.069354 0.211030 55.500000 4.500000 0.000000 9 1 43
1.876906 1.069354 0.211030 56.500000 4.500000 0.000000 9 1 43
1.876906 1.069354 0.211030 57.500000 4.500000 0.000000 9 1 43
1.876906 1.069354 0.211030 58.500000 4.500000 0.000000 9 1 43
1.876906 1.069354 0.211030 59.500000 4.500000 0.000000 9 1 43
1.876906 1.069354 0.211030 60.500000 4.500000 0.000000 9 1 43
1.876906 1.069354 0.211030 61.500000 4.500000 0.000000 9 1 43
1.876906 1.069354 0.211030 62.500000 4.500000 0.000000 9 1 43
1.876906 1.069354 0.211030 63.500000 4.500000 0.000000 9 1 43
1.876906 1.069354 0.211030 64.500000 4.500000 0.000000 9 1 43
1.876906 1.069354 0.211030 65.500000 4.500000 0.000000 9 1 43
1.876906 1.069354 0.211030 66.500000 4.500000 0.000000 9 1 43
1.876906 1.069354 0.211030 67.500000 4.500000 0.000000 9 1 43
1.876906 1.069354 0.211030 68.500000 4.500000 0.000000 9 1 43
1.876906 1.069354 0.211030 69.500000 4.500000 0.000000 9 1 43
1.876906 1.069354 0.211030 70.500000 4.500000 0.000000 9 1 43
1.876906 1.069354 0.211030 71.500000 4.500000 0.000000 9 1 43
1.876906 1.069354 0.211030 72.500000 4.500000 0.000000 9 1 43
1.876906 1.069354 0.211030 73.500000 4.500000 0.000000 9 1 43
1.876906 1.069354 0.211030 74.500000 4.500000 0.000000 9 1 43
1.876906 1.069354 0.211030 75.500000 4.500000 0.000000 9 1 43
1.876906 1.069354 0.211030 76.500000 4.500000 0.000000 9 1 43
1.876906 1.069354 0.211030 77.500000 4.500000 0.000000 9 1 43
1.876906 1.069354 0.211030 78.500000 4.500000 0.000000 9 1 43
1.876906 1.069354 0.211030 79.500000 4.500000 0.000000 9 1 43
1.876906 1.069354 0.211030 80.500000 4.500000 0.000000 9 1 43
1.876906 1.069354 0.211030 81.500000 4.500000 0.000000 9 1 43
1.876906 1.069354 0.211030 82.500000 4.500000 0.000000 9 1 43
1.876906 1.069354 0.211030 83.500000 4.500000 0.000000 9 1 43
1.876906 1.069354 0.211030 84.500000 4.500000 0.000000 9 1 43
1.876906 1.069354 0.211030 85.500000 4.500000 0.000000 9 1 43
1.876906 1.069354 0.211030 86.500000 4.500000 0.000000 9 1 43
1.876906 1.069354 0.211030 87.500000 4.500000 0.000000 9 1 43
1.876906 1.069354 0.211030 88.500000 4.500000 0.000000 9 1 43
1.876906 1.069354 0.211030 89.500000 4.500000 0.000000 9 1 43
1.876906 1.069354 0.211030 90.500000 4.500000 0.000000 9 1 43
1.876906 1.069354 0.211030 91.500000 4.500000 0.000000 9 1 43
1.876906 1.069354 0.211030 92.500000 4.500000 0.000000 9 1 43
1.876906 1.069354 0.211030 93.500000 4.500000 0.000000 9 1 43
1.876906 1.069354 0.211030 94.500000 4.500000 0.000000 9 1 43
1.876906 1.069354 0.211030 95.500000 4.500000 0.000000 9 1 43
1.876906 1.069354 0.211030 96.500000 4.500000 0.000000 9 1 43
1.876906 1.069354 0.211030 97.500000 4.500000 0.000000 9 1 43
1.876906 1.069354 0.211030 98.500000 4.500000 0.000000 9 1 43
1.876906 1.069354 0.211030 99.500000 4.500000 0.000000 9 1 43
3.091367 1.054778 4.399554 0.500000 5.500000 0.000000 7 1 43
3.091367 1.054778 4.399554 1.500000 5.500000 0.000000 7 1 43
3.091367 1.054778 4.399554 2.500000 5.500000 0.000000 7 1 43
3.091367 1.054778 4.399554 3.500000 5.500000 0.000000 7 1 43
3.091367 1.054778 4.399554 4.500000 5.500000 0.000000 7 1 43
3.091367 1.054778 4.399554 5.500000 5.500000 0.000000 7 1 43
3.091367 1.054778 4.399554 6.500000 5.500000 0.000000 7 1 43
3.091367 1.054778 4.399554 7.500000 5.500000 0.000000 7 1 43
3.091367 1.054778 4.399554 8.500000 5.500000 0.000000 7 1 43
3.091367 1.054778 4.399554 9.500000 5.500000 0.000000 7 1 43
3.091367 1.054778 4.399554 10.500000 5.500000 0.000000 7 1 43
3.091367 1.054778 4.399554 11.500000 5.500000 0.000000 7 1 43
3.091367 1.054778 4.399554 12.500000 5.500000 0.000000 7 1 43
3.091367 1.054778 4.399554 13.500000 5.500000 0.000000 7 1 43
3.091367 1.054778 4.399554 14.500000 5.500000 0.000000 7 1 43
3.091367 1.054778 4.399554 15.500000 5.500000 0.000000 7 1 43
3.091367 1.054778 4.399554 16.500000 5.500000 0.000000 7 1 43
3.091367 1.054778 4.399554 17.500000 5.500000 0.000000 7 1 43
3.091367 1.054778 4.399554 18.500000 5.500000 0.000000 7 1 43
3.091367 1.054778 4.399554 19.500000 5.500000 0.000000 7 1 43
3.091367 1.054778 4.399554 20.500000 5.500000 0.000000 7 1 43
3.091367 1.054778 4.399554 21.500000 5.500000 0.000000 7 1 43
3.091367 1.054778 4.399554 22.500000 5.500000 0.000000 7 1 43
3.091367 1.054778 4.399554 23.500000 5.500000 0.000000 7 1 43
3.091367 1.054778 4.399554 24.500000 5.500000 0.000000 7 1 43
3.091367 1.054778 4.399554 25.500000 5.500000 0.000000 7 1 43
3.091367 1.054778 4.399554 26.500000 5.500000 0.000000 7 1 43
3.091367 1.054778 4.399554 27.500000 5.500000 0.000000 7 1 43
3.091367 1.054778 4.399554 28.500000 5.500000 0.000000 7 1 43
3.091367 1.054778 4.399554 29.500000 5.500000 0.000000 7 1 43
3.091367 1.054778 4.399554 30.500000 5.500000 0.000000 7 1 43
3.091367 1.054778 4.399554 31.500000 5.500000 0.000000 7 1 43
3.091367 1.054778 4.399554 32.500000 5.500000 0.000000 7 1 43
3.091367 1.054778 4.399554 33.500000 5.500000 0.000000 7 1 43
3.091367 1.054778 4.399554 34.500000 5.500000 0.000000 7 1 43
3.091367 1.054778 4.399554 35.500000 5.500000 0.000000 7 1 43
3.091367 1.054778 4.399554 36.500000 5.500000 0.000000 7 1 43
3.091367 1.054778 4.399554 37.500000 5.500000 0.000000 7 1 43
3.091367 1.054778 4.399554 38.500000 5.500000 0.000000 7 1 43
3.091367 1.054778 4.399554 39.500000 5.500000 0.000000 7 1 43
3.091367 1.054778 4.399554 40.500000 5.500000 0.000000 7 1 43
1.876906 1.069354 0.211030 41.500000 5.500000 0.000000 9 1 43
1.876906 1.069354 0.211030 42.500000 5.500000 0.000000 9 1 43
1.876906 1.069354 0.211030 43.500000 5.500000 0.000000 9 1 43
1.876906 1.069354 0.211030 44.500000 5.500000 0.000000 9 1 43
1.876906 1.069354 0.211030 45.500000 5.500000 0.000000 9 1 43
1.876906 1.069354 0.211030 46.500000 5.500000 0.000000 9 1 43
1.876906 1.069354 0.211030 47.500000 5.500000 0.000000 9 1 43
1.876906 1.069354 0.211030 48.500000 5.500000 0.000000 9 1 43
1.876906 1.069354 0.211030 49.500000 5.500000 0.000000 9 1 43
1.876906 1.069354 0.211030 50.500000 5.500000 0.000000 9 1 43
1.876906 1.069354 0.211030 51.500000 5.500000 0.000000 9 1 43
1.876906 1.069354 0.211030 52.500000 5.500000 0.000000 9 1 43
1.876906 1.069354 0.211030 53.500000 5.500000 0.000000 9 1 43
1.876906 1.069354 0.211030 54.500000 5.500000 0.000000 9 1 43
1.876906 1.069354 0.211030 55.500000 5.500000 0.000000 9 1 43
1.876906 1.069354 0.211030 56.500000 5.500000 0.000000 9 1 43
1.876906 1.069354 0.211030 57.500000 5.500000 0.000000 9 1 43
1.876906 1.069354 0.211030 58.500000 5.500000 0.000000 9 1 43
1.876906 1.069354 0.211030 59.500000 5.500000 0.000000 9 1 43
1.876906 1.069354 0.211030 60.500000 5.500000 0.000000 9 1 43
1.876906 1.069354 0.211030 61.500000 5.500000 0.000000 9 1 43
1.876906 1.069354 0.211030 62.500000 5.500000 0.000000 9 1 43
1.876906 1.069354 0.211030 63.500000 5.500000 0.000000 9 1 43
1.876906 1.069354 0.211030 64.500000 5.500000 0.000000 9 1 43
1.876906 1.069354 0.211030 65.500000 5.500000 0.000000 9 1 43
1.876906 1.069354 0.211030 66.500000 5.500000 0.000000 9 1 43
1.876906 1.069354 0.211030 67.500000 5.500000 0.000000 9 1 43
1.876906 1.069354 0.211030 68.500000 5.500000 0.000000 9 1 43
1.876906 1.069354 0.211030 69.500000 5.500000 0.000000 9 1 43
1.876906 1.069354 0.211030 70.500000 5.500000 0.000000 9 1 43
1.876906 1.069354 0.211030 71.500000 5.500000 0.000000 9 1 43
1.876906 1.069354 0.211030 72.500000 5.500000 0.000000 9 1 43
1.876906 1.069354 0.211030 73.500000 5.500000 0.000000 9 1 43
1.876906 1.069354 0.211030 74.500000 5.500000 0.000000 9 1 43
1.876906 1.069354 0.211030 75.500000 5.500000 0.000000 9 1 43
1.876906 1.069354 0.211030 76.500000 5.500000 0.000000 9 1 43
1.876906 1.069354 0.211030 77.500000 5.500000 0.000000 9 1 43
1.876906 1.069354 0.211030 78.500000 5.500000 0.000000 9 1 43
1.876906 1.069354 0.211030 79.500000 5.500000 0.000000 9 1 43
1.876906 1.069354 0.211030 80.500000 5.500000 0.000000 9 1 43
1.876906 1.069354 0.211030 81.500000 5.500000 0.000000 9 1 43
1.876906 1.069354 0.211030 82.500000 5.500000 0.000000 9 1 43
1.876906 1.069354 0.211030 83.500000 5.500000 0.000000 9 1 43
1.876906 1.069354 0.211030 84.500000 5.500000 0.000000 9 1 43
1.876906 1.069354 0.211030 85.500000 5.500000 0.000000 9 1 43
1.876906 1.069354 0.211030 86.500000 5.500000 0.000000 9 1 43
1.876906 1.069354 0.211030 87.500000 5.500000 0.000000 9 1 43
1.876906 1.069354 0.211030 88.500000 5.500000 0.000000 9 1 43
1.876906 1.069354 0.211030 89.500000 5.500000 0.000000 9 1 43
1.876906 1.069354 0.211030 90.500000 5.500000 0.000000 9 1 43
1.876906 1.069354 0.211030 91.500000 5.500000 0.000000 9 1 43
1.876906 1.069354 0.211030 92.500000 5.500000 0.000000 9 1 43
1.876906 1.069354 0.211030 93.500000 5.500000 0.000000 9 1 43
1.876906 1.069354 0.211030 94.500000 5.500000 0.000000 9 1 43
1.876906 1.069354 0.211030 95.500000 5.500000 0.000000 9 1 43
1.876906 1.069354 0.211030 96.500000 5.500000 0.000000 9 1 43
1.876906 1.069354 0.211030 97.500000 5.500000 0.000000 9 1 43
1.876906 1.069354 0.211030 98.500000 5.500000 0.000000 9 1 43
1.876906 1.069354 0.211030 99.500000 5.500000 0.000000 9 1 43
3.091367 1.054778 4.399554 0.500000 6.500000 0.000000 7 1 43
3.091367 1.054778 4.399554 1.500000 6.500000 0.000000 7 1 43
3.091367 1.054778 4.399554 2.500000 6.500000 0.000000 7 1 43
3.091367 1.054778 4.399554 3.500000 6.500000 0.000000 7 1 43
3.091367 1.054778 4.399554 4.500000 6.500000 0.000000 7 1 43
3.091367 1.054778 4.399554 5.500000 6.500000 0.000000 7 1 43
3.091367 1.054778 4.399554 6.500000 6.500000 0.000000 7 1 43
3.091367 1.054778 4.399554 7.500000 6.500000 0.000000 7 1 43
3.091367 1.054778 4.399554 8.500000 6.500000 0.000000 7 1 43
3.091367 1.054778 4.399554 9.500000 6.500000 0.000000 7 1 43
3.091367 1.054778 4.399554 10.500000 6.500000 0.000000 7 1 43
3.091367 1.054778 4.399554 11.500000 6.500000 0.000000 7 1 43
3.091367 1.054778 4.399554 12.500000 6.500000 0.000000 7 1 43
3.091367 1.054778 4.399554 13.500000 6.500000 0.000000 7 1 43
3.091367 1.054778 4.399554 14.500000 6.500000 0.000000 7 1 43
3.091367 1.054778 4.399554 15.500000 6.500000 0.000000 7 1 43
3.091367 1.054778 4.399554 16.500000 6.500000 0.000000 7 1 43
3.091367 1.054778 4.399554 17.500000 6.500000 0.000000 7 1 43
3.091367 1.054778 4.399554 18.500000 6.500000 0.000000 7 1 43
3.091367 1.054778 4.399554 19.500000 6.500000 0.000000 7 1 43
3.091367 1.054778 4.399554 20.500000 6.500000 0.000000 7 1 43
3.091367 1.054778 4.399554 21.500000 6.500000 0.000000 7 1 43
3.091367 1.054778 4.399554 22.500000 6.500000 0.000000 7 1 43
3.091367 1.054778 4.399554 23.500000 6.500000 0.000000 7 1 43
3.091367 1.054778 4.399554 24.500000 6.500000 0.000000 7 1 43
3.091367 1.054778 4.399554 25.500000 6.500000 0.000000 7 1 43
3.091367 1.054778 4.399554 26.500000 6.500000 0.000000 7 1 43
3.091367 1.054778 4.399554 27.500000 6.500000 0.000000 7 1 43
3.091367 1.054778 4.399554 28.500000 6.500000 0.000000 7 1 43
3.091367 1.054778 4.399554 29.500000 6.500000 0.000000 7 1 43
3.091367 1.054778 4.399554 30.500000 6.500000 0.000000 7 1 43
3.091367 1.054778 4.399554 31.500000 6.500000 0.000000 7 1 43
3.091367 1.054778 4.399554 32.500000 6.500000 0.000000 7 1 43
3.091367 1.054778 4.399554 33.500000 6.500000 0.000000 7 1 43
3.091367 1.054778 4.399554 34.500000 6.500000 0.000000 7 1 43
3.091367 1.054778 4.399554 35.500000 6.500000 0.000000 7 1 43
3.091367 1.054778 4.399554 36.500000 6.500000 0.000000 7 1 43
3.091367 1.054778 4.399554 37.500000 6.500000 0.000000 7 1 43
3.091367 1.054778 4.399554 38.500000 6.500000 0.000000 7 1 43
3.091367 1.054778 4.399554 39.500000 6.500000 0.000000 7 1 43
3.091367 1.054778 4.399554 40.500000 6.500000 0.000000 7 1 43
1.876906 1.069354 0.211030 41.500000 6.500000 0.000000 9 1 43
1.876906 1.069354 0.211030 42.500000 6.500000 0.000000 9 1 43
1.876906 1.069354 0.211030 43.500000 6.500000 0.000000 9 1 43
1.876906 1.069354 0.211030 44.500000 6.500000 0.000000 9 1 43
1.876906 1.069354 0.211030 45.500000 6.500000 0.000000 9 1 43
1.876906 1.069354 0.211030 46.500000 6.500000 0.000000 9 1 43
1.876906 1.069354 0.211030 47.500000 6.500000 0.000000 9 1 43
1.876906 1.069354 0.211030 48.500000 6.500000 0.000000 9 1 43
1.876906 1.069354 0.211030 49.500000 6.500000 0.000000 9 1 43
1.876906 1.069354 0.211030 50.500000 6.500000 0.000000 9 1 43
1.876906 1.069354 0.211030 51.500000 6.500000 0.000000 9 1 43
1.876906 1.069354 0.211030 52.500000 6.500000 0.000000 9 1 43
1.876906 1.069354 0.211030 53.500000 6.500000 0.000000 9 1 43
1.876906 1.069354 0.211030 54.500000 6.500000 0.000000 9 1 43
1.876906 1.069354 0.211030 55.500000 6.500000 0.000000 9 1 43
1.876906 1.069354 0.211030 56.500000 6.500000 0.000000 9 1 43
1.876906 1.069354 0.211030 57.500000 6.500000 0.000000 9 1 43
1.876906 1.069354 0.211030 58.500000 6.500000 0.000000 9 1 43
1.876906 1.069354 0.211030 59.500000 6.500000 0.000000 9 1 43
1.876906 1.069354 0.211030 60.500000 6.500000 0.000000 9 1 43
1.876906 1.069354 0.211030 61.500000 6.500000 0.000000 9 1 43
1.876906 1.069354 0.211030 62.500000 6.500000 0.000000 9 1 43
1.876906 1.069354 0.211030 63.500000 6.500000 0.000000 9 1 43
1.876906 1.069354 0.211030 64.500000 6.500000 0.000000 9 1 43
1.876906 1.069354 0.211030 65.500000 6.500000 0.000000 9 1 43
1.876906 1.069354 0.211030 66.500000 6.500000 0.000000 9 1 43
1.876906 1.069354 0.211030 67.500000 6.500000 0.000000 9 1 43
1.876906 1.069354 0.211030 68.500000 6.500000 0.000000 9 1 43
1.876906 1.069354 0.211030 69.500000 6.500000 0.000000 9 1 43
1.876906 1.069354 0.211030 70.500000 6.500000 0.000000 9 1 43
1.876906 1.069354 0.211030 71.500000 6.500000 0.000000 9 1 43
1.876906 1.069354 0.211030 72.500000 6.500000 0.000000 9 1 43
1.876906 1.069354 0.211030 73.500000 6.500000 0.000000 9 1 43
1.876906 1.069354 0.211030 74.500000 6.500000 0.000000 9 1 43
1.876906 1.069354 0.211030 75.500000 6.500000 0.000000 9 1 43
1.876906 1.069354 0.211030 76.500000 6.500000 0.000000 9 1 43
1.876906 1.069354 0.211030 77.500000 6.500000 0.000000 9 1 43
1.876906 1.069354 0.211030 78.500000 6.500000 0.000000 9 1 43
1.876906 1.069354 0.211030 79.500000 6.500000 0.000000 9 1 43
1.876906 1.069354 0.211030 80.500000 6.500000 0.000000 9 1 43
1.876906 1.069354 0.211030 81.500000 6.500000 0.000000 9 1 43
1.876906 1.069354 0.211030 82.500000 6.500000 0.000000 9 1 43
1.876906 1.069354 0.211030 83.500000 6.500000 0.000000 9 1 43
1.876906 1.069354 0.211030 84.500000 6.500000 0.000000 9 1 43
1.876906 1.069354 0.211030 85.500000 6.500000 0.000000 9 1 43
1.876906 1.069354 0.211030 86.500000 6.500000 0.000000 9 1 43
1.876906 1.069354 0.211030 87.500000 6.500000 0.000000 9 1 43
1.876906 1.069354 0.211030 88.500000 6.500000 0.000000 9 1 43
1.876906 1.069354 0.211030 89.500000 6.500000 0.000000 9 1 43
1.876906 1.069354 0.211030 90.500000 6.500000 0.000000 9 1 43
1.876906 1.069354 0.211030 91.500000 6.500000 0.000000 9 1 43
1.876906 1.069354 0.211030 92.500000 6.500000 0.000000 9 1 43
1.876906 1.069354 0.211030 93.500000 6.500000 0.000000 9 1 43
1.876906 1.069354 0.211030 94.500000 6.500000 0.000000 9 1 43
1.876906 1.069354 0.211030 95.500000 6.500000 0.000000 9 1 43
1.876906 1.069354 0.211030 96.500000 6.500000 0.000000 9 1 43
1.876906 1.069354 0.211030 97.500000 6.500000 0.000000 9 1 43
1.876906 1.069354 0.211030 98.500000 6.500000 0.000000 9 1 43
1.876906 1.069354 0.211030 99.500000 6.500000 0.000000 9 1 43
3.091367 1.054778 4.399554 0.500000 7.500000 0.000000 7 1 43
3.091367 1.054778 4.399554 1.500000 7.500000 0.000000 7 1 43
3.091367 1.054778 4.399554 2.500000 7.500000 0.000000 7 1 43
3.091367 1.054778 4.399554 3.500000 7.500000 0.000000 7 1 43
3.091367 1.054778 4.399554 4.500000 7.500000 0.000000 7 1 43
3.091367 1.054778 4.399554 5.500000 7.500000 0.000000 7 1 43
3.091367 1.054778 4.399554 6.500000 7.500000 0.000000 7 1 43
3.091367 1.054778 4.399554 7.500000 7.500000 0.000000 7 1 43
3.091367 1.054778 4.399554 8.500000 7.500000 0.000000 7 1 43
3.091367 1.054778 4.399554 9.500000 7.500000 0.000000 7 1 43
3.091367 1.054778 4.399554 10.500000 7.500000 0.000000 7 1 43
3.091367 1.054778 4.399554 11.500000 7.500000 0.000000 7 1 43
3.091367 1.054778 4.399554 12.500000 7.500000 0.000000 7 1 43
3.091367 1.054778 4.399554 13.500000 7.500000 0.000000 7 1 43
3.091367 1.054778 4.399554 14.500000 7.500000 0.000000 7 1 43
3.091367 1.054778 4.399554 15.500000 7.500000 0.000000 7 1 43
3.091367 1.054778 4.399554 16.500000 7.500000 0.000000 7 1 43
3.091367 1.054778 4.399554 17.500000 7.500000 0.000000 7 1 43
3.091367 1.054778 4.399554 18.500000 7.500000 0.000000 7 1 43
3.091367 1.054778 4.399554 19.500000 7.500000 0.000000 7 1 43
3.091367 1.054778 4.399554 20.500000 7.500000 0.000000 7 1 43
3.091367 1.054778 4.399554 21.500000 7.500000 0.000000 7 1 43
3.091367 1.054778 4.399554 22.500000 7.500000 0.000000 7 1 43
3.091367 1.054778 4.399554 23.500000 7.500000 0.000000 7 1 43
3.091367 1.054778 4.399554 24.500000 7.500000 0.000000 7 1 43
3.091367 1.054778 4.399554 25.500000 7.500000 0.000000 7 1 43
3.091367 1.054778 4.399554 26.500000 7.500000 0.000000 7 1 43
3.091367 1.054778 4.399554 27.500000 7.500000 0.000000 7 1 43
3.091367 1.054778 4.399554 28.500000 7.500000 0.000000 7 1 43
3.091367 1.054778 4.399554 29.500000 7.500000 0.000000 7 1 43
3.091367 1.054778 4.399554 30.500000 7.500000 0.000000 7 1 43
3.091367 1.054778 4.399554 31.500000 7.500000 0.000000 7 1 43
3.091367 1.054778 4.399554 32.500000 7.500000 0.000000 7 1 43
3.091367 1.054778 4.399554 33.500000 7.500000 0.000000 7 1 43
3.091367 1.054778 4.399554 34.500000 7.500000 0.000000 7 1 43
3.091367 1.054778 4.399554 35.500000 7.500000 0.000000 7 1 43
3.091367 1.054778 4.399554 36.500000 7.500000 0.000000 7 1 43
3.091367 1.054778 4.399554 37.500000 7.500000 0.000000 7 1 43
3.091367 1.054778 4.399554 38.500000 7.500000 0.000000 7 1 43
3.091367 1.054778 4.399554 39.500000 7.500000 0.000000 7 1 43
3.091367 1.054778 4.399554 40.500000 7.500000 0.000000 7 1 43
1.876906 1.069354 0.211030 41.500000 7.500000 0.000000 9 1 43
1.876906 1.069354 0.211030 42.500000 7.500000 0.000000 9 1 43
1.876906 1.069354 0.211030 43.500000 7.500000 0.000000 9 1 43
1.876906 1.069354 0.211030 44.500000 7.500000 0.000000 9 1 43
1.876906 1.069354 0.211030 45.500000 7.500000 0.000000 9 1 43
1.876906 1.069354 0.211030 46.500000 7.500000 0.000000 9 1 43
1.876906 1.069354 0.211030 47.500000 7.500000 0.000000 9 1 43
1.876906 1.069354 0.211030 48.500000 7.500000 0.000000 9 1 43
1.876906 1.069354 0.211030 49.500000 7.500000 0.000000 9 1 43
1.876906 1.069354 0.211030 50.500000 7.500000 0.000000 9 1 43
1.876906 1.069354 0.211030 51.500000 7.500000 0.000000 9 1 43
1.876906 1.069354 0.211030 52.500000 7.500000 0.000000 9 1 43
1.876906 1.069354 0.211030 53.500000 7.500000 0.000000 9 1 43
1.876906 1.069354 0.211030 54.500000 7.500000 0.000000 9 1 43
1.876906 1.069354 0.211030 55.500000 7.500000 0.000000 9 1 43
1.876906 1.069354 0.211030 56.500000 7.500000 0.000000 9 1 43
1.876906 1.069354 0.211030 57.500000 7.500000 0.000000 9 1 43
1.876906 1.069354 0.211030 58.500000 7.500000 0.000000 9 1 43
1.876906 1.069354 0.211030 59.500000 7.500000 0.000000 9 1 43
1.876906 1.069354 0.211030 60.500000 7.500000 0.000000 9 1 43
1.876906 1.069354 0.211030 61.500000 7.500000 0.000000 9 1 43
1.876906 1.069354 0.211030 62.500000 7.500000 0.000000 9 1 43
1.876906 1.069354 0.211030 63.500000 7.500000 0.000000 9 1 43
1.876906 1.069354 0.211030 64.500000 7.500000 0.000000 9 1 43
1.876906 1.069354 0.211030 65.500000 7.500000 0.000000 9 1 43
1.876906 1.069354 0.211030 66.500000 7.500000 0.000000 9 1 43
1.876906 1.069354 0.211030 67.500000 7.500000 0.000000 9 1 43
1.876906 1.069354 0.211030 68.500000 7.500000 0.000000 9 1 43
1.876906 1.069354 0.211030 69.500000 7.500000 0.000000 9 1 43
1.876906 1.069354 0.211030 70.500000 7.500000 0.000000 9 1 43
1.876906 1.069354 0.211030 71.500000 7.500000 0.000000 9 1 43
1.876906 1.069354 0.211030 72.500000 7.500000 0.000000 9 1 43
1.876906 1.069354 0.211030 73.500000 7.500000 0.000000 9 1 43
1.876906 1.069354 0.211030 74.500000 7.500000 0.000000 9 1 43
1.876906 1.069354 0.211030 75.500000 7.500000 0.000000 9 1 43
1.876906 1.069354 0.211030 76.500000 7.500000 0.000000 9 1 43
1.876906 1.069354 0.211030 77.500000 7.500000 0.000000 9 1 43
1.876906 1.069354 0.211030 78.500000 7.500000 0.000000 9 1 43
1.876906 1.069354 0.211030 79.500000 7.500000 0.000000 9 1 43
1.876906 1.069354 0.211030 80.500000 7.500000 0.000000 9 1 43
1.876906 1.069354 0.211030 81.500000 7.500000 0.000000 9 1 43
1.876906 1.069354 0.211030 82.500000 7.500000 0.000000 9 1 43
1.876906 1.069354 0.211030 83.500000 7.500000 0.000000 9 1 43
1.876906 1.069354 0.211030 84.500000 7.500000 0.000000 9 1 43
1.876906 1.069354 0.211030 85.500000 7.500000 0.000000 9 1 43
1.876906 1.069354 0.211030 86.500000 7.500000 0.000000 9 1 43
1.876906 1.069354 0.211030 87.500000 7.500000 0.000000 9 1 43
1.876906 1.069354 0.211030 88.500000 7.500000 0.000000 9 1 43
1.876906 1.069354 0.211030 89.500000 7.500000 0.000000 9 1 43
1.876906 1.069354 0.211030 90.500000 7.500000 0.000000 9 1 43
1.876906 1.069354 0.211030 91.500000 7.500000 0.000000 9 1 43
1.876906 1.069354 0.211030 92.500000 7.500000 0.000000 9 1 43
1.876906 1.069354 0.211030 93.500000 7.500000 0.000000 9 1 43
1.876906 1.069354 0.211030 94.500000 7.500000 0.000000 9 1 43
1.876906 1.069354 0.211030 95.500000 7.500000 0.000000 9 1 43
1.876906 1.069354 0.211030 96.500000 7.500000 0.000000 9 1 43
1.876906 1.069354 0.211030 97.500000 7.500000 0.000000 9 1 43
1.876906 1.069354 0.211030 98.500000 7.500000 0.000000 9 1 43
1.876906 1.069354 0.211030 99.500000 7.500000 0.000000 9 1 43
3.091367 1.054778 4.399554 0.500000 8.500000 0.000000 7 1 43
3.091367 1.054778 4.399554 1.500000 8.500000 0.000000 7 1 43
3.091367 1.054778 4.399554 2.500000 8.500000 0.000000 7 1 43
3.091367 1.054778 4.399554 3.500000 8.500000 0.000000 7 1 43
3.091367 1.054778 4.399554 4.500000 8.500000 0.000000 7 1 43
3.091367 1.054778 4.399554 5.500000 8.500000 0.000000 7 1 43
3.091367 1.054778 4.399554 6.500000 8.500000 0.000000 7 1 43
3.091367 1.054778 4.399554 7.500000 8.500000 0.000000 7 1 43
3.091367 1.054778 4.399554 8.500000 8.500000 0.000000 7 1 43
3.091367 1.054778 4.399554 9.500000 8.500000 0.000000 7 1 43
3.091367 1.054778 4.399554 10.500000 8.500000 0.000000 7 1 43
3.091367 1.054778 4.399554 11.500000 8.500000 0.000000 7 1 43
3.091367 1.054778 4.399554 12.500000 8.500000 0.000000 7 1 43
3.091367 1.054778 4.399554 13.500000 8.500000 0.000000 7 1 43
3.091367 1.054778 4.399554 14.500000 8.500000 0.000000 7 1 43
3.091367 1.054778 4.399554 15.500000 8.500000 0.000000 7 1 43
3.091367 1.054778 4.399554 16.500000 8.500000 0.000000 7 1 43
3.091367 1.054778 4.399554 17.500000 8.500000 0.000000 7 1 43
3.091367 1.054778 4.399554 18.500000 8.500000 0.000000 7 1 43
3.091367 1.054778 4.399554 19.500000 8.500000 0.000000 7 1 43
3.091367 1.054778 4.399554 20.500000 8.500000 0.000000 7 1 43
3.091367 1.054778 4.399554 21.500000 8.500000 0.000000 7 1 43
3.091367 1.054778 4.399554 22.500000 8.500000 0.000000 7 1 43
3.091367 1.054778 4.399554 23.500000 8.500000 0.000000 7 1 43
3.091367 1.054778 4.399554 24.500000 8.500000 0.000000 7 1 43
3.091367 1.054778 4.399554 25.500000 8.500000 0.000000 7 1 43
3.091367 1.054778 4.399554 26.500000 8.500000 0.000000 7 1 43
3.091367 1.054778 4.399554 27.500000 8.500000 0.000000 7 1 43
3.091367 1.054778 4.399554 28.500000 8.500000 0.000000 7 1 43
3.091367 1.054778 4.399554 29.500000 8.500000 0.000000 7 1 43
3.091367 1.054778 4.399554 30.500000 8.500000 0.000000 7 1 43
3.091367 1.054778 4.399554 31.500000 8.500000 0.000000 7 1 43
3.091367 1.054778 4.399554 32.500000 8.500000 0.000000 7 1 43
3.091367 1.054778 4.399554 33.500000 8.500000 0.000000 7 1 43
3.091367 1.054778 4.399554 34.500000 8.500000 0.000000 7 1 43
3.091367 1.054778 4.399554 35.500000 8.500000 0.000000 7 1 43
3.091367 1.054778 4.399554 36.500000 8.500000 0.000000 7 1 43
3.091367 1.054778 4.399554 37.500000 8.500000 0.000000 7 1 43
3.091367 1.054778 4.399554 38.500000 8.500000 0.000000 7 1 43
3.091367 1.054778 4.399554 39.500000 8.500000 0.000000 7 1 43
3.091367 1.054778 4.399554 40.500000 8.500000 0.000000 7 1 43
1.876906 1.069354 0.211030 41.500000 8.500000 0.000000 9 1 43
1.876906 1.069354 0.211030 42.500000 8.500000 0.000000 9 1 43
1.876906 1.069354 0.211030 43.500000 8.500000 0.000000 9 1 43
1.876906 1.069354 0.211030 44.500000 8.500000 0.000000 9 1 43
1.876906 1.069354 0.211030 45.500000 8.500000 0.000000 9 1 43
1.876906 1.069354 0.211030 46.500000 8.500000 0.000000 9 1 43
1.876906 1.069354 0.211030 47.500000 8.500000 0.000000 9 1 43
1.876906 1.069354 0.211030 48.500000 8.500000 0.000000 9 1 43
1.876906 1.069354 0.211030 49.500000 8.500000 0.000000 9 1 43
1.876906 1.069354 0.211030 50.500000 8.500000 0.000000 9 1 43
1.876906 1.069354 0.211030 51.500000 8.500000 0.000000 9 1 43
1.876906 1.069354 0.211030 52.500000 8.500000 0.000000 9 1 43
1.876906 1.069354 0.211030 53.500000 8.500000 0.000000 9 1 43
1.876906 1.069354 0.211030 54.500000 8.500000 0.000000 9 1 43
1.876906 1.069354 0.211030 55.500000 8.500000 0.000000 9 1 43
1.876906 1.069354 0.211030 56.500000 8.500000 0.000000 9 1 43
1.876906 1.069354 0.211030 57.500000 8.500000 0.000000 9 1 43
1.876906 1.069354 0.211030 58.500000 8.500000 0.000000 9 1 43
1.876906 1.069354 0.211030 59.500000 8.500000 0.000000 9 1 43
1.876906 1.069354 0.211030 60.500000 8.500000 0.000000 9 1 43
1.876906 1.069354 0.211030 61.500000 8.500000 0.000000 9 1 43
1.876906 1.069354 0.211030 62.500000 8.500000 0.000000 9 1 43
1.876906 1.069354 0.211030 63.500000 8.500000 0.000000 9 1 43
1.876906 1.069354 0.211030 64.500000 8.500000 0.000000 9 1 43
1.876906 1.069354 0.211030 65.500000 8.500000 0.000000 9 1 43
1.876906 1.069354 0.211030 66.500000 8.500000 0.000000 9 1 43
1.876906 1.069354 0.211030 67.500000 8.500000 0.000000 9 1 43
1.876906 1.069354 0.211030 68.500000 8.500000 0.000000 9 1 43
1.876906 1.069354 0.211030 69.500000 8.500000 0.000000 9 1 43
1.876906 1.069354 0.211030 70.500000 8.500000 0.000000 9 1 43
1.876906 1.069354 0.211030 71.500000 8.500000 0.000000 9 1 43
1.876906 1.069354 0.211030 72.500000 8.500000 0.000000 9 1 43
1.876906 1.069354 0.211030 73.500000 8.500000 0.000000 9 1 43
1.876906 1.069354 0.211030 74.500000 8.500000 0.000000 9 1 43
1.876906 1.069354 0.211030 75.500000 8.500000 0.000000 9 1 43
1.876906 1.069354 0.211030 76.500000 8.500000 0.000000 9 1 43
1.876906 1.069354 0.211030 77.500000 8.500000 0.000000 9 1 43
1.876906 1.069354 0.211030 78.500000 8.500000 0.000000 9 1 43
1.876906 1.069354 0.211030 79.500000 8.500000 0.000000 9 1 43
1.876906 1.069354 0.211030 80.500000 8.500000 0.000000 9 1 43
1.876906 1.069354 0.211030 81.500000 8.500000 0.000000 9 1 43
1.876906 1.069354 0.211030 82.500000 8.500000 0.000000 9 1 43
1.876906 1.069354 0.211030 83.500000 8.500000 0.000000 9 1 43
1.876906 1.069354 0.211030 84.500000 8.500000 0.000000 9 1 43
1.876906 1.069354 0.211030 85.500000 8.500000 0.000000 9 1 43
1.876906 1.069354 0.211030 86.500000 8.500000 0.000000 9 1 43
1.876906 1.069354 0.211030 87.500000 8.500000 0.000000 9 1 43
1.876906 1.069354 0.211030 88.500000 8.500000 0.000000 9 1 43
1.876906 1.069354 0.211030 89.500000 8.500000 0.000000 9 1 43
1.876906 1.069354 0.211030 90.500000 8.500000 0.000000 9 1 43
1.876906 1.069354 0.211030 91.500000 8.500000 0.000000 9 1 43
1.876906 1.069354 0.211030 92.500000 8.500000 0.000000 9 1 43
1.876906 1.069354 0.211030 93.500000 8.500000 0.000000 9 1 43
1.876906 1.069354 0.211030 94.500000 8.500000 0.000000 9 1 43
1.876906 1.069354 0.211030 95.500000 8.500000 0.000000 9 1 43
1.876906 1.069354 0.211030 96.500000 8.500000 0.000000 9 1 43
1.876906 1.069354 0.211030 97.500000 8.500000 0.000000 9 1 43
1.876906 1.069354 0.211030 98.500000 8.500000 0.000000 9 1 43
1.876906 1.069354 0.211030 99.500000 8.500000 0.000000 9 1 43
3.091367 1.054778 4.399554 0.500000 9.500000 0.000000 7 1 43
3.091367 1.054778 4.399554 1.500000 9.500000 0.000000 7 1 43
3.091367 1.054778 4.399554 2.500000 9.500000 0.000000 7 1 43
3.091367 1.054778 4.399554 3.500000 9.500000 0.000000 7 1 43
3.091367 1.054778 4.399554 4.500000 9.500000 0.000000 7 1 43
3.091367 1.054778 4.399554 5.500000 9.500000 0.000000 7 1 43
3.091367 1.054778 4.399554 6.500000 9.500000 0.000000 7 1 43
3.091367 1.054778 4.399554 7.500000 9.500000 0.000000 7 1 43
3.091367 1.054778 4.399554 8.500000 9.500000 0.000000 7 1 43
3.091367 1.054778 4.399554 9.500000 9.500000 0.000000 7 1 43
3.091367 1.054778 4.399554 10.500000 9.500000 0.000000 7 1 43
3.091367 1.054778 4.399554 11.500000 9.500000 0.000000 7 1 43
3.091367 1.054778 4.399554 12.500000 9.500000 0.000000 7 1 43
3.091367 1.054778 4.399554 13.500000 9.500000 0.000000 7 1 43
3.091367 1.054778 4.399554 14.500000 9.500000 0.000000 7 1 43
3.091367 1.054778 4.399554 15.500000 9.500000 0.000000 7 1 43
3.091367 1.054778 4.399554 16.500000 9.500000 0.000000 7 1 43
3.091367 1.054778 4.399554 17.500000 9.500000 0.000000 7 1 43
3.091367 1.054778 4.399554 18.500000 9.500000 0.000000 7 1 43
3.091367 1.054778 4.399554 19.500000 9.500000 0.000000 7 1 43
3.091367 1.054778 4.399554 20.500000 9.500000 0.000000 7 1 43
3.091367 1.054778 4.399554 21.500000 9.500000 0.000000 7 1 43
3.091367 1.054778 4.399554 22.500000 9.500000 0.000000 7 1 43
3.091367 1.054778 4.399554 23.500000 9.500000 0.000000 7 1 43
3.091367 1.054778 4.399554 24.500000 9.500000 0.000000 7 1 43
3.091367 1.054778 4.399554 25.500000 9.500000 0.000000 7 1 43
3.091367 1.054778 4.399554 26.500000 9.500000 0.000000 7 1 43
3.091367 1.054778 4.399554 27.500000 9.500000 0.000000 7 1 43
3.091367 1.054778 4.399554 28.500000 9.500000 0.000000 7 1 43
3.091367 1.054778 4.399554 29.500000 9.500000 0.000000 7 1 43
3.091367 1.054778 4.399554 30.500000 9.500000 0.000000 7 1 43
3.091367 1.054778 4.399554 31.500000 9.500000 0.000000 7 1 43
3.091367 1.054778 4.399554 32.500000 9.500000 0.000000 7 1 43
3.091367 1.054778 4.399554 33.500000 9.500000 0.000000 7 1 43
3.091367 1.054778 4.399554 34.500000 9.500000 0.000000 7 1 43
3.091367 1.054778 4.399554 35.500000 9.500000 0.000000 7 1 43
3.091367 1.054778 4.399554 36.500000 9.500000 0.000000 7 1 43
3.091367 1.054778 4.399554 37.500000 9.500000 0.000000 7 1 43
3.091367 1.054778 4.399554 38.500000 9.500000 0.000000 7 1 43
3.091367 1.054778 4.399554 39.500000 9.500000 0.000000 7 1 43
3.091367 1.054778 4.399554 40.500000 9.500000 0.000000 7 1 43
3.091367 1.054778 4.399554 41.500000 9.500000 0.000000 7 1 43
1.876906 1.069354 0.211030 42.500000 9.500000 0.000000 9 1 43
1.876906 1.069354 0.211030 43.500000 9.500000 0.000000 9 1 43
1.876906 1.069354 0.211030 44.500000 9.500000 0.000000 9 1 43
1.876906 1.069354 0.211030 45.500000 9.500000 0.000000 9 1 43
1.876906 1.069354 0.211030 46.500000 9.500000 0.000000 9 1 43
1.876906 1.069354 0.211030 47.500000 9.500000 0.000000 9 1 43
1.876906 1.069354 0.211030 48.500000 9.500000 0.000000 9 1 43
1.876906 1.069354 0.211030 49.500000 9.500000 0.000000 9 1 43
1.876906 1.069354 0.211030 50.500000 9.500000 0.000000 9 1 43
1.876906 1.069354 0.211030 51.500000 9.500000 0.000000 9 1 43
1.876906 1.069354 0.211030 52.500000 9.500000 0.000000 9 1 43
1.876906 1.069354 0.211030 53.500000 9.500000 0.000000 9 1 43
1.876906 1.069354 0.211030 54.500000 9.500000 0.000000 9 1 43
1.876906 1.069354 0.211030 55.500000 9.500000 0.000000 9 1 43
1.876906 1.069354 0.211030 56.500000 9.500000 0.000000 9 1 43
1.876906 1.069354 0.211030 57.500000 9.500000 0.000000 9 1 43
1.876906 1.069354 0.211030 58.500000 9.500000 0.000000 9 1 43
1.876906 1.069354 0.211030 59.500000 9.500000 0.000000 9 1 43
1.876906 1.069354 0.211030 60.500000 9.500000 0.000000 9 1 43
1.876906 1.069354 0.211030 61.500000 9.500000 0.000000 9 1 43
1.876906 1.069354 0.211030 62.500000 9.500000 0.000000 9 1 43
1.876906 1.069354 0.211030 63.500000 9.500000 0.000000 9 1 43
1.876906 1.069354 0.211030 64.500000 9.500000 0.000000 9 1 43
1.876906 1.069354 0.211030 65.500000 9.500000 0.000000 9 1 43
1.876906 1.069354 0.211030 66.500000 9.500000 0.000000 9 1 43
1.876906 1.069354 0.211030 67.500000 9.500000 0.000000 9 1 43
1.876906 1.069354 0.211030 68.500000 9.500000 0.000000 9 1 43
1.876906 1.069354 0.211030 69.500000 9.500000 0.000000 9 1 43
1.876906 1.069354 0.211030 70.500000 9.500000 0.000000 9 1 43
1.876906 1.069354 0.211030 71.500000 9.500000 0.000000 9 1 43
1.876906 1.069354 0.211030 72.500000 9.500000 0.000000 9 1 43
1.876906 1.069354 0.211030 73.500000 9.500000 0.000000 9 1 43
1.876906 1.069354 0.211030 74.500000 9.500000 0.000000 9 1 43
1.876906 1.069354 0.211030 75.500000 9.500000 0.000000 9 1 43
1.876906 1.069354 0.211030 76.500000 9.500000 0.000000 9 1 43
1.876906 1.069354 0.211030 77.500000 9.500000 0.000000 9 1 43
1.876906 1.069354 0.211030 78.500000 9.500000 0.000000 9 1 43
1.876906 1.069354 0.211030 79.500000 9.500000 0.000000 9 1 43
1.876906 1.069354 0.211030 80.500000 9.500000 0.000000 9 1 43
1.876906 1.069354 0.211030 81.500000 9.500000 0.000000 9 1 43
1.876906 1.069354 0.211030 82.500000 9.500000 0.000000 9 1 43
1.876906 1.069354 0.211030 83.500000 9.500000 0.000000 9 1 43
1.876906 1.069354 0.211030 84.500000 9.500000 0.000000 9 1 43
1.876906 1.069354 0.211030 85.500000 9.500000 0.000000 9 1 43
1.876906 1.069354 0.211030 86.500000 9.500000 0.000000 9 1 43
1.876906 1.069354 0.211030 87.500000 9.500000 0.000000 9 1 43
1.876906 1.069354 0.211030 88.500000 9.500000 0.000000 9 1 43
1.876906 1.069354 0.211030 89.500000 9.500000 0.000000 9 1 43
1.876906 1.069354 0.211030 90.500000 9.500000 0.000000 9 1 43
1.876906 1.069354 0.211030 91.500000 9.500000 0.000000 9 1 43
1.876906 1.069354 0.211030 92.500000 9.500000 0.000000 9 1 43
1.876906 1.069354 0.211030 93.500000 9.500000 0.000000 9 1 43
1.876906 1.069354 0.211030 94.500000 9.500000 0.000000 9 1 43
1.876906 1.069354 0.211030 95.500000 9.500000 0.000000 9 1 43
1.876906 1.069354 0.211030 96.500000 9.500000 0.000000 9 1 43
1.876906 1.069354 0.211030 97.500000 9.500000 0.000000 9 1 43
1.876906 1.069354 0.211030 98.500000 9.500000 0.000000 9 1 43
1.876906 1.069354 0.211030 99.500000 9.500000 0.000000 9 1 43
3.091367 1.054778 4.399554 0.500000 10.500000 0.000000 7 1 43
3.091367 1.054778 4.399554 1.500000 10.500000 0.000000 7 1 43
3.091367 1.054778 4.399554 2.500000 10.500000 0.000000 7 1 43
3.091367 1.054778 4.399554 3.500000 10.500000 0.000000 7 1 43
3.091367 1.054778 4.399554 4.500000 10.500000 0.000000 7 1 43
3.091367 1.054778 4.399554 5.500000 10.500000 0.000000 7 1 43
3.091367 1.054778 4.399554 6.500000 10.500000 0.000000 7 1 43
3.091367 1.054778 4.399554 7.500000 10.500000 0.000000 7 1 43
3.091367 1.054778 4.399554 8.500000 10.500000 0.000000 7 1 43
3.091367 1.054778 4.399554 9.500000 10.500000 0.000000 7 1 43
3.091367 1.054778 4.399554 10.500000 10.500000 0.000000 7 1 43
3.091367 1.054778 4.399554 11.500000 10.500000 0.000000 7 1 43
3.091367 1.054778 4.399554 12.500000 10.500000 0.000000 7 1 43
3.091367 1.054778 4.399554 13.500000 10.500000 0.000000 7 1 43
3.091367 1.054778 4.399554 14.500000 10.500000 0.000000 7 1 43
3.091367 1.054778 4.399554 15.500000 10.500000 0.000000 7 1 43
3.091367 1.054778 4.399554 16.500000 10.500000 0.000000 7 1 43
3.091367 1.054778 4.399554 17.500000 10.500000 0.000000 7 1 43
3.091367 1.054778 4.399554 18.500000 10.500000 0.000000 7 1 43
3.091367 1.054778 4.399554 19.500000 10.500000 0.000000 7 1 43
3.091367 1.054778 4.399554 20.500000 10.500000 0.000000 7 1 43
3.091367 1.054778 4.399554 21.500000 10.500000 0.000000 7 1 43
3.091367 1.054778 4.399554 22.500000 10.500000 0.000000 7 1 43
3.091367 1.054778 4.399554 23.500000 10.500000 0.000000 7 1 43
3.091367 1.054778 4.399554 24.500000 10.500000 0.000000 7 1 43
3.091367 1.054778 4.399554 25.500000 10.500000 0.000000 7 1 43
3.091367 1.054778 4.399554 26.500000 10.500000 0.000000 7 1 43
3.091367 1.054778 4.399554 27.500000 10.500000 0.000000 7 1 43
3.091367 1.054778 4.399554 28.500000 10.500000 0.000000 7 1 43
3.091367 1.054778 4.399554 29.500000 10.500000 0.000000 7 1 43
3.091367 1.054778 4.399554 30.500000 10.500000 0.000000 7 1 43
3.091367 1.054778 4.399554 31.500000 10.500000 0.000000 7 1 43
3.091367 1.054778 4.399554 32.500000 10.500000 0.000000 7 1 43
3.091367 1.054778 4.399554 33.500000 10.500000 0.000000 7 1 43
3.091367 1.054778 4.399554 34.500000 10.500000 0.000000 7 1 43
3.091367 1.054778 4.399554 35.500000 10.500000 0.000000 7 1 43
3.091367 1.054778 4.399554 36.500000 10.500000 0.000000 7 1 43
3.091367 1.054778 4.399554 37.500000 10.500000 0.000000 7 1 43
3.091367 1.054778 4.399554 38.500000 10.500000 0.000000 7 1 43
3.091367 1.054778 4.399554 39.500000 10.500000 0.000000 7 1 43
3.091367 1.054778 4.399554 40.500000 10.500000 0.000000 7 1 43
3.091367 1.054778 4.399554 41.500000 10.500000 0.000000 7 1 43
1.876906 1.069354 0.211030 42.500000 10.500000 0.000000 9 1 43
1.876906 1.069354 0.211030 43.500000 10.500000 0.000000 9 1 43
1.876906 1.069354 0.211030 44.500000 10.500000 0.000000 9 1 43
1.876906 1.069354 0.211030 45.500000 10.500000 0.000000 9 1 43
1.876906 1.069354 0.211030 46.500000 10.500000 0.000000 9 1 43
1.876906 1.069354 0.211030 47.500000 10.500000 0.000000 9 1 43
1.876906 1.069354 0.211030 48.500000 10.500000 0.000000 9 1 43
1.876906 1.069354 0.211030 49.500000 10.500000 0.000000 9 1 43
1.876906 1.069354 0.211030 50.500000 10.500000 0.000000 9 1 43
1.876906 1.069354 0.211030 51.500000 10.500000 0.000000 9 1 43
1.876906 1.069354 0.211030 52.500000 10.500000 0.000000 9 1 43
1.876906 1.069354 0.211030 53.500000 10.500000 0.000000 9 1 43
1.876906 1.069354 0.211030 54.500000 10.500000 0.000000 9 1 43
1.876906 1.069354 0.211030 55.500000 10.500000 0.000000 9 1 43
1.876906 1.069354 0.211030 56.500000 10.500000 0.000000 9 1 43
1.876906 1.069354 0.211030 57.500000 10.500000 0.000000 9 1 43
1.876906 1.069354 0.211030 58.500000 10.500000 0.000000 9 1 43
1.876906 1.069354 0.211030 59.500000 10.500000 0.000000 9 1 43
1.876906 1.069354 0.211030 60.500000 10.500000 0.000000 9 1 43
1.876906 1.069354 0.211030 61.500000 10.500000 0.000000 9 1 43
1.876906 1.069354 0.211030 62.500000 10.500000 0.000000 9 1 43
1.876906 1.069354 0.211030 63.500000 10.500000 0.000000 9 1 43
1.876906 1.069354 0.211030 64.500000 10.500000 0.000000 9 1 43
1.876906 1.069354 0.211030 65.500000 10.500000 0.000000 9 1 43
1.876906 1.069354 0.211030 66.500000 10.500000 0.000000 9 1 43
1.876906 1.069354 0.211030 67.500000 10.500000 0.000000 9 1 43
1.876906 1.069354 0.211030 68.500000 10.500000 0.000000 9 1 43
1.876906 1.069354 0.211030 69.500000 10.500000 0.000000 9 1 43
1.876906 1.069354 0.211030 70.500000 10.500000 0.000000 9 1 43
1.876906 1.069354 0.211030 71.500000 10.500000 0.000000 9 1 43
1.876906 1.069354 0.211030 72.500000 10.500000 0.000000 9 1 43
1.876906 1.069354 0.211030 73.500000 10.500000 0.000000 9 1 43
1.876906 1.069354 0.211030 74.500000 10.500000 0.000000 9 1 43
1.876906 1.069354 0.211030 75.500000 10.500000 0.000000 9 1 43
1.876906 1.069354 0.211030 76.500000 10.500000 0.000000 9 1 43
1.876906 1.069354 0.211030 77.500000 10.500000 0.000000 9 1 43
1.876906 1.069354 0.211030 78.500000 10.500000 0.000000 9 1 43
1.876906 1.069354 0.211030 79.500000 10.500000 0.000000 9 1 43
1.876906 1.069354 0.211030 80.500000 10.500000 0.000000 9 1 43
1.876906 1.069354 0.211030 81.500000 10.500000 0.000000 9 1 43
1.876906 1.069354 0.211030 82.500000 10.500000 0.000000 9 1 43
1.876906 1.069354 0.211030 83.500000 10.500000 0.000000 9 1 43
1.876906 1.069354 0.211030 84.500000 10.500000 0.000000 9 1 43
1.876906 1.069354 0.211030 85.500000 10.500000 0.000000 9 1 43
1.876906 1.069354 0.211030 86.500000 10.500000 0.000000 9 1 43
1.876906 1.069354 0.211030 87.500000 10.500000 0.000000 9 1 43
1.876906 1.069354 0.211030 88.500000 10.500000 0.000000 9 1 43
1.876906 1.069354 0.211030 89.500000 10.500000 0.000000 9 1 43
1.876906 1.069354 0.211030 90.500000 10.500000 0.000000 9 1 43
1.876906 1.069354 0.211030 91.500000 10.500000 0.000000 9 1 43
1.876906 1.069354 0.211030 92.500000 10.500000 0.000000 9 1 43
1.876906 1.069354 0.211030 93.500000 10.500000 0.000000 9 1 43
1.876906 1.069354 0.211030 94.500000 10.500000 0.000000 9 1 43
1.876906 1.069354 0.211030 95.500000 10.500000 0.000000 9 1 43
1.876906 1.069354 0.211030 96.500000 10.500000 0.000000 9 1 43
1.876906 1.069354 0.211030 97.500000 10.500000 0.000000 9 1 43
1.876906 1.069354 0.211030 98.500000 10.500000 0.000000 9 1 43
1.876906 1.069354 0.211030 99.500000 10.500000 0.000000 9 1 43
3.091367 1.054778 4.399554 0.500000 11.500000 0.000000 7 1 43
3.091367 1.054778 4.399554 1.500000 11.500000 0.000000 7 1 43
3.091367 1.054778 4.399554 2.500000 11.500000 0.000000 7 1 43
3.091367 1.054778 4.399554 3.500000 11.500000 0.000000 7 1 43
3.091367 1.054778 4.399554 4.500000 11.500000 0.000000 7 1 43
3.091367 1.054778 4.399554 5.500000 11.500000 0.000000 7 1 43
3.091367 1.054778 4.399554 6.500000 11.500000 0.000000 7 1 43
3.091367 1.054778 4.399554 7.500000 11.500000 0.000000 7 1 43
3.091367 1.054778 4.399554 8.500000 11.500000 0.000000 7 1 43
3.091367 1.054778 4.399554 9.500000 11.500000 0.000000 7 1 43
3.091367 1.054778 4.399554 10.500000 11.500000 0.000000 7 1 43
3.091367 1.054778 4.399554 11.500000 11.500000 0.000000 7 1 43
3.091367 1.054778 4.399554 12.500000 11.500000 0.000000 7 1 43
3.091367 1.054778 4.399554 13.500000 11.500000 0.000000 7 1 43
3.091367 1.054778 4.399554 14.500000 11.500000 0.000000 7 1 43
3.091367 1.054778 4.399554 15.500000 11.500000 0.000000 7 1 43
3.091367 1.054778 4.399554 16.500000 11.500000 0.000000 7 1 43
3.091367 1.054778 4.399554 17.500000 11.500000 0.000000 7 1 43
3.091367 1.054778 4.399554 18.500000 11.500000 0.000000 7 1 43
3.091367 1.054778 4.399554 19.500000 11.500000 0.000000 7 1 43
3.091367 1.054778 4.399554 20.500000 11.500000 0.000000 7 1 43
3.091367 1.054778 4.399554 21.500000 11.500000 0.000000 7 1 43
3.091367 1.054778 4.399554 22.500000 11.500000 0.000000 7 1 43
3.091367 1.054778 4.399554 23.500000 11.500000 0.000000 7 1 43
3.091367 1.054778 4.399554 24.500000 11.500000 0.000000 7 1 43
3.091367 1.054778 4.399554 25.500000 11.500000 0.000000 7 1 43
3.091367 1.054778 4.399554 26.500000 11.500000 0.000000 7 1 43
3.091367 1.054778 4.399554 27.500000 11.500000 0.000000 7 1 43
3.091367 1.054778 4.399554 28.500000 11.500000 0.000000 7 1 43
3.091367 1.054778 4.399554 29.500000 11.500000 0.000000 7 1 43
3.091367 1.054778 4.399554 30.500000 11.500000 0.000000 7 1 43
3.091367 1.054778 4.399554 31.500000 11.500000 0.000000 7 1 43
3.091367 1.054778 4.399554 32.500000 11.500000 0.000000 7 1 43
3.091367 1.054778 4.399554 33.500000 11.500000 0.000000 7 1 43
3.091367 1.054778 4.399554 34.500000 11.500000 0.000000 7 1 43
3.091367 1.054778 4.399554 35.500000 11.500000 0.000000 7 1 43
3.091367 1.054778 4.399554 36.500000 11.500000 0.000000 7 1 43
3.091367 1.054778 4.399554 37.500000 11.500000 0.000000 7 1 43
3.091367 1.054778 4.399554 38.500000 11.500000 0.000000 7 1 43
3.091367 1.054778 4.399554 39.500000 11.500000 0.000000 7 1 43
3.091367 1.054778 4.399554 40.500000 11.500000 0.000000 7 1 43
3.091367 1.054778 4.399554 41.500000 11.500000 0.000000 7 1 43
1.876906 1.069354 0.211030 42.500000 11.500000 0.000000 9 1 43
1.876906 1.069354 0.211030 43.500000 11.500000 0.000000 9 1 43
1.876906 1.069354 0.211030 44.500000 11.500000 0.000000 9 1 43
1.876906 1.069354 0.211030 45.500000 11.500000 0.000000 9 1 43
1.876906 1.069354 0.211030 46.500000 11.500000 0.000000 9 1 43
1.876906 1.069354 0.211030 47.500000 11.500000 0.000000 9 1 43
1.876906 1.069354 0.211030 48.500000 11.500000 0.000000 9 1 43
1.876906 1.069354 0.211030 49.500000 11.500000 0.000000 9 1 43
1.876906 1.069354 0.211030 50.500000 11.500000 0.000000 9 1 43
1.876906 1.069354 0.211030 51.500000 11.500000 0.000000 9 1 43
1.876906 1.069354 0.211030 52.500000 11.500000 0.000000 9 1 43
1.876906 1.069354 0.211030 53.500000 11.500000 0.000000 9 1 43
1.876906 1.069354 0.211030 54.500000 11.500000 0.000000 9 1 43
1.876906 1.069354 0.211030 55.500000 11.500000 0.000000 9 1 43
1.876906 1.069354 0.211030 56.500000 11.500000 0.000000 9 1 43
1.876906 1.069354 0.211030 57.500000 11.500000 0.000000 9 1 43
1.876906 1.069354 0.211030 58.500000 11.500000 0.000000 9 1 43
1.876906 1.069354 0.211030 59.500000 11.500000 0.000000 9 1 43
1.876906 1.069354 0.211030 60.500000 11.500000 0.000000 9 1 43
1.876906 1.069354 0.211030 61.500000 11.500000 0.000000 9 1 43
1.876906 1.069354 0.211030 62.500000 11.500000 0.000000 9 1 43
1.876906 1.069354 0.211030 63.500000 11.500000 0.000000 9 1 43
1.876906 1.069354 0.211030 64.500000 11.500000 0.000000 9 1 43
1.876906 1.069354 0.211030 65.500000 11.500000 0.000000 9 1 43
1.876906 1.069354 0.211030 66.500000 11.500000 0.000000 9 1 43
1.876906 1.069354 0.211030 67.500000 11.500000 0.000000 9 1 43
1.876906 1.069354 0.211030 68.500000 11.500000 0.000000 9 1 43
1.876906 1.069354 0.211030 69.500000 11.500000 0.000000 9 1 43
1.876906 1.069354 0.211030 70.500000 11.500000 0.000000 9 1 43
1.876906 1.069354 0.211030 71.500000 11.500000 0.000000 9 1 43
1.876906 1.069354 0.211030 72.500000 11.500000 0.000000 9 1 43
1.876906 1.069354 0.211030 73.500000 11.500000 0.000000 9 1 43
1.876906 1.069354 0.211030 74.500000 11.500000 0.000000 9 1 43
1.876906 1.069354 0.211030 75.500000 11.500000 0.000000 9 1 43
1.876906 1.069354 0.211030 76.500000 11.500000 0.000000 9 1 43
1.876906 1.069354 0.211030 77.500000 11.500000 0.000000 9 1 43
1.876906 1.069354 0.211030 78.500000 11.500000 0.000000 9 1 43
1.876906 1.069354 0.211030 79.500000 11.500000 0.000000 9 1 43
1.876906 1.069354 0.211030 80.500000 11.500000 0.000000 9 1 43
1.876906 1.069354 0.211030 81.500000 11.500000 0.000000 9 1 43
1.876906 1.069354 0.211030 82.500000 11.500000 0.000000 9 1 43
1.876906 1.069354 0.211030 83.500000 11.500000 0.000000 9 1 43
1.876906 1.069354 0.211030 84.500000 11.500000 0.000000 9 1 43
1.876906 1.069354 0.211030 85.500000 11.500000 0.000000 9 1 43
1.876906 1.069354 0.211030 86.500000 11.500000 0.000000 9 1 43
1.876906 1.069354 0.211030 87.500000 11.500000 0.000000 9 1 43
1.876906 1.069354 0.211030 88.500000 11.500000 0.000000 9 1 43
1.876906 1.069354 0.211030 89.500000 11.500000 0.000000 9 1 43
1.876906 1.069354 0.211030 90.500000 11.500000 0.000000 9 1 43
1.876906 1.069354 0.211030 91.500000 11.500000 0.000000 9 1 43
1.876906 1.069354 0.211030 92.500000 11.500000 0.000000 9 1 43
1.876906 1.069354 0.211030 93.500000 11.500000 0.000000 9 1 43
1.876906 1.069354 0.211030 94.500000 11.500000 0.000000 9 1 43
1.876906 1.069354 0.211030 95.500000 11.500000 0.000000 9 1 43
1.876906 1.069354 0.211030 96.500000 11.500000 0.000000 9 1 43
1.876906 1.069354 0.211030 97.500000 11.500000 0.000000 9 1 43
1.876906 1.069354 0.211030 98.500000 11.500000 0.000000 9 1 43
1.876906 1.069354 0.211030 99.500000 11.500000 0.000000 9 1 43
3.091367 1.054778 4.399554 0.500000 12.500000 0.000000 7 1 43
3.091367 1.054778 4.399554 1.500000 12.500000 0.000000 7 1 43
3.091367 1.054778 4.399554 2.500000 12.500000 0.000000 7 1 43
3.091367 1.054778 4.399554 3.500000 12.500000 0.000000 7 1 43
3.091367 1.054778 4.399554 4.500000 12.500000 0.000000 7 1 43
3.091367 1.054778 4.399554 5.500000 12.500000 0.000000 7 1 43
3.091367 1.054778 4.399554 6.500000 12.500000 0.000000 7 1 43
3.091367 1.054778 4.399554 7.500000 12.500000 0.000000 7 1 43
3.091367 1.054778 4.399554 8.500000 12.500000 0.000000 7 1 43
3.091367 1.054778 4.399554 9.500000 12.500000 0.000000 7 1 43
3.091367 1.054778 4.399554 10.500000 12.500000 0.000000 7 1 43
3.091367 1.054778 4.399554 11.500000 12.500000 0.000000 7 1 43
3.091367 1.054778 4.399554 12.500000 12.500000 0.000000 7 1 43
3.091367 1.054778 4.399554 13.500000 12.500000 0.000000 7 1 43
3.091367 1.054778 4.399554 14.500000 12.500000 0.000000 7 1 43
3.091367 1.054778 4.399554 15.500000 12.500000 0.000000 7 1 43
3.091367 1.054778 4.399554 16.500000 12.500000 0.000000 7 1 43
3.091367 1.054778 4.399554 17.500000 12.500000 0.000000 7 1 43
3.091367 1.054778 4.399554 18.500000 12.500000 0.000000 7 1 43
3.091367 1.054778 4.399554 19.500000 12.500000 0.000000 7 1 43
3.091367 1.054778 4.399554 20.500000 12.500000 0.000000 7 1 43
3.091367 1.054778 4.399554 21.500000 12.500000 0.000000 7 1 43
3.091367 1.054778 4.399554 22.500000 12.500000 0.000000 7 1 43
3.091367 1.054778 4.399554 23.500000 12.500000 0.000000 7 1 43
3.091367 1.054778 4.399554 24.500000 12.500000 0.000000 7 1 43
3.091367 1.054778 4.399554 25.500000 12.500000 0.000000 7 1 43
3.091367 1.054778 4.399554 26.500000 12.500000 0.000000 7 1 43
3.091367 1.054778 4.399554 27.500000 12.500000 0.000000 7 1 43
3.091367 1.054778 4.399554 28.500000 12.500000 0.000000 7 1 43
3.091367 1.054778 4.399554 29.500000 12.500000 0.000000 7 1 43
3.091367 1.054778 4.399554 30.500000 12.500000 0.000000 7 1 43
3.091367 1.054778 4.399554 31.500000 12.500000 0.000000 7 1 43
3.091367 1.054778 4.399554 32.500000 12.500000 0.000000 7 1 43
3.091367 1.054778 4.399554 33.500000 12.500000 0.000000 7 1 43
3.091367 1.054778 4.399554 34.500000 12.500000 0.000000 7 1 43
3.091367 1.054778 4.399554 35.500000 12.500000 0.000000 7 1 43
3.091367 1.054778 4.399554 36.500000 12.500000 0.000000 7 1 43
3.091367 1.054778 4.399554 37.500000 12.500000 0.000000 7 1 43
3.091367 1.054778 4.399554 38.500000 12.500000 0.000000 7 1 43
3.091367 1.054778 4.399554 39.500000 12.500000 0.000000 7 1 43
3.091367 1.054778 4.399554 40.500000 12.500000 0.000000 7 1 43
3.091367 1.054778 4.399554 41.500000 12.500000 0.000000 7 1 43
1.876906 1.069354 0.211030 42.500000 12.500000 0.000000 9 1 43
1.876906 1.069354 0.211030 43.500000 12.500000 0.000000 9 1 43
1.876906 1.069354 0.211030 44.500000 12.500000 0.000000 9 1 43
1.876906 1.069354 0.211030 45.500000 12.500000 0.000000 9 1 43
1.876906 1.069354 0.211030 46.500000 12.500000 0.000000 9 1 43
1.876906 1.069354 0.211030 47.500000 12.500000 0.000000 9 1 43
1.876906 1.069354 0.211030 48.500000 12.500000 0.000000 9 1 43
1.876906 1.069354 0.211030 49.500000 12.500000 0.000000 9 1 43
1.876906 1.069354 0.211030 50.500000 12.500000 0.000000 9 1 43
1.876906 1.069354 0.211030 51.500000 12.500000 0.000000 9 1 43
1.876906 1.069354 0.211030 52.500000 12.500000 0.000000 9 1 43
1.876906 1.069354 0.211030 53.500000 12.500000 0.000000 9 1 43
1.876906 1.069354 0.211030 54.500000 12.500000 0.000000 9 1 43
1.876906 1.069354 0.211030 55.500000 12.500000 0.000000 9 1 43
1.876906 1.069354 0.211030 56.500000 12.500000 0.000000 9 1 43
1.876906 1.069354 0.211030 57.500000 12.500000 0.000000 9 1 43
1.876906 1.069354 0.211030 58.500000 12.500000 0.000000 9 1 43
1.876906 1.069354 0.211030 59.500000 12.500000 0.000000 9 1 43
1.876906 1.069354 0.211030 60.500000 12.500000 0.000000 9 1 43
1.876906 1.069354 0.211030 61.500000 12.500000 0.000000 9 1 43
1.876906 1.069354 0.211030 62.500000 12.500000 0.000000 9 1 43
1.876906 1.069354 0.211030 63.500000 12.500000 0.000000 9 1 43
1.876906 1.069354 0.211030 64.500000 12.500000 0.000000 9 1 43
1.876906 1.069354 0.211030 65.500000 12.500000 0.000000 9 1 43
1.876906 1.069354 0.211030 66.500000 12.500000 0.000000 9 1 43
1.876906 1.069354 0.211030 67.500000 12.500000 0.000000 9 1 43
1.876906 1.069354 0.211030 68.500000 12.500000 0.000000 9 1 43
1.876906 1.069354 0.211030 69.500000 12.500000 0.000000 9 1 43
1.876906 1.069354 0.211030 70.500000 12.500000 0.000000 9 1 43
1.876906 1.069354 0.211030 71.500000 12.500000 0.000000 9 1 43
1.876906 1.069354 0.211030 72.500000 12.500000 0.000000 9 1 43
1.876906 1.069354 0.211030 73.500000 12.500000 0.000000 9 1 43
1.876906 1.069354 0.211030 74.500000 12.500000 0.000000 9 1 43
1.876906 1.069354 0.211030 75.500000 12.500000 0.000000 9 1 43
1.876906 1.069354 0.211030 76.500000 12.500000 0.000000 9 1 43
1.876906 1.069354 0.211030 77.500000 12.500000 0.000000 9 1 43
1.876906 1.069354 0.211030 78.500000 12.500000 0.000000 9 1 43
1.876906 1.069354 0.211030 79.500000 12.500000 0.000000 9 1 43
1.876906 1.069354 0.211030 80.500000 12.500000 0.000000 9 1 43
1.876906 1.069354 0.211030 81.500000 12.500000 0.000000 9 1 43
1.876906 1.069354 0.211030 82.500000 12.500000 0.000000 9 1 43
1.876906 1.069354 0.211030 83.500000 12.500000 0.000000 9 1 43
1.876906 1.069354 0.211030 84.500000 12.500000 0.000000 9 1 43
1.876906 1.069354 0.211030 85.500000 12.500000 0.000000 9 1 43
1.876906 1.069354 0.211030 86.500000 12.500000 0.000000 9 1 43
1.876906 1.069354 0.211030 87.500000 12.500000 0.000000 9 1 43
1.876906 1.069354 0.211030 88.500000 12.500000 0.000000 9 1 43
1.876906 1.069354 0.211030 89.500000 12.500000 0.000000 9 1 43
1.876906 1.069354 0.211030 90.500000 12.500000 0.000000 9 1 43
1.876906 1.069354 0.211030 91.500000 12.500000 0.000000 9 1 43
1.876906 1.069354 0.211030 92.500000 12.500000 0.000000 9 1 43
1.876906 1.069354 0.211030 93.500000 12.500000 0.000000 9 1 43
1.876906 1.069354 0.211030 94.500000 12.500000 0.000000 9 1 43
1.876906 1.069354 0.211030 95.500000 12.500000 0.000000 9 1 43
1.876906 1.069354 0.211030 96.500000 12.500000 0.000000 9 1 43
1.876906 1.069354 0.211030 97.500000 12.500000 0.000000 9 1 43
1.876906 1.069354 0.211030 98.500000 12.500000 0.000000 9 1 43
1.876906 1.069354 0.211030 99.500000 12.500000 0.000000 9 1 43
3.091367 1.054778 4.399554 0.500000 13.500000 0.000000 7 1 43
3.091367 1.054778 4.399554 1.500000 13.500000 0.000000 7 1 43
3.091367 1.054778 4.399554 2.500000 13.500000 0.000000 7 1 43
3.091367 1.054778 4.399554 3.500000 13.500000 0.000000 7 1 43
3.091367 1.054778 4.399554 4.500000 13.500000 0.000000 7 1 43
3.091367 1.054778 4.399554 5.500000 13.500000 0.000000 7 1 43
3.091367 1.054778 4.399554 6.500000 13.500000 0.000000 7 1 43
3.091367 1.054778 4.399554 7.500000 13.500000 0.000000 7 1 43
3.091367 1.054778 4.399554 8.500000 13.500000 0.000000 7 1 43
3.091367 1.054778 4.399554 9.500000 13.500000 0.000000 7 1 43
3.091367 1.054778 4.399554 10.500000 13.500000 0.000000 7 1 43
3.091367 1.054778 4.399554 11.500000 13.500000 0.000000 7 1 43
3.091367 1.054778 4.399554 12.500000 13.500000 0.000000 7 1 43
3.091367 1.054778 4.399554 13.500000 13.500000 0.000000 7 1 43
3.091367 1.054778 4.399554 14.500000 13.500000 0.000000 7 1 43
3.091367 1.054778 4.399554 15.500000 13.500000 0.000000 7 1 43
3.091367 1.054778 4.399554 16.500000 13.500000 0.000000 7 1 43
3.091367 1.054778 4.399554 17.500000 13.500000 0.000000 7 1 43
3.091367 1.054778 4.399554 18.500000 13.500000 0.000000 7 1 43
3.091367 1.054778 4.399554 19.500000 13.500000 0.000000 7 1 43
3.091367 1.054778 4.399554 20.500000 13.500000 0.000000 7 1 43
3.091367 1.054778 4.399554 21.500000 13.500000 0.000000 7 1 43
3.091367 1.054778 4.399554 22.500000 13.500000 0.000000 7 1 43
3.091367 1.054778 4.399554 23.500000 13.500000 0.000000 7 1 43
3.091367 1.054778 4.399554 24.500000 13.500000 0.000000 7 1 43
3.091367 1.054778 4.399554 25.500000 13.500000 0.000000 7 1 43
3.091367 1.054778 4.399554 26.500000 13.500000 0.000000 7 1 43
3.091367 1.054778 4.399554 27.500000 13.500000 0.000000 7 1 43
3.091367 1.054778 4.399554 28.500000 13.500000 0.000000 7 1 43
3.091367 1.054778 4.399554 29.500000 13.500000 0.000000 7 1 43
3.091367 1.054778 4.399554 30.500000 13.500000 0.000000 7 1 43
3.091367 1.054778 4.399554 31.500000 13.500000 0.000000 7 1 43
3.091367 1.054778 4.399554 32.500000 13.500000 0.000000 7 1 43
3.091367 1.054778 4.399554 33.500000 13.500000 0.000000 7 1 43
3.091367 1.054778 4.399554 34.500000 13.500000 0.000000 7 1 43
3.091367 1.054778 4.399554 35.500000 13.500000 0.000000 7 1 43
3.091367 1.054778 4.399554 36.500000 13.500000 0.000000 7 1 43
3.091367 1.054778 4.399554 37.500000 13.500000 0.000000 7 1 43
3.091367 1.054778 4.399554 38.500000 13.500000 0.000000 7 1 43
3.091367 1.054778 4.399554 39.500000 13.500000 0.000000 7 1 43
3.091367 1.054778 4.399554 40.500000 13.500000 0.000000 7 1 43
3.091367 1.054778 4.399554 41.500000 13.500000 0.000000 7 1 43
3.091367 1.054778 4.399554 42.500000 13.500000 0.000000 7 1 43
1.876906 1.069354 0.211030 43.500000 13.500000 0.000000 9 1 43
1.876906 1.069354 0.211030 44.500000 13.500000 0.000000 9 1 43
1.876906 1.069354 0.211030 45.500000 13.500000 0.000000 9 1 43
1.876906 1.069354 0.211030 46.500000 13.500000 0.000000 9 1 43
1.876906 1.069354 0.211030 47.500000 13.500000 0.000000 9 1 43
1.876906 1.069354 0.211030 48.500000 13.500000 0.000000 9 1 43
1.876906 1.069354 0.211030 49.500000 13.500000 0.000000 9 1 43
1.876906 1.069354 0.211030 50.500000 13.500000 0.000000 9 1 43
1.876906 1.069354 0.211030 51.500000 13.500000 0.000000 9 1 43
1.876906 1.069354 0.211030 52.500000 13.500000 0.000000 9 1 43
1.876906 1.069354 0.211030 53.500000 13.500000 0.000000 9 1 43
1.876906 1.069354 0.211030 54.500000 13.500000 0.000000 9 1 43
1.876906 1.069354 0.211030 55.500000 13.500000 0.000000 9 1 43
1.876906 1.069354 0.211030 56.500000 13.500000 0.000000 9 1 43
1.876906 1.069354 0.211030 57.500000 13.500000 0.000000 9 1 43
1.876906 1.069354 0.211030 58.500000 13.500000 0.000000 9 1 43
1.876906 1.069354 0.211030 59.500000 13.500000 0.000000 9 1 43
1.876906 1.069354 0.211030 60.500000 13.500000 0.000000 9 1 43
1.876906 1.069354 0.211030 61.500000 13.500000 0.000000 9 1 43
1.876906 1.069354 0.211030 62.500000 13.500000 0.000000 9 1 43
1.876906 1.069354 0.211030 63.500000 13.500000 0.000000 9 1 43
1.876906 1.069354 0.211030 64.500000 13.500000 0.000000 9 1 43
1.876906 1.069354 0.211030 65.500000 13.500000 0.000000 9 1 43
1.876906 1.069354 0.211030 66.500000 13.500000 0.000000 9 1 43
1.876906 1.069354 0.211030 67.500000 13.500000 0.000000 9 1 43
1.876906 1.069354 0.211030 68.500000 13.500000 0.000000 9 1 43
1.876906 1.069354 0.211030 69.500000 13.500000 0.000000 9 1 43
1.876906 1.069354 0.211030 70.500000 13.500000 0.000000 9 1 43
1.876906 1.069354 0.211030 71.500000 13.500000 0.000000 9 1 43
1.876906 1.069354 0.211030 72.500000 13.500000 0.000000 9 1 43
1.876906 1.069354 0.211030 73.500000 13.500000 0.000000 9 1 43
1.876906 1.069354 0.211030 74.500000 13.500000 0.000000 9 1 43
1.876906 1.069354 0.211030 75.500000 13.500000 0.000000 9 1 43
1.876906 1.069354 0.211030 76.500000 13.500000 0.000000 9 1 43
1.876906 1.069354 0.211030 77.500000 13.500000 0.000000 9 1 43
1.876906 1.069354 0.211030 78.500000 13.500000 0.000000 9 1 43
1.876906 1.069354 0.211030 79.500000 13.500000 0.000000 9 1 43
1.876906 1.069354 0.211030 80.500000 13.500000 0.000000 9 1 43
1.876906 1.069354 0.211030 81.500000 13.500000 0.000000 9 1 43
1.876906 1.069354 0.211030 82.500000 13.500000 0.000000 9 1 43
1.876906 1.069354 0.211030 83.500000 13.500000 0.000000 9 1 43
1.876906 1.069354 0.211030 84.500000 13.500000 0.000000 9 1 43
1.876906 1.069354 0.211030 85.500000 13.500000 0.000000 9 1 43
1.876906 1.069354 0.211030 86.500000 13.500000 0.000000 9 1 43
1.876906 1.069354 0.211030 87.500000 13.500000 0.000000 9 1 43
1.876906 1.069354 0.211030 88.500000 13.500000 0.000000 9 1 43
1.876906 1.069354 0.211030 89.500000 13.500000 0.000000 9 1 43
1.876906 1.069354 0.211030 90.500000 13.500000 0.000000 9 1 43
1.876906 1.069354 0.211030 91.500000 13.500000 0.000000 9 1 43
1.876906 1.069354 0.211030 92.500000 13.500000 0.000000 9 1 43
1.876906 1.069354 0.211030 93.500000 13.500000 0.000000 9 1 43
1.876906 1.069354 0.211030 94.500000 13.500000 0.000000 9 1 43
1.876906 1.069354 0.211030 95.500000 13.500000 0.000000 9 1 43
1.876906 1.069354 0.211030 96.500000 13.500000 0.000000 9 1 43
1.876906 1.069354 0.211030 97.500000 13.500000 0.000000 9 1 43
1.876906 1.069354 0.211030 98.500000 13.500000 0.000000 9 1 43
1.876906 1.069354 0.211030 99.500000 13.500000 0.000000 9 1 43
3.091367 1.054778 4.399554 0.500000 14.500000 0.000000 7 1 43
3.091367 1.054778 4.399554 1.500000 14.500000 0.000000 7 1 43
3.091367 1.054778 4.399554 2.500000 14.500000 0.000000 7 1 43
3.091367 1.054778 4.399554 3.500000 14.500000 0.000000 7 1 43
3.091367 1.054778 4.399554 4.500000 14.500000 0.000000 7 1 43
3.091367 1.054778 4.399554 5.500000 14.500000 0.000000 7 1 43
3.091367 1.054778 4.399554 6.500000 14.500000 0.000000 7 1 43
3.091367 1.054778 4.399554 7.500000 14.500000 0.000000 7 1 43
3.091367 1.054778 4.399554 8.500000 14.500000 0.000000 7 1 43
3.091367 1.054778 4.399554 9.500000 14.500000 0.000000 7 1 43
3.091367 1.054778 4.399554 10.500000 14.500000 0.000000 7 1 43
3.091367 1.054778 4.399554 11.500000 14.500000 0.000000 7 1 43
3.091367 1.054778 4.399554 12.500000 14.500000 0.000000 7 1 43
3.091367 1.054778 4.399554 13.500000 14.500000 0.000000 7 1 43
3.091367 1.054778 4.399554 14.500000 14.500000 0.000000 7 1 43
3.091367 1.054778 4.399554 15.500000 14.500000 0.000000 7 1 43
3.091367 1.054778 4.399554 16.500000 14.500000 0.000000 7 1 43
3.091367 1.054778 4.399554 17.500000 14.500000 0.000000 7 1 43
3.091367 1.054778 4.399554 18.500000 14.500000 0.000000 7 1 43
3.091367 1.054778 4.399554 19.500000 14.500000 0.000000 7 1 43
3.091367 1.054778 4.399554 20.500000 14.500000 0.000000 7 1 43
3.091367 1.054778 4.399554 21.500000 14.500000 0.000000 7 1 43
3.091367 1.054778 4.399554 22.500000 14.500000 0.000000 7 1 43
3.091367 1.054778 4.399554 23.500000 14.500000 0.000000 7 1 43
3.091367 1.054778 4.399554 24.500000 14.500000 0.000000 7 1 43
3.091367 1.054778 4.399554 25.500000 14.500000 0.000000 7 1 43
3.091367 1.054778 4.399554 26.500000 14.500000 0.000000 7 1 43
3.091367 1.054778 4.399554 27.500000 14.500000 0.000000 7 1 43
3.091367 1.054778 4.399554 28.500000 14.500000 0.000000 7 1 43
3.091367 1.054778 4.399554 29.500000 14.500000 0.000000 7 1 43
3.091367 1.054778 4.399554 30.500000 14.500000 0.000000 7 1 43
3.091367 1.054778 4.399554 31.500000 14.500000 0.000000 7 1 43
3.091367 1.054778 4.399554 32.500000 14.500000 0.000000 7 1 43
3.091367 1.054778 4.399554 33.500000 14.500000 0.000000 7 1 43
3.091367 1.054778 4.399554 34.500000 14.500000 0.000000 7 1 43
3.091367 1.054778 4.399554 35.500000 14.500000 0.000000 7 1 43
3.091367 1.054778 4.399554 36.500000 14.500000 0.000000 7 1 43
3.091367 1.054778 4.399554 37.500000 14.500000 0.000000 7 1 43
3.091367 1.054778 4.399554 38.500000 14.500000 0.000000 7 1 43
3.091367 1.054778 4.399554 39.500000 14.500000 0.000000 7 1 43
3.091367 1.054778 4.399554 40.500000 14.500000 0.000000 7 1 43
3.091367 1.054778 4.399554 41.500000 14.500000 0.000000 7 1 43
3.091367 1.054778 4.399554 42.500000 14.500000 0.000000 7 1 43
1.876906 1.069354 0.211030 43.500000 14.500000 0.000000 9 1 43
1.876906 1.069354 0.211030 44.500000 14.500000 0.000000 9 1 43
1.876906 1.069354 0.211030 45.500000 14.500000 0.000000 9 1 43
1.876906 1.069354 0.211030 46.500000 14.500000 0.000000 9 1 43
1.876906 1.069354 0.211030 47.500000 14.500000 0.000000 9 1 43
1.876906 1.069354 0.211030 48.500000 14.500000 0.000000 9 1 43
1.876906 1.069354 0.211030 49.500000 14.500000 0.000000 9 1 43
1.876906 1.069354 0.211030 50.500000 14.500000 0.000000 9 1 43
1.876906 1.069354 0.211030 51.500000 14.500000 0.000000 9 1 43
1.876906 1.069354 0.211030 52.500000 14.500000 0.000000 9 1 43
1.876906 1.069354 0.211030 53.500000 14.500000 0.000000 9 1 43
1.876906 1.069354 0.211030 54.500000 14.500000 0.000000 9 1 43
1.876906 1.069354 0.211030 55.500000 14.500000 0.000000 9 1 43
1.876906 1.069354 0.211030 56.500000 14.500000 0.000000 9 1 43
1.876906 1.069354 0.211030 57.500000 14.500000 0.000000 9 1 43
1.876906 1.069354 0.211030 58.500000 14.500000 0.000000 9 1 43
1.876906 1.069354 0.211030 59.500000 14.500000 0.000000 9 1 43
1.876906 1.069354 0.211030 60.500000 14.500000 0.000000 9 1 43
1.876906 1.069354 0.211030 61.500000 14.500000 0.000000 9 1 43
1.876906 1.069354 0.211030 62.500000 14.500000 0.000000 9 1 43
1.876906 1.069354 0.211030 63.500000 14.500000 0.000000 9 1 43
1.876906 1.069354 0.211030 64.500000 14.500000 0.000000 9 1 43
1.876906 1.069354 0.211030 65.500000 14.500000 0.000000 9 1 43
1.876906 1.069354 0.211030 66.500000 14.500000 0.000000 9 1 43
1.876906 1.069354 0.211030 67.500000 14.500000 0.000000 9 1 43
1.876906 1.069354 0.211030 68.500000 14.500000 0.000000 9 1 43
1.876906 1.069354 0.211030 69.500000 14.500000 0.000000 9 1 43
1.876906 1.069354 0.211030 70.500000 14.500000 0.000000 9 1 43
1.876906 1.069354 0.211030 71.500000 14.500000 0.000000 9 1 43
1.876906 1.069354 0.211030 72.500000 14.500000 0.000000 9 1 43
1.876906 1.069354 0.211030 73.500000 14.500000 0.000000 9 1 43
1.876906 1.069354 0.211030 74.500000 14.500000 0.000000 9 1 43
1.876906 1.069354 0.211030 75.500000 14.500000 0.000000 9 1 43
1.876906 1.069354 0.211030 76.500000 14.500000 0.000000 9 1 43
1.876906 1.069354 0.211030 77.500000 14.500000 0.000000 9 1 43
1.876906 1.069354 0.211030 78.500000 14.500000 0.000000 9 1 43
1.876906 1.069354 0.211030 79.500000 14.500000 0.000000 9 1 43
1.876906 1.069354 0.211030 80.500000 14.500000 0.000000 9 1 43
1.876906 1.069354 0.211030 81.500000 14.500000 0.000000 9 1 43
1.876906 1.069354 0.211030 82.500000 14.500000 0.000000 9 1 43
1.876906 1.069354 0.211030 83.500000 14.500000 0.000000 9 1 43
1.876906 1.069354 0.211030 84.500000 14.500000 0.000000 9 1 43
1.876906 1.069354 0.211030 85.500000 14.500000 0.000000 9 1 43
1.876906 1.069354 0.211030 86.500000 14.500000 0.000000 9 1 43
1.876906 1.069354 0.211030 87.500000 14.500000 0.000000 9 1 43
1.876906 1.069354 0.211030 88.500000 14.500000 0.000000 9 1 43
1.876906 1.069354 0.211030 89.500000 14.500000 0.000000 9 1 43
1.876906 1.069354 0.211030 90.500000 14.500000 0.000000 9 1 43
1.876906 1.069354 0.211030 91.500000 14.500000 0.000000 9 1 43
1.876906 1.069354 0.211030 92.500000 14.500000 0.000000 9 1 43
1.876906 1.069354 0.211030 93.500000 14.500000 0.000000 9 1 43
1.876906 1.069354 0.211030 94.500000 14.500000 0.000000 9 1 43
1.876906 1.069354 0.211030 95.500000 14.500000 0.000000 9 1 43
1.876906 1.069354 0.211030 96.500000 14.500000 0.000000 9 1 43
1.876906 1.069354 0.211030 97.500000 14.500000 0.000000 9 1 43
1.876906 1.069354 0.211030 98.500000 14.500000 0.000000 9 1 43
1.876906 1.069354 0.211030 99.500000 14.500000 0.000000 9 1 43
3.091367 1.054778 4.399554 0.500000 15.500000 0.000000 7 1 43
3.091367 1.054778 4.399554 1.500000 15.500000 0.000000 7 1 43
3.091367 1.054778 4.399554 2.500000 15.500000 0.000000 7 1 43
3.091367 1.054778 4.399554 3.500000 15.500000 0.000000 7 1 43
3.091367 1.054778 4.399554 4.500000 15.500000 0.000000 7 1 43
3.091367 1.054778 4.399554 5.500000 15.500000 0.000000 7 1 43
3.091367 1.054778 4.399554 6.500000 15.500000 0.000000 7 1 43
3.091367 1.054778 4.399554 7.500000 15.500000 0.000000 7 1 43
3.091367 1.054778 4.399554 8.500000 15.500000 0.000000 7 1 43
3.091367 1.054778 4.399554 9.500000 15.500000 0.000000 7 1 43
3.091367 1.054778 4.399554 10.500000 15.500000 0.000000 7 1 43
3.091367 1.054778 4.399554 11.500000 15.500000 0.000000 7 1 43
3.091367 1.054778 4.399554 12.500000 15.500000 0.000000 7 1 43
3.091367 1.054778 4.399554 13.500000 15.500000 0.000000 7 1 43
3.091367 1.054778 4.399554 14.500000 15.500000 0.000000 7 1 43
3.091367 1.054778 4.399554 15.500000 15.500000 0.000000 7 1 43
3.091367 1.054778 4.399554 16.500000 15.500000 0.000000 7 1 43
3.091367 1.054778 4.399554 17.500000 15.500000 0.000000 7 1 43
3.091367 1.054778 4.399554 18.500000 15.500000 0.000000 7 1 43
3.091367 1.054778 4.399554 19.500000 15.500000 0.000000 7 1 43
3.091367 1.054778 4.399554 20.500000 15.500000 0.000000 7 1 43
3.091367 1.054778 4.399554 21.500000 15.500000 0.000000 7 1 43
3.091367 1.054778 4.399554 22.500000 15.500000 0.000000 7 1 43
3.091367 1.054778 4.399554 23.500000 15.500000 0.000000 7 1 43
3.091367 1.054778 4.399554 24.500000 15.500000 0.000000 7 1 43
3.091367 1.054778 4.399554 25.500000 15.500000 0.000000 7 1 43
3.091367 1.054778 4.399554 26.500000 15.500000 0.000000 7 1 43
3.091367 1.054778 4.399554 27.500000 15.500000 0.000000 7 1 43
3.091367 1.054778 4.399554 28.500000 15.500000 0.000000 7 1 43
3.091367 1.054778 4.399554 29.500000 15.500000 0.000000 7 1 43
3.091367 1.054778 4.399554 30.500000 15.500000 0.000000 7 1 43
3.091367 1.054778 4.399554 31.500000 15.500000 0.000000 7 1 43
3.091367 1.054778 4.399554 32.500000 15.500000 0.000000 7 1 43
3.091367 1.054778 4.399554 33.500000 15.500000 0.000000 7 1 43
3.091367 1.054778 4.399554 34.500000 15.500000 0.000000 7 1 43
3.091367 1.054778 4.399554 35.500000 15.500000 0.000000 7 1 43
3.091367 1.054778 4.399554 36.500000 15.500000 0.000000 7 1 43
3.091367 1.054778 4.399554 37.500000 15.500000 0.000000 7 1 43
3.091367 1.054778 4.399554 38.500000 15.500000 0.000000 7 1 43
3.091367 1.054778 4.399554 39.500000 15.500000 0.000000 7 1 43
3.091367 1.054778 4.399554 40.500000 15.500000 0.000000 7 1 43
3.091367 1.054778 4.399554 41.500000 15.500000 0.000000 7 1 43
3.091367 1.054778 4.399554 42.500000 15.500000 0.000000 7 1 43
1.876906 1.069354 0.211030 43.500000 15.500000 0.000000 9 1 43
1.876906 1.069354 0.211030 44.500000 15.500000 0.000000 9 1 43
1.876906 1.069354 0.211030 45.500000 15.500000 0.000000 9 1 43
1.876906 1.069354 0.211030 46.500000 15.500000 0.000000 9 1 43
1.876906 1.069354 0.211030 47.500000 15.500000 0.000000 9 1 43
1.876906 1.069354 0.211030 48.500000 15.500000 0.000000 9 1 43
1.876906 1.069354 0.211030 49.500000 15.500000 0.000000 9 1 43
1.876906 1.069354 0.211030 50.500000 15.500000 0.000000 9 1 43
1.876906 1.069354 0.211030 51.500000 15.500000 0.000000 9 1 43
1.876906 1.069354 0.211030 52.500000 15.500000 0.000000 9 1 43
1.876906 1.069354 0.211030 53.500000 15.500000 0.000000 9 1 43
1.876906 1.069354 0.211030 54.500000 15.500000 0.000000 9 1 43
1.876906 1.069354 0.211030 55.500000 15.500000 0.000000 9 1 43
1.876906 1.069354 0.211030 56.500000 15.500000 0.000000 9 1 43
1.876906 1.069354 0.211030 57.500000 15.500000 0.000000 9 1 43
1.876906 1.069354 0.211030 58.500000 15.500000 0.000000 9 1 43
1.876906 1.069354 0.211030 59.500000 15.500000 0.000000 9 1 43
1.876906 1.069354 0.211030 60.500000 15.500000 0.000000 9 1 43
1.876906 1.069354 0.211030 61.500000 15.500000 0.000000 9 1 43
1.876906 1.069354 0.211030 62.500000 15.500000 0.000000 9 1 43
1.876906 1.069354 0.211030 63.500000 15.500000 0.000000 9 1 43
1.876906 1.069354 0.211030 64.500000 15.500000 0.000000 9 1 43
1.876906 1.069354 0.211030 65.500000 15.500000 0.000000 9 1 43
1.876906 1.069354 0.211030 66.500000 15.500000 0.000000 9 1 43
1.876906 1.069354 0.211030 67.500000 15.500000 0.000000 9 1 43
1.876906 1.069354 0.211030 68.500000 15.500000 0.000000 9 1 43
1.876906 1.069354 0.211030 69.500000 15.500000 0.000000 9 1 43
1.876906 1.069354 0.211030 70.500000 15.500000 0.000000 9 1 43
1.876906 1.069354 0.211030 71.500000 15.500000 0.000000 9 1 43
1.876906 1.069354 0.211030 72.500000 15.500000 0.000000 9 1 43
1.876906 1.069354 0.211030 73.500000 15.500000 0.000000 9 1 43
1.876906 1.069354 0.211030 74.500000 15.500000 0.000000 9 1 43
1.876906 1.069354 0.211030 75.500000 15.500000 0.000000 9 1 43
1.876906 1.069354 0.211030 76.500000 15.500000 0.000000 9 1 43
1.876906 1.069354 0.211030 77.500000 15.500000 0.000000 9 1 43
1.876906 1.069354 0.211030 78.500000 15.500000 0.000000 9 1 43
1.876906 1.069354 0.211030 79.500000 15.500000 0.000000 9 1 43
1.876906 1.069354 0.211030 80.500000 15.500000 0.000000 9 1 43
1.876906 1.069354 0.211030 81.500000 15.500000 0.000000 9 1 43
1.876906 1.069354 0.211030 82.500000 15.500000 0.000000 9 1 43
1.876906 1.069354 0.211030 83.500000 15.500000 0.000000 9 1 43
1.876906 1.069354 0.211030 84.500000 15.500000 0.000000 9 1 43
1.876906 1.069354 0.211030 85.500000 15.500000 0.000000 9 1 43
1.876906 1.069354 0.211030 86.500000 15.500000 0.000000 9 1 43
1.876906 1.069354 0.211030 87.500000 15.500000 0.000000 9 1 43
1.876906 1.069354 0.211030 88.500000 15.500000 0.000000 9 1 43
1.876906 1.069354 0.211030 89.500000 15.500000 0.000000 9 1 43
1.876906 1.069354 0.211030 90.500000 15.500000 0.000000 9 1 43
1.876906 1.069354 0.211030 91.500000 15.500000 0.000000 9 1 43
1.876906 1.069354 0.211030 92.500000 15.500000 0.000000 9 1 43
1.876906 1.069354 0.211030 93.500000 15.500000 0.000000 9 1 43
1.876906 1.069354 0.211030 94.500000 15.500000 0.000000 9 1 43
1.876906 1.069354 0.211030 95.500000 15.500000 0.000000 9 1 43
1.876906 1.069354 0.211030 96.500000 15.500000 0.000000 9 1 43
1.876906 1.069354 0.211030 97.500000 15.500000 0.000000 9 1 43
1.876906 1.069354 0.211030 98.500000 15.500000 0.000000 9 1 43
1.876906 1.069354 0.211030 99.500000 15.500000 0.000000 9 1 43
3.091367 1.054778 4.399554 0.500000 16.500000 0.000000 7 1 43
3.091367 1.054778 4.399554 1.500000 16.500000 0.000000 7 1 43
3.091367 1.054778 4.399554 2.500000 16.500000 0.000000 7 1 43
3.091367 1.054778 4.399554 3.500000 16.500000 0.000000 7 1 43
3.091367 1.054778 4.399554 4.500000 16.500000 0.000000 7 1 43
3.091367 1.054778 4.399554 5.500000 16.500000 0.000000 7 1 43
3.091367 1.054778 4.399554 6.500000 16.500000 0.000000 7 1 43
3.091367 1.054778 4.399554 7.500000 16.500000 0.000000 7 1 43
3.091367 1.054778 4.399554 8.500000 16.500000 0.000000 7 1 43
3.091367 1.054778 4.399554 9.500000 16.500000 0.000000 7 1 43
3.091367 1.054778 4.399554 10.500000 16.500000 0.000000 7 1 43
3.091367 1.054778 4.399554 11.500000 16.500000 0.000000 7 1 43
3.091367 1.054778 4.399554 12.500000 16.500000 0.000000 7 1 43
3.091367 1.054778 4.399554 13.500000 16.500000 0.000000 7 1 43
3.091367 1.054778 4.399554 14.500000 16.500000 0.000000 7 1 43
3.091367 1.054778 4.399554 15.500000 16.500000 0.000000 7 1 43
3.091367 1.054778 4.399554 16.500000 16.500000 0.000000 7 1 43
3.091367 1.054778 4.399554 17.500000 16.500000 0.000000 7 1 43
3.091367 1.054778 4.399554 18.500000 16.500000 0.000000 7 1 43
3.091367 1.054778 4.399554 19.500000 16.500000 0.000000 7 1 43
3.091367 1.054778 4.399554 20.500000 16.500000 0.000000 7 1 43
3.091367 1.054778 4.399554 21.500000 16.500000 0.000000 7 1 43
3.091367 1.054778 4.399554 22.500000 16.500000 0.000000 7 1 43
3.091367 1.054778 4.399554 23.500000 16.500000 0.000000 7 1 43
3.091367 1.054778 4.399554 24.500000 16.500000 0.000000 7 1 43
3.091367 1.054778 4.399554 25.500000 16.500000 0.000000 7 1 43
3.091367 1.054778 4.399554 26.500000 16.500000 0.000000 7 1 43
3.091367 1.054778 4.399554 27.500000 16.500000 0.000000 7 1 43
3.091367 1.054778 4.399554 28.500000 16.500000 0.000000 7 1 43
3.091367 1.054778 4.399554 29.500000 16.500000 0.000000 7 1 43
3.091367 1.054778 4.399554 30.500000 16.500000 0.000000 7 1 43
3.091367 1.054778 4.399554 31.500000 16.500000 0.000000 7 1 43
3.091367 1.054778 4.399554 32.500000 16.500000 0.000000 7 1 43
3.091367 1.054778 4.399554 33.500000 16.500000 0.000000 7 1 43
3.091367 1.054778 4.399554 34.500000 16.500000 0.000000 7 1 43
3.091367 1.054778 4.399554 35.500000 16.500000 0.000000 7 1 43
3.091367 1.054778 4.399554 36.500000 16.500000 0.000000 7 1 43
3.091367 1.054778 4.399554 37.500000 16.500000 0.000000 7 1 43
3.091367 1.054778 4.399554 38.500000 16.500000 0.000000 7 1 43
3.091367 1.054778 4.399554 39.500000 16.500000 0.000000 7 1 43
3.091367 1.054778 4.399554 40.500000 16.500000 0.000000 7 1 43
3.091367 1.054778 4.399554 41.500000 16.500000 0.000000 7 1 43
3.091367 1.054778 4.399554 42.500000 16.500000 0.000000 7 1 43
1.876906 1.069354 0.211030 43.500000 16.500000 0.000000 9 1 43
1.876906 1.069354 0.211030 44.500000 16.500000 0.000000 9 1 43
1.876906 1.069354 0.211030 45.500000 16.500000 0.000000 9 1 43
1.876906 1.069354 0.211030 46.500000 16.500000 0.000000 9 1 43
1.876906 1.069354 0.211030 47.500000 16.500000 0.000000 9 1 43
1.876906 1.069354 0.211030 48.500000 16.500000 0.000000 9 1 43
1.876906 1.069354 0.211030 49.500000 16.500000 0.000000 9 1 43
1.876906 1.069354 0.211030 50.500000 16.500000 0.000000 9 1 43
1.876906 1.069354 0.211030 51.500000 16.500000 0.000000 9 1 43
1.876906 1.069354 0.211030 52.500000 16.500000 0.000000 9 1 43
1.876906 1.069354 0.211030 53.500000 16.500000 0.000000 9 1 43
1.876906 1.069354 0.211030 54.500000 16.500000 0.000000 9 1 43
1.876906 1.069354 0.211030 55.500000 16.500000 0.000000 9 1 43
1.876906 1.069354 0.211030 56.500000 16.500000 0.000000 9 1 43
1.876906 1.069354 0.211030 57.500000 16.500000 0.000000 9 1 43
1.876906 1.069354 0.211030 58.500000 16.500000 0.000000 9 1 43
1.876906 1.069354 0.211030 59.500000 16.500000 0.000000 9 1 43
1.876906 1.069354 0.211030 60.500000 16.500000 0.000000 9 1 43
1.876906 1.069354 0.211030 61.500000 16.500000 0.000000 9 1 43
1.876906 1.069354 0.211030 62.500000 16.500000 0.000000 9 1 43
1.876906 1.069354 0.211030 63.500000 16.500000 0.000000 9 1 43
1.876906 1.069354 0.211030 64.500000 16.500000 0.000000 9 1 43
1.876906 1.069354 0.211030 65.500000 16.500000 0.000000 9 1 43
1.876906 1.069354 0.211030 66.500000 16.500000 0.000000 9 1 43
1.876906 1.069354 0.211030 67.500000 16.500000 0.000000 9 1 43
1.876906 1.069354 0.211030 68.500000 16.500000 0.000000 9 1 43
1.876906 1.069354 0.211030 69.500000 16.500000 0.000000 9 1 43
1.876906 1.069354 0.211030 70.500000 16.500000 0.000000 9 1 43
1.876906 1.069354 0.211030 71.500000 16.500000 0.000000 9 1 43
1.876906 1.069354 0.211030 72.500000 16.500000 0.000000 9 1 43
1.876906 1.069354 0.211030 73.500000 16.500000 0.000000 9 1 43
1.876906 1.069354 0.211030 74.500000 16.500000 0.000000 9 1 43
1.876906 1.069354 0.211030 75.500000 16.500000 0.000000 9 1 43
1.876906 1.069354 0.211030 76.500000 16.500000 0.000000 9 1 43
1.876906 1.069354 0.211030 77.500000 16.500000 0.000000 9 1 43
1.876906 1.069354 0.211030 78.500000 16.500000 0.000000 9 1 43
1.876906 1.069354 0.211030 79.500000 16.500000 0.000000 9 1 43
1.876906 1.069354 0.211030 80.500000 16.500000 0.000000 9 1 43
1.876906 1.069354 0.211030 81.500000 16.500000 0.000000 9 1 43
1.876906 1.069354 0.211030 82.500000 16.500000 0.000000 9 1 43
1.876906 1.069354 0.211030 83.500000 16.500000 0.000000 9 1 43
1.876906 1.069354 0.211030 84.500000 16.500000 0.000000 9 1 43
1.876906 1.069354 0.211030 85.500000 16.500000 0.000000 9 1 43
1.876906 1.069354 0.211030 86.500000 16.500000 0.000000 9 1 43
1.876906 1.069354 0.211030 87.500000 16.500000 0.000000 9 1 43
1.876906 1.069354 0.211030 88.500000 16.500000 0.000000 9 1 43
1.876906 1.069354 0.211030 89.500000 16.500000 0.000000 9 1 43
1.876906 1.069354 0.211030 90.500000 16.500000 0.000000 9 1 43
1.876906 1.069354 0.211030 91.500000 16.500000 0.000000 9 1 43
1.876906 1.069354 0.211030 92.500000 16.500000 0.000000 9 1 43
1.876906 1.069354 0.211030 93.500000 16.500000 0.000000 9 1 43
1.876906 1.069354 0.211030 94.500000 16.500000 0.000000 9 1 43
1.876906 1.069354 0.211030 95.500000 16.500000 0.000000 9 1 43
1.876906 1.069354 0.211030 96.500000 16.500000 0.000000 9 1 43
1.876906 1.069354 0.211030 97.500000 16.500000 0.000000 9 1 43
1.876906 1.069354 0.211030 98.500000 16.500000 0.000000 9 1 43
1.876906 1.069354 0.211030 99.500000 16.500000 0.000000 9 1 43
3.091367 1.054778 4.399554 0.500000 17.500000 0.000000 7 1 43
3.091367 1.054778 4.399554 1.500000 17.500000 0.000000 7 1 43
3.091367 1.054778 4.399554 2.500000 17.500000 0.000000 7 1 43
3.091367 1.054778 4.399554 3.500000 17.500000 0.000000 7 1 43
3.091367 1.054778 4.399554 4.500000 17.500000 0.000000 7 1 43
3.091367 1.054778 4.399554 5.500000 17.500000 0.000000 7 1 43
3.091367 1.054778 4.399554 6.500000 17.500000 0.000000 7 1 43
3.091367 1.054778 4.399554 7.500000 17.500000 0.000000 7 1 43
3.091367 1.054778 4.399554 8.500000 17.500000 0.000000 7 1 43
3.091367 1.054778 4.399554 9.500000 17.500000 0.000000 7 1 43
3.091367 1.054778 4.399554 10.500000 17.500000 0.000000 7 1 43
3.091367 1.054778 4.399554 11.500000 17.500000 0.000000 7 1 43
3.091367 1.054778 4.399554 12.500000 17.500000 0.000000 7 1 43
3.091367 1.054778 4.399554 13.500000 17.500000 0.000000 7 1 43
3.091367 1.054778 4.399554 14.500000 17.500000 0.000000 7 1 43
3.091367 1.054778 4.399554 15.500000 17.500000 0.000000 7 1 43
3.091367 1.054778 4.399554 16.500000 17.500000 0.000000 7 1 43
3.091367 1.054778 4.399554 17.500000 17.500000 0.000000 7 1 43
3.091367 1.054778 4.399554 18.500000 17.500000 0.000000 7 1 43
3.091367 1.054778 4.399554 19.500000 17.500000 0.000000 7 1 43
3.091367 1.054778 4.399554 20.500000 17.500000 0.000000 7 1 43
3.091367 1.054778 4.399554 21.500000 17.500000 0.000000 7 1 43
3.091367 1.054778 4.399554 22.500000 17.500000 0.000000 7 1 43
3.091367 1.054778 4.399554 23.500000 17.500000 0.000000 7 1 43
3.091367 1.054778 4.399554 24.500000 17.500000 0.000000 7 1 43
3.091367 1.054778 4.399554 25.500000 17.500000 0.000000 7 1 43
3.091367 1.054778 4.399554 26.500000 17.500000 0.000000 7 1 43
3.091367 1.054778 4.399554 27.500000 17.500000 0.000000 7 1 43
3.091367 1.054778 4.399554 28.500000 17.500000 0.000000 7 1 43
3.091367 1.054778 4.399554 29.500000 17.500000 0.000000 7 1 43
3.091367 1.054778 4.399554 30.500000 17.500000 0.000000 7 1 43
3.091367 1.054778 4.399554 31.500000 17.500000 0.000000 7 1 43
3.091367 1.054778 4.399554 32.500000 17.500000 0.000000 7 1 43
3.091367 1.054778 4.399554 33.500000 17.500000 0.000000 7 1 43
3.091367 1.054778 4.399554 34.500000 17.500000 0.000000 7 1 43
3.091367 1.054778 4.399554 35.500000 17.500000 0.000000 7 1 43
3.091367 1.054778 4.399554 36.500000 17.500000 0.000000 7 1 43
3.091367 1.054778 4.399554 37.500000 17.500000 0.000000 7 1 43
3.091367 1.054778 4.399554 38.500000 17.500000 0.000000 7 1 43
3.091367 1.054778 4.399554 39.500000 17.500000 0.000000 7 1 43
3.091367 1.054778 4.399554 40.500000 17.500000 0.000000 7 1 43
3.091367 1.054778 4.399554 41.500000 17.500000 0.000000 7 1 43
1.491676 2.158323 2.698866 42.500000 17.500000 0.000000 8 1 43
1.491676 2.158323 2.698866 43.500000 17.500000 0.000000 8 1 43
1.491676 2.158323 2.698866 44.500000 17.500000 0.000000 8 1 43
1.491676 2.158323 2.698866 45.500000 17.500000 0.000000 8 1 43
1.491676 2.158323 2.698866 46.500000 17.500000 0.000000 8 1 43
1.876906 1.069354 0.211030 47.500000 17.500000 0.000000 9 1 43
1.876906 1.069354 0.211030 48.500000 17.500000 0.000000 9 1 43
1.876906 1.069354 0.211030 49.500000 17.500000 0.000000 9 1 43
1.876906 1.069354 0.211030 50.500000 17.500000 0.000000 9 1 43
1.876906 1.069354 0.211030 51.500000 17.500000 0.000000 9 1 43
1.876906 1.069354 0.211030 52.500000 17.500000 0.000000 9 1 43
1.876906 1.069354 0.211030 53.500000 17.500000 0.000000 9 1 43
1.876906 1.069354 0.211030 54.500000 17.500000 0.000000 9 1 43
1.876906 1.069354 0.211030 55.500000 17.500000 0.000000 9 1 43
1.876906 1.069354 0.211030 56.500000 17.500000 0.000000 9 1 43
1.876906 1.069354 0.211030 57.500000 17.500000 0.000000 9 1 43
1.876906 1.069354 0.211030 58.500000 17.500000 0.000000 9 1 43
1.876906 1.069354 0.211030 59.500000 17.500000 0.000000 9 1 43
1.876906 1.069354 0.211030 60.500000 17.500000 0.000000 9 1 43
1.876906 1.069354 0.211030 61.500000 17.500000 0.000000 9 1 43
1.876906 1.069354 0.211030 62.500000 17.500000 0.000000 9 1 43
1.876906 1.069354 0.211030 63.500000 17.500000 0.000000 9 1 43
1.876906 1.069354 0.211030 64.500000 17.500000 0.000000 9 1 43
1.876906 1.069354 0.211030 65.500000 17.500000 0.000000 9 1 43
1.876906 1.069354 0.211030 66.500000 17.500000 0.000000 9 1 43
1.876906 1.069354 0.211030 67.500000 17.500000 0.000000 9 1 43
1.876906 1.069354 0.211030 68.500000 17.500000 0.000000 9 1 43
1.876906 1.069354 0.211030 69.500000 17.500000 0.000000 9 1 43
1.876906 1.069354 0.211030 70.500000 17.500000 0.000000 9 1 43
1.876906 1.069354 0.211030 71.500000 17.500000 0.000000 9 1 43
1.876906 1.069354 0.211030 72.500000 17.500000 0.000000 9 1 43
1.876906 1.069354 0.211030 73.500000 17.500000 0.000000 9 1 43
1.876906 1.069354 0.211030 74.500000 17.500000 0.000000 9 1 43
1.876906 1.069354 0.211030 75.500000 17.500000 0.000000 9 1 43
1.876906 1.069354 0.211030 76.500000 17.500000 0.000000 9 1 43
1.876906 1.069354 0.211030 77.500000 17.500000 0.000000 9 1 43
1.876906 1.069354 0.211030 78.500000 17.500000 0.000000 9 1 43
1.876906 1.069354 0.211030 79.500000 17.500000 0.000000 9 1 43
1.876906 1.069354 0.211030 80.500000 17.500000 0.000000 9 1 43
1.876906 1.069354 0.211030 81.500000 17.500000 0.000000 9 1 43
1.876906 1.069354 0.211030 82.500000 17.500000 0.000000 9 1 43
1.876906 1.069354 0.211030 83.500000 17.500000 0.000000 9 1 43
1.876906 1.069354 0.211030 84.500000 17.500000 0.000000 9 1 43
1.876906 1.069354 0.211030 85.500000 17.500000 0.000000 9 1 43
1.876906 1.069354 0.211030 86.500000 17.500000 0.000000 9 1 43
1.876906 1.069354 0.211030 87.500000 17.500000 0.000000 9 1 43
1.876906 1.069354 0.211030 88.500000 17.500000 0.000000 9 1 43
1.876906 1.069354 0.211030 89.500000 17.500000 0.000000 9 1 43
1.876906 1.069354 0.211030 90.500000 17.500000 0.000000 9 1 43
1.876906 1.069354 0.211030 91.500000 17.500000 0.000000 9 1 43
1.876906 1.069354 0.211030 92.500000 17.500000 0.000000 9 1 43
1.876906 1.069354 0.211030 93.500000 17.500000 0.000000 9 1 43
1.876906 1.069354 0.211030 94.500000 17.500000 0.000000 9 1 43
1.876906 1.069354 0.211030 95.500000 17.500000 0.000000 9 1 43
1.876906 1.069354 0.211030 96.500000 17.500000 0.000000 9 1 43
1.876906 1.069354 0.211030 97.500000 17.500000 0.000000 9 1 43
1.876906 1.069354 0.211030 98.500000 17.500000 0.000000 9 1 43
1.876906 1.069354 0.211030 99.500000 17.500000 0.000000 9 1 43
3.091367 1.054778 4.399554 0.500000 18.500000 0.000000 7 1 43
3.091367 1.054778 4.399554 1.500000 18.500000 0.000000 7 1 43
3.091367 1.054778 4.399554 2.500000 18.500000 0.000000 7 1 43
3.091367 1.054778 4.399554 3.500000 18.500000 0.000000 7 1 43
3.091367 1.054778 4.399554 4.500000 18.500000 0.000000 7 1 43
3.091367 1.054778 4.399554 5.500000 18.500000 0.000000 7 1 43
3.091367 1.054778 4.399554 6.500000 18.500000 0.000000 7 1 43
3.091367 1.054778 4.399554 7.500000 18.500000 0.000000 7 1 43
3.091367 1.054778 4.399554 8.500000 18.500000 0.000000 7 1 43
3.091367 1.054778 4.399554 9.500000 18.500000 0.000000 7 1 43
3.091367 1.054778 4.399554 10.500000 18.500000 0.000000 7 1 43
3.091367 1.054778 4.399554 11.500000 18.500000 0.000000 7 1 43
3.091367 1.054778 4.399554 12.500000 18.500000 0.000000 7 1 43
3.091367 1.054778 4.399554 13.500000 18.500000 0.000000 7 1 43
3.091367 1.054778 4.399554 14.500000 18.500000 0.000000 7 1 43
3.091367 1.054778 4.399554 15.500000 18.500000 0.000000 7 1 43
3.091367 1.054778 4.399554 16.500000 18.500000 0.000000 7 1 43
3.091367 1.054778 4.399554 17.500000 18.500000 0.000000 7 1 43
3.091367 1.054778 4.399554 18.500000 18.500000 0.000000 7 1 43
3.091367 1.054778 4.399554 19.500000 18.500000 0.000000 7 1 43
3.091367 1.054778 4.399554 20.500000 18.500000 0.000000 7 1 43
3.091367 1.054778 4.399554 21.500000 18.500000 0.000000 7 1 43
3.091367 1.054778 4.399554 22.500000 18.500000 0.000000 7 1 43
3.091367 1.054778 4.399554 23.500000 18.500000 0.000000 7 1 43
3.091367 1.054778 4.399554 24.500000 18.500000 0.000000 7 1 43
3.091367 1.054778 4.399554 25.500000 18.500000 0.000000 7 1 43
3.091367 1.054778 4.399554 26.500000 18.500000 0.000000 7 1 43
3.091367 1.054778 4.399554 27.500000 18.500000 0.000000 7 1 43
3.091367 1.054778 4.399554 28.500000 18.500000 0.000000 7 1 43
3.091367 1.054778 4.399554 29.500000 18.500000 0.000000 7 1 43
3.091367 1.054778 4.399554 30.500000 18.500000 0.000000 7 1 43
3.091367 1.054778 4.399554 31.500000 18.500000 0.000000 7 1 43
3.091367 1.054778 4.399554 32.500000 18.500000 0.000000 7 1 43
3.091367 1.054778 4.399554 33.500000 18.500000 0.000000 7 1 43
3.091367 1.054778 4.399554 34.500000 18.500000 0.000000 7 1 43
3.091367 1.054778 4.399554 35.500000 18.500000 0.000000 7 1 43
3.091367 1.054778 4.399554 36.500000 18.500000 0.000000 7 1 43
3.091367 1.054778 4.399554 37.500000 18.500000 0.000000 7 1 43
3.091367 1.054778 4.399554 38.500000 18.500000 0.000000 7 1 43
3.091367 1.054778 4.399554 39.500000 18.500000 0.000000 7 1 43
3.091367 1.054778 4.399554 40.500000 18.500000 0.000000 7 1 43
3.091367 1.054778 4.399554 41.500000 18.500000 0.000000 7 1 43
1.491676 2.158323 2.698866 42.500000 18.500000 0.000000 8 1 43
1.491676 2.158323 2.698866 43.500000 18.500000 0.000000 8 1 43
1.491676 2.158323 2.698866 44.500000 18.500000 0.000000 8 1 43
1.491676 2.158323 2.698866 45.500000 18.500000 0.000000 8 1 43
1.491676 2.158323 2.698866 46.500000 18.500000 0.000000 8 1 43
1.491676 2.158323 2.698866 47.500000 18.500000 0.000000 8 1 43
1.491676 2.158323 2.698866 48.500000 18.500000 0.000000 8 1 43
1.876906 1.069354 0.211030 49.500000 18.500000 0.000000 9 1 43
1.876906 1.069354 0.211030 50.500000 18.500000 0.000000 9 1 43
1.876906 1.069354 0.211030 51.500000 18.500000 0.000000 9 1 43
1.876906 1.069354 0.211030 52.500000 18.500000 0.000000 9 1 43
1.876906 1.069354 0.211030 53.500000 18.500000 0.000000 9 1 43
1.876906 1.069354 0.211030 54.500000 18.500000 0.000000 9 1 43
1.876906 1.069354 0.211030 55.500000 18.500000 0.000000 9 1 43
1.876906 1.069354 0.211030 56.500000 18.500000 0.000000 9 1 43
1.876906 1.069354 0.211030 57.500000 18.500000 0.000000 9 1 43
1.876906 1.069354 0.211030 58.500000 18.500000 0.000000 9 1 43
1.876906 1.069354 0.211030 59.500000 18.500000 0.000000 9 1 43
1.876906 1.069354 0.211030 60.500000 18.500000 0.000000 9 1 43
1.876906 1.069354 0.211030 61.500000 18.500000 0.000000 9 1 43
1.876906 1.069354 0.211030 62.500000 18.500000 0.000000 9 1 43
1.876906 1.069354 0.211030 63.500000 18.500000 0.000000 9 1 43
1.876906 1.069354 0.211030 64.500000 18.500000 0.000000 9 1 43
1.876906 1.069354 0.211030 65.500000 18.500000 0.000000 9 1 43
1.876906 1.069354 0.211030 66.500000 18.500000 0.000000 9 1 43
1.876906 1.069354 0.211030 67.500000 18.500000 0.000000 9 1 43
1.876906 1.069354 0.211030 68.500000 18.500000 0.000000 9 1 43
1.876906 1.069354 0.211030 69.500000 18.500000 0.000000 9 1 43
1.876906 1.069354 0.211030 70.500000 18.500000 0.000000 9 1 43
1.876906 1.069354 0.211030 71.500000 18.500000 0.000000 9 1 43
1.876906 1.069354 0.211030 72.500000 18.500000 0.000000 9 1 43
1.876906 1.069354 0.211030 73.500000 18.500000 0.000000 9 1 43
1.876906 1.069354 0.211030 74.500000 18.500000 0.000000 9 1 43
1.876906 1.069354 0.211030 75.500000 18.500000 0.000000 9 1 43
1.876906 1.069354 0.211030 76.500000 18.500000 0.000000 9 1 43
1.876906 1.069354 0.211030 77.500000 18.500000 0.000000 9 1 43
1.876906 1.069354 0.211030 78.500000 18.500000 0.000000 9 1 43
1.876906 1.069354 0.211030 79.500000 18.500000 0.000000 9 1 43
1.876906 1.069354 0.211030 80.500000 18.500000 0.000000 9 1 43
1.876906 1.069354 0.211030 81.500000 18.500000 0.000000 9 1 43
1.876906 1.069354 0.211030 82.500000 18.500000 0.000000 9 1 43
1.876906 1.069354 0.211030 83.500000 18.500000 0.000000 9 1 43
1.876906 1.069354 0.211030 84.500000 18.500000 0.000000 9 1 43
1.876906 1.069354 0.211030 85.500000 18.500000 0.000000 9 1 43
1.876906 1.069354 0.211030 86.500000 18.500000 0.000000 9 1 43
1.876906 1.069354 0.211030 87.500000 18.500000 0.000000 9 1 43
1.876906 1.069354 0.211030 88.500000 18.500000 0.000000 9 1 43
1.876906 1.069354 0.211030 89.500000 18.500000 0.000000 9 1 43
1.876906 1.069354 0.211030 90.500000 18.500000 0.000000 9 1 43
1.876906 1.069354 0.211030 91.500000 18.500000 0.000000 9 1 43
1.876906 1.069354 0.211030 92.500000 18.500000 0.000000 9 1 43
1.876906 1.069354 0.211030 93.500000 18.500000 0.000000 9 1 43
1.876906 1.069354 0.211030 94.500000 18.500000 0.000000 9 1 43
1.876906 1.069354 0.211030 95.500000 18.500000 0.000000 9 1 43
1.876906 1.069354 0.211030 96.500000 18.500000 0.000000 9 1 43
1.876906 1.069354 0.211030 97.500000 18.500000 0.000000 9 1 43
1.876906 1.069354 0.211030 98.500000 18.500000 0.000000 9 1 43
1.876906 1.069354 0.211030 99.500000 18.500000 0.000000 9 1 43
3.091367 1.054778 4.399554 0.500000 19.500000 0.000000 7 1 43
3.091367 1.054778 4.399554 1.500000 19.500000 0.000000 7 1 43
3.091367 1.054778 4.399554 2.500000 19.500000 0.000000 7 1 43
3.091367 1.054778 4.399554 3.500000 19.500000 0.000000 7 1 43
3.091367 1.054778 4.399554 4.500000 19.500000 0.000000 7 1 43
3.091367 1.054778 4.399554 5.500000 19.500000 0.000000 7 1 43
3.091367 1.054778 4.399554 6.500000 19.500000 0.000000 7 1 43
3.091367 1.054778 4.399554 7.500000 19.500000 0.000000 7 1 43
3.091367 1.054778 4.399554 8.500000 19.500000 0.000000 7 1 43
3.091367 1.054778 4.399554 9.500000 19.500000 0.000000 7 1 43
3.091367 1.054778 4.399554 10.500000 19.500000 0.000000 7 1 43
3.091367 1.054778 4.399554 11.500000 19.500000 0.000000 7 1 43
3.091367 1.054778 4.399554 12.500000 19.500000 0.000000 7 1 43
3.091367 1.054778 4.399554 13.500000 19.500000 0.000000 7 1 43
3.091367 1.054778 4.399554 14.500000 19.500000 0.000000 7 1 43
3.091367 1.054778 4.399554 15.500000 19.500000 0.000000 7 1 43
3.091367 1.054778 4.399554 16.500000 19.500000 0.000000 7 1 43
3.091367 1.054778 4.399554 17.500000 19.500000 0.000000 7 1 43
3.091367 1.054778 4.399554 18.500000 19.500000 0.000000 7 1 43
3.091367 1.054778 4.399554 19.500000 19.500000 0.000000 7 1 43
3.091367 1.054778 4.399554 20.500000 19.500000 0.000000 7 1 43
3.091367 1.054778 4.399554 21.500000 19.500000 0.000000 7 1 43
3.091367 1.054778 4.399554 22.500000 19.500000 0.000000 7 1 43
3.091367 1.054778 4.399554 23.500000 19.500000 0.000000 7 1 43
3.091367 1.054778 4.399554 24.500000 19.500000 0.000000 7 1 43
3.091367 1.054778 4.399554 25.500000 19.500000 0.000000 7 1 43
3.091367 1.054778 4.399554 26.500000 19.500000 0.000000 7 1 43
3.091367 1.054778 4.399554 27.500000 19.500000 0.000000 7 1 43
3.091367 1.054778 4.399554 28.500000 19.500000 0.000000 7 1 43
3.091367 1.054778 4.399554 29.500000 19.500000 0.000000 7 1 43
3.091367 1.054778 4.399554 30.500000 19.500000 0.000000 7 1 43
3.091367 1.054778 4.399554 31.500000 19.500000 0.000000 7 1 43
3.091367 1.054778 4.399554 32.500000 19.500000 0.000000 7 1 43
3.091367 1.054778 4.399554 33.500000 19.500000 0.000000 7 1 43
3.091367 1.054778 4.399554 34.500000 19.500000 0.000000 7 1 43
3.091367 1.054778 4.399554 35.500000 19.500000 0.000000 7 1 43
3.091367 1.054778 4.399554 36.500000 19.500000 0.000000 7 1 43
3.091367 1.054778 4.399554 37.500000 19.500000 0.000000 7 1 43
3.091367 1.054778 4.399554 38.500000 19.500000 0.000000 7 1 43
3.091367 1.054778 4.399554 39.500000 19.500000 0.000000 7 1 43
3.091367 1.054778 4.399554 40.500000 19.500000 0.000000 7 1 43
1.491676 2.158323 2.698866 41.500000 19.500000 0.000000 8 1 43
1.491676 2.158323 2.698866 42.500000 19.500000 0.000000 8 1 43
1.491676 2.158323 2.698866 43.500000 19.500000 0.000000 8 1 43
1.491676 2.158323 2.698866 44.500000 19.500000 0.000000 8 1 43
1.491676 2.158323 2.698866 45.500000 19.500000 0.000000 8 1 43
1.491676 2.158323 2.698866 46.500000 19.500000 0.000000 8 1 43
1.491676 2.158323 2.698866 47.500000 19.500000 0.000000 8 1 43
1.491676 2.158323 2.698866 48.500000 19.500000 0.000000 8 1 43
1.491676 2.158323 2.698866 49.500000 19.500000 0.000000 8 1 43
1.491676 2.158323 2.698866 50.500000 19.500000 0.000000 8 1 43
1.876906 1.069354 0.211030 51.500000 19.500000 0.000000 9 1 43
1.876906 1.069354 0.211030 52.500000 19.500000 0.000000 9 1 43
1.876906 1.069354 0.211030 53.500000 19.500000 0.000000 9 1 43
1.876906 1.069354 0.211030 54.500000 19.500000 0.000000 9 1 43
1.876906 1.069354 0.211030 55.500000 19.500000 0.000000 9 1 43
1.876906 1.069354 0.211030 56.500000 19.500000 0.000000 9 1 43
1.876906 1.069354 0.211030 57.500000 19.500000 0.000000 9 1 43
1.876906 1.069354 0.211030 58.500000 19.500000 0.000000 9 1 43
1.876906 1.069354 0.211030 59.500000 19.500000 0.000000 9 1 43
1.876906 1.069354 0.211030 60.500000 19.500000 0.000000 9 1 43
1.876906 1.069354 0.211030 61.500000 19.500000 0.000000 9 1 43
1.876906 1.069354 0.211030 62.500000 19.500000 0.000000 9 1 43
1.876906 1.069354 0.211030 63.500000 19.500000 0.000000 9 1 43
1.876906 1.069354 0.211030 64.500000 19.500000 0.000000 9 1 43
1.876906 1.069354 0.211030 65.500000 19.500000 0.000000 9 1 43
1.876906 1.069354 0.211030 66.500000 19.500000 0.000000 9 1 43
1.876906 1.069354 0.211030 67.500000 19.500000 0.000000 9 1 43
1.876906 1.069354 0.211030 68.500000 19.500000 0.000000 9 1 43
1.876906 1.069354 0.211030 69.500000 19.500000 0.000000 9 1 43
1.876906 1.069354 0.211030 70.500000 19.500000 0.000000 9 1 43
1.876906 1.069354 0.211030 71.500000 19.500000 0.000000 9 1 43
1.876906 1.069354 0.211030 72.500000 19.500000 0.000000 9 1 43
1.876906 1.069354 0.211030 73.500000 19.500000 0.000000 9 1 43
1.876906 1.069354 0.211030 74.500000 19.500000 0.000000 9 1 43
1.876906 1.069354 0.211030 75.500000 19.500000 0.000000 9 1 43
1.876906 1.069354 0.211030 76.500000 19.500000 0.000000 9 1 43
1.876906 1.069354 0.211030 77.500000 19.500000 0.000000 9 1 43
1.876906 1.069354 0.211030 78.500000 19.500000 0.000000 9 1 43
1.876906 1.069354 0.211030 79.500000 19.500000 0.000000 9 1 43
1.876906 1.069354 0.211030 80.500000 19.500000 0.000000 9 1 43
1.876906 1.069354 0.211030 81.500000 19.500000 0.000000 9 1 43
1.876906 1.069354 0.211030 82.500000 19.500000 0.000000 9 1 43
1.876906 1.069354 0.211030 83.500000 19.500000 0.000000 9 1 43
1.876906 1.069354 0.211030 84.500000 19.500000 0.000000 9 1 43
1.876906 1.069354 0.211030 85.500000 19.500000 0.000000 9 1 43
1.876906 1.069354 0.211030 86.500000 19.500000 0.000000 9 1 43
1.876906 1.069354 0.211030 87.500000 19.500000 0.000000 9 1 43
1.876906 1.069354 0.211030 88.500000 19.500000 0.000000 9 1 43
1.876906 1.069354 0.211030 89.500000 19.500000 0.000000 9 1 43
1.876906 1.069354 0.211030 90.500000 19.500000 0.000000 9 1 43
1.876906 1.069354 0.211030 91.500000 19.500000 0.000000 9 1 43
1.876906 1.069354 0.211030 92.500000 19.500000 0.000000 9 1 43
1.876906 1.069354 0.211030 93.500000 19.500000 0.000000 9 1 43
1.876906 1.069354 0.211030 94.500000 19.500000 0.000000 9 1 43
1.876906 1.069354 0.211030 95.500000 19.500000 0.000000 9 1 43
1.876906 1.069354 0.211030 96.500000 19.500000 0.000000 9 1 43
1.876906 1.069354 0.211030 97.500000 19.500000 0.000000 9 1 43
1.876906 1.069354 0.211030 98.500000 19.500000 0.000000 9 1 43
1.876906 1.069354 0.211030 99.500000 19.500000 0.000000 9 1 43
3.091367 1.054778 4.399554 0.500000 20.500000 0.000000 7 1 43
3.091367 1.054778 4.399554 1.500000 20.500000 0.000000 7 1 43
3.091367 1.054778 4.399554 2.500000 20.500000 0.000000 7 1 43
3.091367 1.054778 4.399554 3.500000 20.500000 0.000000 7 1 43
3.091367 1.054778 4.399554 4.500000 20.500000 0.000000 7 1 43
3.091367 1.054778 4.399554 5.500000 20.500000 0.000000 7 1 43
3.091367 1.054778 4.399554 6.500000 20.500000 0.000000 7 1 43
3.091367 1.054778 4.399554 7.500000 20.500000 0.000000 7 1 43
3.091367 1.054778 4.399554 8.500000 20.500000 0.000000 7 1 43
3.091367 1.054778 4.399554 9.500000 20.500000 0.000000 7 1 43
3.091367 1.054778 4.399554 10.500000 20.500000 0.000000 7 1 43
3.091367 1.054778 4.399554 11.500000 20.500000 0.000000 7 1 43
3.091367 1.054778 4.399554 12.500000 20.500000 0.000000 7 1 43
3.091367 1.054778 4.399554 13.500000 20.500000 0.000000 7 1 43
3.091367 1.054778 4.399554 14.500000 20.500000 0.000000 7 1 43
3.091367 1.054778 4.399554 15.500000 20.500000 0.000000 7 1 43
3.091367 1.054778 4.399554 16.500000 20.500000 0.000000 7 1 43
3.091367 1.054778 4.399554 17.500000 20.500000 0.000000 7 1 43
3.091367 1.054778 4.399554 18.500000 20.500000 0.000000 7 1 43
3.091367 1.054778 4.399554 19.500000 20.500000 0.000000 7 1 43
3.091367 1.054778 4.399554 20.500000 20.500000 0.000000 7 1 43
3.091367 1.054778 4.399554 21.500000 20.500000 0.000000 7 1 43
3.091367 1.054778 4.399554 22.500000 20.500000 0.000000 7 1 43
3.091367 1.054778 4.399554 23.500000 20.500000 0.000000 7 1 43
3.091367 1.054778 4.399554 24.500000 20.500000 0.000000 7 1 43
3.091367 1.054778 4.399554 25.500000 20.500000 0.000000 7 1 43
3.091367 1.054778 4.399554 26.500000 20.500000 0.000000 7 1 43
3.091367 1.054778 4.399554 27.500000 20.500000 0.000000 7 1 43
3.091367 1.054778 4.399554 28.500000 20.500000 0.000000 7 1 43
3.091367 1.054778 4.399554 29.500000 20.500000 0.000000 7 1 43
3.091367 1.054778 4.399554 30.500000 20.500000 0.000000 7 1 43
3.091367 1.054778 4.399554 31.500000 20.500000 0.000000 7 1 43
3.091367 1.054778 4.399554 32.500000 20.500000 0.000000 7 1 43
3.091367 1.054778 4.399554 33.500000 20.500000 0.000000 7 1 43
3.091367 1.054778 4.399554 34.500000 20.500000 0.000000 7 1 43
3.091367 1.054778 4.399554 35.500000 20.500000 0.000000 7 1 43
3.091367 1.054778 4.399554 36.500000 20.500000 0.000000 7 1 43
3.091367 1.054778 4.399554 37.500000 20.500000 0.000000 7 1 43
3.091367 1.054778 4.399554 38.500000 20.500000 0.000000 7 1 43
3.091367 1.054778 4.399554 39.500000 20.500000 0.000000 7 1 43
1.491676 2.158323 2.698866 40.500000 20.500000 0.000000 8 1 43
1.491676 2.158323 2.698866 41.500000 20.500000 0.000000 8 1 43
1.491676 2.158323 2.698866 42.500000 20.500000 0.000000 8 1 43
1.491676 2.158323 2.698866 43.500000 20.500000 0.000000 8 1 43
1.491676 2.158323 2.698866 44.500000 20.500000 0.000000 8 1 43
1.491676 2.158323 2.698866 45.500000 20.500000 0.000000 8 1 43
1.491676 2.158323 2.698866 46.500000 20.500000 0.000000 8 1 43
1.491676 2.158323 2.698866 47.500000 20.500000 0.000000 8 1 43
1.491676 2.158323 2.698866 48.500000 20.500000 0.000000 8 1 43
1.491676 2.158323 2.698866 49.500000 20.500000 0.000000 8 1 43
1.491676 2.158323 2.698866 50.500000 20.500000 0.000000 8 1 43
1.491676 2.158323 2.698866 51.500000 20.500000 0.000000 8 1 43
1.876906 1.069354 0.211030 52.500000 20.500000 0.000000 9 1 43
1.876906 1.069354 0.211030 53.500000 20.500000 0.000000 9 1 43
1.876906 1.069354 0.211030 54.500000 20.500000 0.000000 9 1 43
1.876906 1.069354 0.211030 55.500000 20.500000 0.000000 9 1 43
1.876906 1.069354 0.211030 56.500000 20.500000 0.000000 9 1 43
1.876906 1.069354 0.211030 57.500000 20.500000 0.000000 9 1 43
1.876906 1.069354 0.211030 58.500000 20.500000 0.000000 9 1 43
1.876906 1.069354 0.211030 59.500000 20.500000 0.000000 9 1 43
1.876906 1.069354 0.211030 60.500000 20.500000 0.000000 9 1 43
1.876906 1.069354 0.211030 61.500000 20.500000 0.000000 9 1 43
1.876906 1.069354 0.211030 62.500000 20.500000 0.000000 9 1 43
1.876906 1.069354 0.211030 63.500000 20.500000 0.000000 9 1 43
1.876906 1.069354 0.211030 64.500000 20.500000 0.000000 9 1 43
1.876906 1.069354 0.211030 65.500000 20.500000 0.000000 9 1 43
1.876906 1.069354 0.211030 66.500000 20.500000 0.000000 9 1 43
1.876906 1.069354 0.211030 67.500000 20.500000 0.000000 9 1 43
1.876906 1.069354 0.211030 68.500000 20.500000 0.000000 9 1 43
1.876906 1.069354 0.211030 69.500000 20.500000 0.000000 9 1 43
1.876906 1.069354 0.211030 70.500000 20.500000 0.000000 9 1 43
1.876906 1.069354 0.211030 71.500000 20.500000 0.000000 9 1 43
1.876906 1.069354 0.211030 72.500000 20.500000 0.000000 9 1 43
1.876906 1.069354 0.211030 73.500000 20.500000 0.000000 9 1 43
1.876906 1.069354 0.211030 74.500000 20.500000 0.000000 9 1 43
1.876906 1.069354 0.211030 75.500000 20.500000 0.000000 9 1 43
1.876906 1.069354 0.211030 76.500000 20.500000 0.000000 9 1 43
1.876906 1.069354 0.211030 77.500000 20.500000 0.000000 9 1 43
1.876906 1.069354 0.211030 78.500000 20.500000 0.000000 9 1 43
1.876906 1.069354 0.211030 79.500000 20.500000 0.000000 9 1 43
1.876906 1.069354 0.211030 80.500000 20.500000 0.000000 9 1 43
1.876906 1.069354 0.211030 81.500000 20.500000 0.000000 9 1 43
1.876906 1.069354 0.211030 82.500000 20.500000 0.000000 9 1 43
2.001568 1.662294 5.277684 83.500000 20.500000 0.000000 1 1 43
2.001568 1.662294 5.277684 84.500000 20.500000 0.000000 1 1 43
2.001568 1.662294 5.277684 85.500000 20.500000 0.000000 1 1 43
2.001568 1.662294 5.277684 86.500000 20.500000 0.000000 1 1 43
2.001568 1.662294 5.277684 87.500000 20.500000 0.000000 1 1 43
2.001568 1.662294 5.277684 88.500000 20.500000 0.000000 1 1 43
2.001568 1.662294 5.277684 89.500000 20.500000 0.000000 1 1 43
2.001568 1.662294 5.277684 90.500000 20.500000 0.000000 1 1 43
2.001568 1.662294 5.277684 91.500000 20.500000 0.000000 1 1 43
2.001568 1.662294 5.277684 92.500000 20.500000 0.000000 1 1 43
2.001568 1.662294 5.277684 93.500000 20.500000 0.000000 1 1 43
2.001568 1.662294 5.277684 94.500000 20.500000 0.000000 1 1 43
2.001568 1.662294 5.277684 95.500000 20.500000 0.000000 1 1 43
2.001568 1.662294 5.277684 96.500000 20.500000 0.000000 1 1 43
2.001568 1.662294 5.277684 97.500000 20.500000 0.000000 1 1 43
2.001568 1.662294 5.277684 98.500000 20.500000 0.000000 1 1 43
2.001568 1.662294 5.277684 99.500000 20.500000 0.000000 1 1 43
3.091367 1.054778 4.399554 0.500000 21.500000 0.000000 7 1 43
3.091367 1.054778 4.399554 1.500000 21.500000 0.000000 7 1 43
3.091367 1.054778 4.399554 2.500000 21.500000 0.000000 7 1 43
3.091367 1.054778 4.399554 3.500000 21.500000 0.000000 7 1 43
3.091367 1.054778 4.399554 4.500000 21.500000 0.000000 7 1 43
3.091367 1.054778 4.399554 5.500000 21.500000 0.000000 7 1 43
3.091367 1.054778 4.399554 6.500000 21.500000 0.000000 7 1 43
3.091367 1.054778 4.399554 7.500000 21.500000 0.000000 7 1 43
3.091367 1.054778 4.399554 8.500000 21.500000 0.000000 7 1 43
3.091367 1.054778 4.399554 9.500000 21.500000 0.000000 7 1 43
3.091367 1.054778 4.399554 10.500000 21.500000 0.000000 7 1 43
3.091367 1.054778 4.399554 11.500000 21.500000 0.000000 7 1 43
3.091367 1.054778 4.399554 12.500000 21.500000 0.000000 7 1 43
3.091367 1.054778 4.399554 13.500000 21.500000 0.000000 7 1 43
3.091367 1.054778 4.399554 14.500000 21.500000 0.000000 7 1 43
3.091367 1.054778 4.399554 15.500000 21.500000 0.000000 7 1 43
3.091367 1.054778 4.399554 16.500000 21.500000 0.000000 7 1 43
3.091367 1.054778 4.399554 17.500000 21.500000 0.000000 7 1 43
3.091367 1.054778 4.399554 18.500000 21.500000 0.000000 7 1 43
3.091367 1.054778 4.399554 19.500000 21.500000 0.000000 7 1 43
3.091367 1.054778 4.399554 20.500000 21.500000 0.000000 7 1 43
3.091367 1.054778 4.399554 21.500000 21.500000 0.000000 7 1 43
3.091367 1.054778 4.399554 22.500000 21.500000 0.000000 7 1 43
3.091367 1.054778 4.399554 23.500000 21.500000 0.000000 7 1 43
3.091367 1.054778 4.399554 24.500000 21.500000 0.000000 7 1 43
3.091367 1.054778 4.399554 25.500000 21.500000 0.000000 7 1 43
3.091367 1.054778 4.399554 26.500000 21.500000 0.000000 7 1 43
3.091367 1.054778 4.399554 27.500000 21.500000 0.000000 7 1 43
3.091367 1.054778 4.399554 28.500000 21.500000 0.000000 7 1 43
3.091367 1.054778 4.399554 29.500000 21.500000 0.000000 7 1 43
3.091367 1.054778 4.399554 30.500000 21.500000 0.000000 7 1 43
3.091367 1.054778 4.399554 31.500000 21.500000 0.000000 7 1 43
3.091367 1.054778 4.399554 32.500000 21.500000 0.000000 7 1 43
3.091367 1.054778 4.399554 33.500000 21.500000 0.000000 7 1 43
3.091367 1.054778 4.399554 34.500000 21.500000 0.000000 7 1 43
3.091367 1.054778 4.399554 35.500000 21.500000 0.000000 7 1 43
3.091367 1.054778 4.399554 36.500000 21.500000 0.000000 7 1 43
3.091367 1.054778 4.399554 37.500000 21.500000 0.000000 7 1 43
3.091367 1.054778 4.399554 38.500000 21.500000 0.000000 7 1 43
1.491676 2.158323 2.698866 39.500000 21.500000 0.000000 8 1 43
1.491676 2.158323 2.698866 40.500000 21.500000 0.000000 8 1 43
1.491676 2.158323 2.698866 41.500000 21.500000 0.000000 8 1 43
1.491676 2.158323 2.698866 42.500000 21.500000 0.000000 8 1 43
1.491676 2.158323 2.698866 43.500000 21.500000 0.000000 8 1 43
1.491676 2.158323 2.698866 44.500000 21.500000 0.000000 8 1 43
1.491676 2.158323 2.698866 45.500000 21.500000 0.000000 8 1 43
1.491676 2.158323 2.698866 46.500000 21.500000 0.000000 8 1 43
1.491676 2.158323 2.698866 47.500000 21.500000 0.000000 8 1 43
1.491676 2.158323 2.698866 48.500000 21.500000 0.000000 8 1 43
1.491676 2.158323 2.698866 49.500000 21.500000 0.000000 8 1 43
1.491676 2.158323 2.698866 50.500000 21.500000 0.000000 8 1 43
1.491676 2.158323 2.698866 51.500000 21.500000 0.000000 8 1 43
1.491676 2.158323 2.698866 52.500000 21.500000 0.000000 8 1 43
1.876906 1.069354 0.211030 53.500000 21.500000 0.000000 9 1 43
1.876906 1.069354 0.211030 54.500000 21.500000 0.000000 9 1 43
1.876906 1.069354 0.211030 55.500000 21.500000 0.000000 9 1 43
1.876906 1.069354 0.211030 56.500000 21.500000 0.000000 9 1 43
1.876906 1.069354 0.211030 57.500000 21.500000 0.000000 9 1 43
1.876906 1.069354 0.211030 58.500000 21.500000 0.000000 9 1 43
1.876906 1.069354 0.211030 59.500000 21.500000 0.000000 9 1 43
1.876906 1.069354 0.211030 60.500000 21.500000 0.000000 9 1 43
1.876906 1.069354 0.211030 61.500000 21.500000 0.000000 9 1 43
1.876906 1.069354 0.211030 62.500000 21.500000 0.000000 9 1 43
1.876906 1.069354 0.211030 63.500000 21.500000 0.000000 9 1 43
1.876906 1.069354 0.211030 64.500000 21.500000 0.000000 9 1 43
1.876906 1.069354 0.211030 65.500000 21.500000 0.000000 9 1 43
1.876906 1.069354 0.211030 66.500000 21.500000 0.000000 9 1 43
1.876906 1.069354 0.211030 67.500000 21.500000 0.000000 9 1 43
1.876906 1.069354 0.211030 68.500000 21.500000 0.000000 9 1 43
1.876906 1.069354 0.211030 69.500000 21.500000 0.000000 9 1 43
1.876906 1.069354 0.211030 70.500000 21.500000 0.000000 9 1 43
1.876906 1.069354 0.211030 71.500000 21.500000 0.000000 9 1 43
1.876906 1.069354 0.211030 72.500000 21.500000 0.000000 9 1 43
1.876906 1.069354 0.211030 73.500000 21.500000 0.000000 9 1 43
1.876906 1.069354 0.211030 74.500000 21.500000 0.000000 9 1 43
1.876906 1.069354 0.211030 75.500000 21.500000 0.000000 9 1 43
1.876906 1.069354 0.211030 76.500000 21.500000 0.000000 9 1 43
1.876906 1.069354 0.211030 77.500000 21.500000 0.000000 9 1 43
1.876906 1.069354 0.211030 78.500000 21.500000 0.000000 9 1 43
1.876906 1.069354 0.211030 79.500000 21.500000 0.000000 9 1 43
1.876906 1.069354 0.211030 80.500000 21.500000 0.000000 9 1 43
2.001568 1.662294 5.277684 81.500000 21.500000 0.000000 1 1 43
2.001568 1.662294 5.277684 82.500000 21.500000 0.000000 1 1 43
2.001568 1.662294 5.277684 83.500000 21.500000 0.000000 1 1 43
2.001568 1.662294 5.277684 84.500000 21.500000 0.000000 1 1 43
2.001568 1.662294 5.277684 85.500000 21.500000 0.000000 1 1 43
2.001568 1.662294 5.277684 86.500000 21.500000 0.000000 1 1 43
2.001568 1.662294 5.277684 87.500000 21.500000 0.000000 1 1 43
2.001568 1.662294 5.277684 88.500000 21.500000 0.000000 1 1 43
2.001568 1.662294 5.277684 89.500000 21.500000 0.000000 1 1 43
2.001568 1.662294 5.277684 90.500000 21.500000 0.000000 1 1 43
2.001568 1.662294 5.277684 91.500000 21.500000 0.000000 1 1 43
2.001568 1.662294 5.277684 92.500000 21.500000 0.000000 1 1 43
2.001568 1.662294 5.277684 93.500000 21.500000 0.000000 1 1 43
2.001568 1.662294 5.277684 94.500000 21.500000 0.000000 1 1 43
2.001568 1.662294 5.277684 95.500000 21.500000 0.000000 1 1 43
2.001568 1.662294 5.277684 96.500000 21.500000 0.000000 1 1 43
2.001568 1.662294 5.277684 97.500000 21.500000 0.000000 1 1 43
2.001568 1.662294 5.277684 98.500000 21.500000 0.000000 1 1 43
2.001568 1.662294 5.277684 99.500000 21.500000 0.000000 1 1 43
3.091367 1.054778 4.399554 0.500000 22.500000 0.000000 7 1 43
3.091367 1.054778 4.399554 1.500000 22.500000 0.000000 7 1 43
3.091367 1.054778 4.399554 2.500000 22.500000 0.000000 7 1 43
3.091367 1.054778 4.399554 3.500000 22.500000 0.000000 7 1 43
3.091367 1.054778 4.399554 4.500000 22.500000 0.000000 7 1 43
3.091367 1.054778 4.399554 5.500000 22.500000 0.000000 7 1 43
3.091367 1.054778 4.399554 6.500000 22.500000 0.000000 7 1 43
3.091367 1.054778 4.399554 7.500000 22.500000 0.000000 7 1 43
3.091367 1.054778 4.399554 8.500000 22.500000 0.000000 7 1 43
3.091367 1.054778 4.399554 9.500000 22.500000 0.000000 7 1 43
3.091367 1.054778 4.399554 10.500000 22.500000 0.000000 7 1 43
3.091367 1.054778 4.399554 11.500000 22.500000 0.000000 7 1 43
3.091367 1.054778 4.399554 12.500000 22.500000 0.000000 7 1 43
3.091367 1.054778 4.399554 13.500000 22.500000 0.000000 7 1 43
3.091367 1.054778 4.399554 14.500000 22.500000 0.000000 7 1 43
3.091367 1.054778 4.399554 15.500000 22.500000 0.000000 7 1 43
3.091367 1.054778 4.399554 16.500000 22.500000 0.000000 7 1 43
3.091367 1.054778 4.399554 17.500000 22.500000 0.000000 7 1 43
3.091367 1.054778 4.399554 18.500000 22.500000 0.000000 7 1 43
3.091367 1.054778 4.399554 19.500000 22.500000 0.000000 7 1 43
3.091367 1.054778 4.399554 20.500000 22.500000 0.000000 7 1 43
3.091367 1.054778 4.399554 21.500000 22.500000 0.000000 7 1 43
3.091367 1.054778 4.399554 22.500000 22.500000 0.000000 7 1 43
3.091367 1.054778 4.399554 23.500000 22.500000 0.000000 7 1 43
3.091367 1.054778 4.399554 24.500000 22.500000 0.000000 7 1 43
3.091367 1.054778 4.399554 25.500000 22.500000 0.000000 7 1 43
3.091367 1.054778 4.399554 26.500000 22.500000 0.000000 7 1 43
3.091367 1.054778 4.399554 27.500000 22.500000 0.000000 7 1 43
3.091367 1.054778 4.399554 28.500000 22.500000 0.000000 7 1 43
3.091367 1.054778 4.399554 29.500000 22.500000 0.000000 7 1 43
3.091367 1.054778 4.399554 30.500000 22.500000 0.000000 7 1 43
3.091367 1.054778 4.399554 31.500000 22.500000 0.000000 7 1 43
3.091367 1.054778 4.399554 32.500000 22.500000 0.000000 7 1 43
3.091367 1.054778 4.399554 33.500000 22.500000 0.000000 7 1 43
3.091367 1.054778 4.399554 34.500000 22.500000 0.000000 7 1 43
3.091367 1.054778 4.399554 35.500000 22.500000 0.000000 7 1 43
3.091367 1.054778 4.399554 36.500000 22.500000 0.000000 7 1 43
3.091367 1.054778 4.399554 37.500000 22.500000 0.000000 7 1 43
1.491676 2.158323 2.698866 38.500000 22.500000 0.000000 8 1 43
1.491676 2.158323 2.698866 39.500000 22.500000 0.000000 8 1 43
1.491676 2.158323 2.698866 40.500000 22.500000 0.000000 8 1 43
1.491676 2.158323 2.698866 41.500000 22.500000 0.000000 8 1 43
1.491676 2.158323 2.698866 42.500000 22.500000 0.000000 8 1 43
1.491676 2.158323 2.698866 43.500000 22.500000 0.000000 8 1 43
1.491676 2.158323 2.698866 44.500000 22.500000 0.000000 8 1 43
1.491676 2.158323 2.698866 45.500000 22.500000 0.000000 8 1 43
1.491676 2.158323 2.698866 46.500000 22.500000 0.000000 8 1 43
1.491676 2.158323 2.698866 47.500000 22.500000 0.000000 8 1 43
1.491676 2.158323 2.698866 48.500000 22.500000 0.000000 8 1 43
1.491676 2.158323 2.698866 49.500000 22.500000 0.000000 8 1 43
1.491676 2.158323 2.698866 50.500000 22.500000 0.000000 8 1 43
1.491676 2.158323 2.698866 51.500000 22.500000 0.000000 8 1 43
1.491676 2.158323 2.698866 52.500000 22.500000 0.000000 8 1 43
1.491676 2.158323 2.698866 53.500000 22.500000 0.000000 8 1 43
1.876906 1.069354 0.211030 54.500000 22.500000 0.000000 9 1 43
1.876906 1.069354 0.211030 55.500000 22.500000 0.000000 9 1 43
1.876906 1.069354 0.211030 56.500000 22.500000 0.000000 9 1 43
1.876906 1.069354 0.211030 57.500000 22.500000 0.000000 9 1 43
1.876906 1.069354 0.211030 58.500000 22.500000 0.000000 9 1 43
1.876906 1.069354 0.211030 59.500000 22.500000 0.000000 9 1 43
1.876906 1.069354 0.211030 60.500000 22.500000 0.000000 9 1 43
1.876906 1.069354 0.211030 61.500000 22.500000 0.000000 9 1 43
1.876906 1.069354 0.211030 62.500000 22.500000 0.000000 9 1 43
1.876906 1.069354 0.211030 63.500000 22.500000 0.000000 9 1 43
1.876906 1.069354 0.211030 64.500000 22.500000 0.000000 9 1 43
1.876906 1.069354 0.211030 65.500000 22.500000 0.000000 9 1 43
1.876906 1.069354 0.211030 66.500000 22.500000 0.000000 9 1 43
1.876906 1.069354 0.211030 67.500000 22.500000 0.000000 9 1 43
1.876906 1.069354 0.211030 68.500000 22.500000 0.000000 9 1 43
1.876906 1.069354 0.211030 69.500000 22.500000 0.000000 9 1 43
1.876906 1.069354 0.211030 70.500000 22.500000 0.000000 9 1 43
1.876906 1.069354 0.211030 71.500000 22.500000 0.000000 9 1 43
1.876906 1.069354 0.211030 72.500000 22.500000 0.000000 9 1 43
1.876906 1.069354 0.211030 73.500000 22.500000 0.000000 9 1 43
1.876906 1.069354 0.211030 74.500000 22.500000 0.000000 9 1 43
1.876906 1.069354 0.211030 75.500000 22.500000 0.000000 9 1 43
1.876906 1.069354 0.211030 76.500000 22.500000 0.000000 9 1 43
1.876906 1.069354 0.211030 77.500000 22.500000 0.000000 9 1 43
1.876906 1.069354 0.211030 78.500000 22.500000 0.000000 9 1 43
2.001568 1.662294 5.277684 79.500000 22.500000 0.000000 1 1 43
2.001568 1.662294 5.277684 80.500000 22.500000 0.000000 1 1 43
2.001568 1.662294 5.277684 81.500000 22.500000 0.000000 1 1 43
2.001568 1.662294 5.277684 82.500000 22.500000 0.000000 1 1 43
2.001568 1.662294 5.277684 83.500000 22.500000 0.000000 1 1 43
2.001568 1.662294 5.277684 84.500000 22.500000 0.000000 1 1 43
2.001568 1.662294 5.277684 85.500000 22.500000 0.000000 1 1 43
2.001568 1.662294 5.277684 86.500000 22.500000 0.000000 1 1 43
2.001568 1.662294 5.277684 87.500000 22.500000 0.000000 1 1 43
2.001568 1.662294 5.277684 88.500000 22.500000 0.000000 1 1 43
2.001568 1.662294 5.277684 89.500000 22.500000 0.000000 1 1 43
2.001568 1.662294 5.277684 90.500000 22.500000 0.000000 1 1 43
2.001568 1.662294 5.277684 91.500000 22.500000 0.000000 1 1 43
2.001568 1.662294 5.277684 92.500000 22.500000 0.000000 1 1 43
2.001568 1.662294 5.277684 93.500000 22.500000 0.000000 1 1 43
2.001568 1.662294 5.277684 94.500000 22.500000 0.000000 1 1 43
2.001568 1.662294 5.277684 95.500000 22.500000 0.000000 1 1 43
2.001568 1.662294 5.277684 96.500000 22.500000 0.000000 1 1 43
2.001568 1.662294 5.277684 97.500000 22.500000 0.000000 1 1 43
2.001568 1.662294 5.277684 98.500000 22.500000 0.000000 1 1 43
2.001568 1.662294 5.277684 99.500000 22.500000 0.000000 1 1 43
3.091367 1.054778 4.399554 0.500000 23.500000 0.000000 7 1 43
3.091367 1.054778 4.399554 1.500000 23.500000 0.000000 7 1 43
3.091367 1.054778 4.399554 2.500000 23.500000 0.000000 7 1 43
3.091367 1.054778 4.399554 3.500000 23.500000 0.000000 7 1 43
3.091367 1.054778 4.399554 4.500000 23.500000 0.000000 7 1 43
3.091367 1.054778 4.399554 5.500000 23.500000 0.000000 7 1 43
3.091367 1.054778 4.399554 6.500000 23.500000 0.000000 7 1 43
3.091367 1.054778 4.399554 7.500000 23.500000 0.000000 7 1 43
3.091367 1.054778 4.399554 8.500000 23.500000 0.000000 7 1 43
3.091367 1.054778 4.399554 9.500000 23.500000 0.000000 7 1 43
3.091367 1.054778 4.399554 10.500000 23.500000 0.000000 7 1 43
3.091367 1.054778 4.399554 11.500000 23.500000 0.000000 7 1 43
3.091367 1.054778 4.399554 12.500000 23.500000 0.000000 7 1 43
3.091367 1.054778 4.399554 13.500000 23.500000 0.000000 7 1 43
3.091367 1.054778 4.399554 14.500000 23.500000 0.000000 7 1 43
3.091367 1.054778 4.399554 15.500000 23.500000 0.000000 7 1 43
3.091367 1.054778 4.399554 16.500000 23.500000 0.000000 7 1 43
3.091367 1.054778 4.399554 17.500000 23.500000 0.000000 7 1 43
3.091367 1.054778 4.399554 18.500000 23.500000 0.000000 7 1 43
3.091367 1.054778 4.399554 19.500000 23.500000 0.000000 7 1 43
3.091367 1.054778 4.399554 20.500000 23.500000 0.000000 7 1 43
3.091367 1.054778 4.399554 21.500000 23.500000 0.000000 7 1 43
3.091367 1.054778 4.399554 22.500000 23.500000 0.000000 7 1 43
4.801245 1.676940 0.760133 23.500000 23.500000 0.000000 6 1 43
4.801245 1.676940 0.760133 24.500000 23.500000 0.000000 6 1 43
4.801245 1.676940 0.760133 25.500000 23.500000 0.000000 6 1 43
4.801245 1.676940 0.760133 26.500000 23.500000 0.000000 6 1 43
4.801245 1.676940 0.760133 27.500000 23.500000 0.000000 6 1 43
4.801245 1.676940 0.760133 28.500000 23.500000 0.000000 6 1 43
4.801245 1.676940 0.760133 29.500000 23.500000 0.000000 6 1 43
4.801245 1.676940 0.760133 30.500000 23.500000 0.000000 6 1 43
4.801245 1.676940 0.760133 31.500000 23.500000 0.000000 6 1 43
4.801245 1.676940 0.760133 32.500000 23.500000 0.000000 6 1 43
4.801245 1.676940 0.760133 33.500000 23.500000 0.000000 6 1 43
4.801245 1.676940 0.760133 34.500000 23.500000 0.000000 6 1 43
4.801245 1.676940 0.760133 35.500000 23.500000 0.000000 6 1 43
4.801245 1.676940 0.760133 36.500000 23.500000 0.000000 6 1 43
4.801245 1.676940 0.760133 37.500000 23.500000 0.000000 6 1 43
1.491676 2.158323 2.698866 38.500000 23.500000 0.000000 8 1 43
1.491676 2.158323 2.698866 39.500000 23.500000 0.000000 8 1 43
1.491676 2.158323 2.698866 40.500000 23.500000 0.000000 8 1 43
1.491676 2.158323 2.698866 41.500000 23.500000 0.000000 8 1 43
1.491676 2.158323 2.698866 42.500000 23.500000 0.000000 8 1 43
1.491676 2.158323 2.698866 43.500000 23.500000 0.000000 8 1 43
1.491676 2.158323 2.698866 44.500000 23.500000 0.000000 8 1 43
1.491676 2.158323 2.698866 45.500000 23.500000 0.000000 8 1 43
1.491676 2.158323 2.698866 46.500000 23.500000 0.000000 8 1 43
1.491676 2.158323 2.698866 47.500000 23.500000 0.000000 8 1 43
1.491676 2.158323 2.698866 48.500000 23.500000 0.000000 8 1 43
1.491676 2.158323 2.698866 49.500000 23.500000 0.000000 8 1 43
1.491676 2.158323 2.698866 50.500000 23.500000 0.000000 8 1 43
1.491676 2.158323 2.698866 51.500000 23.500000 0.000000 8 1 43
1.491676 2.158323 2.698866 52.500000 23.500000 0.000000 8 1 43
1.491676 2.158323 2.698866 53.500000 23.500000 0.000000 8 1 43
1.491676 2.158323 2.698866 54.500000 23.500000 0.000000 8 1 43
1.228663 2.197655 2.203669 55.500000 23.500000 0.000000 3 1 43
1.228663 2.197655 2.203669 56.500000 23.500000 0.000000 3 1 43
1.228663 2.197655 2.203669 57.500000 23.500000 0.000000 3 1 43
1.228663 2.197655 2.203669 58.500000 23.500000 0.000000 3 1 43
1.876906 1.069354 0.211030 59.500000 23.500000 0.000000 9 1 43
1.876906 1.069354 0.211030 60.500000 23.500000 0.000000 9 1 43
1.876906 1.069354 0.211030 61.500000 23.500000 0.000000 9 1 43
1.876906 1.069354 0.211030 62.500000 23.500000 0.000000 9 1 43
1.876906 1.069354 0.211030 63.500000 23.500000 0.000000 9 1 43
1.876906 1.069354 0.211030 64.500000 23.500000 0.000000 9 1 43
1.876906 1.069354 0.211030 65.500000 23.500000 0.000000 9 1 43
1.876906 1.069354 0.211030 66.500000 23.500000 0.000000 9 1 43
1.876906 1.069354 0.211030 67.500000 23.500000 0.000000 9 1 43
1.876906 1.069354 0.211030 68.500000 23.500000 0.000000 9 1 43
1.876906 1.069354 0.211030 69.500000 23.500000 0.000000 9 1 43
1.876906 1.069354 0.211030 70.500000 23.500000 0.000000 9 1 43
1.876906 1.069354 0.211030 71.500000 23.500000 0.000000 9 1 43
1.876906 1.069354 0.211030 72.500000 23.500000 0.000000 9 1 43
1.876906 1.069354 0.211030 73.500000 23.500000 0.000000 9 1 43
1.876906 1.069354 0.211030 74.500000 23.500000 0.000000 9 1 43
1.876906 1.069354 0.211030 75.500000 23.500000 0.000000 9 1 43
1.876906 1.069354 0.211030 76.500000 23.500000 0.000000 9 1 43
1.876906 1.069354 0.211030 77.500000 23.500000 0.000000 9 1 43
2.001568 1.662294 5.277684 78.500000 23.500000 0.000000 1 1 43
2.001568 1.662294 5.277684 79.500000 23.500000 0.000000 1 1 43
2.001568 1.662294 5.277684 80.500000 23.500000 0.000000 1 1 43
2.001568 1.662294 5.277684 81.500000 23.500000 0.000000 1 1 43
2.001568 1.662294 5.277684 82.500000 23.500000 0.000000 1 1 43
2.001568 1.662294 5.277684 83.500000 23.500000 0.000000 1 1 43
2.001568 1.662294 5.277684 84.500000 23.500000 0.000000 1 1 43
2.001568 1.662294 5.277684 85.500000 23.500000 0.000000 1 1 43
2.001568 1.662294 5.277684 86.500000 23.500000 0.000000 1 1 43
2.001568 1.662294 5.277684 87.500000 23.500000 0.000000 1 1 43
2.001568 1.662294 5.277684 88.500000 23.500000 0.000000 1 1 43
2.001568 1.662294 5.277684 89.500000 23.500000 0.000000 1 1 43
2.001568 1.662294 5.277684 90.500000 23.500000 0.000000 1 1 43
2.001568 1.662294 5.277684 91.500000 23.500000 0.000000 1 1 43
2.001568 1.662294 5.277684 92.500000 23.500000 0.000000 1 1 43
2.001568 1.662294 5.277684 93.500000 23.500000 0.000000 1 1 43
2.001568 1.662294 5.277684 94.500000 23.500000 0.000000 1 1 43
2.001568 1.662294 5.277684 95.500000 23.500000 0.000000 1 1 43
2.001568 1.662294 5.277684 96.500000 23.500000 0.000000 1 1 43
2.001568 1.662294 5.277684 97.500000 23.500000 0.000000 1 1 43
2.001568 1.662294 5.277684 98.500000 23.500000 0.000000 1 1 43
2.001568 1.662294 5.277684 99.500000 23.500000 0.000000 1 1 43
3.091367 1.054778 4.399554 0.500000 24.500000 0.000000 7 1 43
3.091367 1.054778 4.399554 1.500000 24.500000 0.000000 7 1 43
3.091367 1.054778 4.399554 2.500000 24.500000 0.000000 7 1 43
3.091367 1.054778 4.399554 3.500000 24.500000 0.000000 7 1 43
3.091367 1.054778 4.399554 4.500000 24.500000 0.000000 7 1 43
3.091367 1.054778 4.399554 5.500000 24.500000 0.000000 7 1 43
3.091367 1.054778 4.399554 6.500000 24.500000 0.000000 7 1 43
3.091367 1.054778 4.399554 7.500000 24.500000 0.000000 7 1 43
3.091367 1.054778 4.399554 8.500000 24.500000 0.000000 7 1 43
3.091367 1.054778 4.399554 9.500000 24.500000 0.000000 7 1 43
3.091367 1.054778 4.399554 10.500000 24.500000 0.000000 7 1 43
3.091367 1.054778 4.399554 11.500000 24.500000 0.000000 7 1 43
3.091367 1.054778 4.399554 12.500000 24.500000 0.000000 7 1 43
3.091367 1.054778 4.399554 13.500000 24.500000 0.000000 7 1 43
3.091367 1.054778 4.399554 14.500000 24.500000 0.000000 7 1 43
3.091367 1.054778 4.399554 15.500000 24.500000 0.000000 7 1 43
3.091367 1.054778 4.399554 16.500000 24.500000 0.000000 7 1 43
3.091367 1.054778 4.399554 17.500000 24.500000 0.000000 7 1 43
3.091367 1.054778 4.399554 18.500000 24.500000 0.000000 7 1 43
3.091367 1.054778 4.399554 19.500000 24.500000 0.000000 7 1 43
3.091367 1.054778 4.399554 20.500000 24.500000 0.000000 7 1 43
4.801245 1.676940 0.760133 21.500000 24.500000 0.000000 6 1 43
4.801245 1.676940 0.760133 22.500000 24.500000 0.000000 6 1 43
4.801245 1.676940 0.760133 23.500000 24.500000 0.000000 6 1 43
4.801245 1.676940 0.760133 24.500000 24.500000 0.000000 6 1 43
4.801245 1.676940 0.760133 25.500000 24.500000 0.000000 6 1 43
4.801245 1.676940 0.760133 26.500000 24.500000 0.000000 6 1 43
4.801245 1.676940 0.760133 27.500000 24.500000 0.000000 6 1 43
4.801245 1.676940 0.760133 28.500000 24.500000 0.000000 6 1 43
4.801245 1.676940 0.760133 29.500000 24.500000 0.000000 6 1 43
4.801245 1.676940 0.760133 30.500000 24.500000 0.000000 6 1 43
4.801245 1.676940 0.760133 31.500000 24.500000 0.000000 6 1 43
4.801245 1.676940 0.760133 32.500000 24.500000 0.000000 6 1 43
4.801245 1.676940 0.760133 33.500000 24.500000 0.000000 6 1 43
4.801245 1.676940 0.760133 34.500000 24.500000 0.000000 6 1 43
4.801245 1.676940 0.760133 35.500000 24.500000 0.000000 6 1 43
4.801245 1.676940 0.760133 36.500000 24.500000 0.000000 6 1 43
4.801245 1.676940 0.760133 37.500000 24.500000 0.000000 6 1 43
1.491676 2.158323 2.698866 38.500000 24.500000 0.000000 8 1 43
1.491676 2.158323 2.698866 39.500000 24.500000 0.000000 8 1 43
1.491676 2.158323 2.698866 40.500000 24.500000 0.000000 8 1 43
1.491676 2.158323 2.698866 41.500000 24.500000 0.000000 8 1 43
1.491676 2.158323 2.698866 42.500000 24.500000 0.000000 8 1 43
1.491676 2.158323 2.698866 43.500000 24.500000 0.000000 8 1 43
1.491676 2.158323 2.698866 44.500000 24.500000 0.000000 8 1 43
1.491676 2.158323 2.698866 45.500000 24.500000 0.000000 8 1 43
1.491676 2.158323 2.698866 46.500000 24.500000 0.000000 8 1 43
1.491676 2.158323 2.698866 47.500000 24.500000 0.000000 8 1 43
1.491676 2.158323 2.698866 48.500000 24.500000 0.000000 8 1 43
1.491676 2.158323 2.698866 49.500000 24.500000 0.000000 8 1 43
1.491676 2.158323 2.698866 50.500000 24.500000 0.000000 8 1 43
1.491676 2.158323 2.698866 51.500000 24.500000 0.000000 8 1 43
1.491676 2.158323 2.698866 52.500000 24.500000 0.000000 8 1 43
1.491676 2.158323 2.698866 53.500000 24.500000 0.000000 8 1 43
1.491676 2.158323 2.698866 54.500000 24.500000 0.000000 8 1 43
1.228663 2.197655 2.203669 55.500000 24.500000 0.000000 3 1 43
1.228663 2.197655 2.203669 56.500000 24.500000 0.000000 3 1 43
1.228663 2.197655 2.203669 57.500000 24.500000 0.000000 3 1 43
1.228663 2.197655 2.203669 58.500000 24.500000 0.000000 3 1 43
1.228663 2.197655 2.203669 59.500000 24.500000 0.000000 3 1 43
1.228663 2.197655 2.203669 60.500000 24.500000 0.000000 3 1 43
1.228663 2.197655 2.203669 61.500000 24.500000 0.000000 3 1 43
1.876906 1.069354 0.211030 62.500000 24.500000 0.000000 9 1 43
1.876906 1.069354 0.211030 63.500000 24.500000 0.000000 9 1 43
1.876906 1.069354 0.211030 64.500000 24.500000 0.000000 9 1 43
1.876906 1.069354 0.211030 65.500000 24.500000 0.000000 9 1 43
1.876906 1.069354 0.211030 66.500000 24.500000 0.000000 9 1 43
1.876906 1.069354 0.211030 67.500000 24.500000 0.000000 9 1 43
1.876906 1.069354 0.211030 68.500000 24.500000 0.000000 9 1 43
1.876906 1.069354 0.211030 69.500000 24.500000 0.000000 9 1 43
1.876906 1.069354 0.211030 70.500000 24.500000 0.000000 9 1 43
1.876906 1.069354 0.211030 71.500000 24.500000 0.000000 9 1 43
1.876906 1.069354 0.211030 72.500000 24.500000 0.000000 9 1 43
1.876906 1.069354 0.211030 73.500000 24.500000 0.000000 9 1 43
1.876906 1.069354 0.211030 74.500000 24.500000 0.000000 9 1 43
1.876906 1.069354 0.211030 75.500000 24.500000 0.000000 9 1 43
2.001568 1.662294 5.277684 76.500000 24.500000 0.000000 1 1 43
2.001568 1.662294 5.277684 77.500000 24.500000 0.000000 1 1 43
2.001568 1.662294 5.277684 78.500000 24.500000 0.000000 1 1 43
2.001568 1.662294 5.277684 79.500000 24.500000 0.000000 1 1 43
2.001568 1.662294 5.277684 80.500000 24.500000 0.000000 1 1 43
2.001568 1.662294 5.277684 81.500000 24.500000 0.000000 1 1 43
2.001568 1.662294 5.277684 82.500000 24.500000 0.000000 1 1 43
2.001568 1.662294 5.277684 83.500000 24.500000 0.000000 1 1 43
2.001568 1.662294 5.277684 84.500000 24.500000 0.000000 1 1 43
2.001568 1.662294 5.277684 85.500000 24.500000 0.000000 1 1 43
2.001568 1.662294 5.277684 86.500000 24.500000 0.000000 1 1 43
2.001568 1.662294 5.277684 87.500000 24.500000 0.000000 1 1 43
2.001568 1.662294 5.277684 88.500000 24.500000 0.000000 1 1 43
2.001568 1.662294 5.277684 89.500000 24.500000 0.000000 1 1 43
2.001568 1.662294 5.277684 90.500000 24.500000 0.000000 1 1 43
2.001568 1.662294 5.277684 91.500000 24.500000 0.000000 1 1 43
2.001568 1.662294 5.277684 92.500000 24.500000 0.000000 1 1 43
2.001568 1.662294 5.277684 93.500000 24.500000 0.000000 1 1 43
2.001568 1.662294 5.277684 94.500000 24.500000 0.000000 1 1 43
2.001568 1.662294 5.277684 95.500000 24.500000 0.000000 1 1 43
2.001568 1.662294 5.277684 96.500000 24.500000 0.000000 1 1 43
2.001568 1.662294 5.277684 97.500000 24.500000 0.000000 1 1 43
2.001568 1.662294 5.277684 98.500000 24.500000 0.000000 1 1 43
2.001568 1.662294 5.277684 99.500000 24.500000 0.000000 1 1 43
3.091367 1.054778 4.399554 0.500000 25.500000 0.000000 7 1 43
3.091367 1.054778 4.399554 1.500000 25.500000 0.000000 7 1 43
3.091367 1.054778 4.399554 2.500000 25.500000 0.000000 7 1 43
3.091367 1.054778 4.399554 3.500000 25.500000 0.000000 7 1 43
3.091367 1.054778 4.399554 4.500000 25.500000 0.000000 7 1 43
3.091367 1.054778 4.399554 5.500000 25.500000 0.000000 7 1 43
3.091367 1.054778 4.399554 6.500000 25.500000 0.000000 7 1 43
3.091367 1.054778 4.399554 7.500000 25.500000 0.000000 7 1 43
3.091367 1.054778 4.399554 8.500000 25.500000 0.000000 7 1 43
3.091367 1.054778 4.399554 9.500000 25.500000 0.000000 7 1 43
3.091367 1.054778 4.399554 10.500000 25.500000 0.000000 7 1 43
3.091367 1.054778 4.399554 11.500000 25.500000 0.000000 7 1 43
3.091367 1.054778 4.399554 12.500000 25.500000 0.000000 7 1 43
3.091367 1.054778 4.399554 13.500000 25.500000 0.000000 7 1 43
3.091367 1.054778 4.399554 14.500000 25.500000 0.000000 7 1 43
3.091367 1.054778 4.399554 15.500000 25.500000 0.000000 7 1 43
3.091367 1.054778 4.399554 16.500000 25.500000 0.000000 7 1 43
3.091367 1.054778 4.399554 17.500000 25.500000 0.000000 7 1 43
4.801245 1.676940 0.760133 18.500000 25.500000 0.000000 6 1 43
4.801245 1.676940 0.760133 19.500000 25.500000 0.000000 6 1 43
4.801245 1.676940 0.760133 20.500000 25.500000 0.000000 6 1 43
4.801245 1.676940 0.760133 21.500000 25.500000 0.000000 6 1 43
4.801245 1.676940 0.760133 22.500000 25.500000 0.000000 6 1 43
4.801245 1.676940 0.760133 23.500000 25.500000 0.000000 6 1 43
4.801245 1.676940 0.760133 24.500000 25.500000 0.000000 6 1 43
4.801245 1.676940 0.760133 25.500000 25.500000 0.000000 6 1 43
4.801245 1.676940 0.760133 26.500000 25.500000 0.000000 6 1 43
4.801245 1.676940 0.760133 27.500000 25.500000 0.000000 6 1 43
4.801245 1.676940 0.760133 28.500000 25.500000 0.000000 6 1 43
4.801245 1.676940 0.760133 29.500000 25.500000 0.000000 6 1 43
4.801245 1.676940 0.760133 30.500000 25.500000 0.000000 6 1 43
4.801245 1.676940 0.760133 31.500000 25.500000 0.000000 6 1 43
4.801245 1.676940 0.760133 32.500000 25.500000 0.000000 6 1 43
4.801245 1.676940 0.760133 33.500000 25.500000 0.000000 6 1 43
4.801245 1.676940 0.760133 34.500000 25.500000 0.000000 6 1 43
4.801245 1.676940 0.760133 35.500000 25.500000 0.000000 6 1 43
4.801245 1.676940 0.760133 36.500000 25.500000 0.000000 6 1 43
4.801245 1.676940 0.760133 37.500000 25.500000 0.000000 6 1 43
1.491676 2.158323 2.698866 38.500000 25.500000 0.000000 8 1 43
1.491676 2.158323 2.698866 39.500000 25.500000 0.000000 8 1 43
1.491676 2.158323 2.698866 40.500000 25.500000 0.000000 8 1 43
1.491676 2.158323 2.698866 41.500000 25.500000 0.000000 8 1 43
1.491676 2.158323 2.698866 42.500000 25.500000 0.000000 8 1 43
1.491676 2.158323 2.698866 43.500000 25.500000 0.000000 8 1 43
1.491676 2.158323 2.698866 44.500000 25.500000 0.000000 8 1 43
1.491676 2.158323 2.698866 45.500000 25.500000 0.000000 8 1 43
1.491676 2.158323 2.698866 46.500000 25.500000 0.000000 8 1 43
1.491676 2.158323 2.698866 47.500000 25.500000 0.000000 8 1 43
1.491676 2.158323 2.698866 48.500000 25.500000 0.000000 8 1 43
1.491676 2.158323 2.698866 49.500000 25.500000 0.000000 8 1 43
1.491676 2.158323 2.698866 50.500000 25.500000 0.000000 8 1 43
1.491676 2.158323 2.698866 51.500000 25.500000 0.000000 8 1 43
1.491676 2.158323 2.698866 52.500000 25.500000 0.000000 8 1 43
1.491676 2.158323 2.698866 53.500000 25.500000 0.000000 8 1 43
1.491676 2.158323 2.698866 54.500000 25.500000 0.000000 8 1 43
1.228663 2.197655 2.203669 55.500000 25.500000 0.000000 3 1 43
1.228663 2.197655 2.203669 56.500000 25.500000 0.000000 3 1 43
1.228663 2.197655 2.203669 57.500000 25.500000 0.000000 3 1 43
1.228663 2.197655 2.203669 58.500000 25.500000 0.000000 3 1 43
1.228663 2.197655 2.203669 59.500000 25.500000 0.000000 3 1 43
1.228663 2.197655 2.203669 60.500000 25.500000 0.000000 3 1 43
1.228663 2.197655 2.203669 61.500000 25.500000 0.000000 3 1 43
1.228663 2.197655 2.203669 62.500000 25.500000 0.000000 3 1 43
1.228663 2.197655 2.203669 63.500000 25.500000 0.000000 3 1 43
1.228663 2.197655 2.203669 64.500000 25.500000 0.000000 3 1 43
1.876906 1.069354 0.211030 65.500000 25.500000 0.000000 9 1 43
1.876906 1.069354 0.211030 66.500000 25.500000 0.000000 9 1 43
1.876906 1.069354 0.211030 67.500000 25.500000 0.000000 9 1 43
1.876906 1.069354 0.211030 68.500000 25.500000 0.000000 9 1 43
1.876906 1.069354 0.211030 69.500000 25.500000 0.000000 9 1 43
1.876906 1.069354 0.211030 70.500000 25.500000 0.000000 9 1 43
1.876906 1.069354 0.211030 71.500000 25.500000 0.000000 9 1 43
1.876906 1.069354 0.211030 72.500000 25.500000 0.000000 9 1 43
1.876906 1.069354 0.211030 73.500000 25.500000 0.000000 9 1 43
1.876906 1.069354 0.211030 74.500000 25.500000 0.000000 9 1 43
2.001568 1.662294 5.277684 75.500000 25.500000 0.000000 1 1 43
2.001568 1.662294 5.277684 76.500000 25.500000 0.000000 1 1 43
2.001568 1.662294 5.277684 77.500000 25.500000 0.000000 1 1 43
2.001568 1.662294 5.277684 78.500000 25.500000 0.000000 1 1 43
2.001568 1.662294 5.277684 79.500000 25.500000 0.000000 1 1 43
2.001568 1.662294 5.277684 80.500000 25.500000 0.000000 1 1 43
2.001568 1.662294 5.277684 81.500000 25.500000 0.000000 1 1 43
2.001568 1.662294 5.277684 82.500000 25.500000 0.000000 1 1 43
2.001568 1.662294 5.277684 83.500000 25.500000 0.000000 1 1 43
2.001568 1.662294 5.277684 84.500000 25.500000 0.000000 1 1 43
2.001568 1.662294 5.277684 85.500000 25.500000 0.000000 1 1 43
2.001568 1.662294 5.277684 86.500000 25.500000 0.000000 1 1 43
2.001568 1.662294 5.277684 87.500000 25.500000 0.000000 1 1 43
2.001568 1.662294 5.277684 88.500000 25.500000 0.000000 1 1 43
2.001568 1.662294 5.277684 89.500000 25.500000 0.000000 1 1 43
2.001568 1.662294 5.277684 90.500000 25.500000 0.000000 1 1 43
2.001568 1.662294 5.277684 91.500000 25.500000 0.000000 1 1 43
2.001568 1.662294 5.277684 92.500000 25.500000 0.000000 1 1 43
2.001568 1.662294 5.277684 93.500000 25.500000 0.000000 1 1 43
2.001568 1.662294 5.277684 94.500000 25.500000 0.000000 1 1 43
2.001568 1.662294 5.277684 95.500000 25.500000 0.000000 1 1 43
2.001568 1.662294 5.277684 96.500000 25.500000 0.000000 1 1 43
2.001568 1.662294 5.277684 97.500000 25.500000 0.000000 1 1 43
2.001568 1.662294 5.277684 98.500000 25.500000 0.000000 1 1 43
2.001568 1.662294 5.277684 99.500000 25.500000 0.000000 1 1 43
3.091367 1.054778 4.399554 0.500000 26.500000 0.000000 7 1 43
3.091367 1.054778 4.399554 1.500000 26.500000 0.000000 7 1 43
3.091367 1.054778 4.399554 2.500000 26.500000 0.000000 7 1 43
3.091367 1.054778 4.399554 3.500000 26.500000 0.000000 7 1 43
3.091367 1.054778 4.399554 4.500000 26.500000 0.000000 7 1 43
3.091367 1.054778 4.399554 5.500000 26.500000 0.000000 7 1 43
3.091367 1.054778 4.399554 6.500000 26.500000 0.000000 7 1 43
3.091367 1.054778 4.399554 7.500000 26.500000 0.000000 7 1 43
3.091367 1.054778 4.399554 8.500000 26.500000 0.000000 7 1 43
3.091367 1.054778 4.399554 9.500000 26.500000 0.000000 7 1 43
3.091367 1.054778 4.399554 10.500000 26.500000 0.000000 7 1 43
3.091367 1.054778 4.399554 11.500000 26.500000 0.000000 7 1 43
3.091367 1.054778 4.399554 12.500000 26.500000 0.000000 7 1 43
3.091367 1.054778 4.399554 13.500000 26.500000 0.000000 7 1 43
3.091367 1.054778 4.399554 14.500000 26.500000 0.000000 7 1 43
4.801245 1.676940 0.760133 15.500000 26.500000 0.000000 6 1 43
4.801245 1.676940 0.760133 16.500000 26.500000 0.000000 6 1 43
4.801245 1.676940 0.760133 17.500000 26.500000 0.000000 6 1 43
4.801245 1.676940 0.760133 18.500000 26.500000 0.000000 6 1 43
4.801245 1.676940 0.760133 19.500000 26.500000 0.000000 6 1 43
4.801245 1.676940 0.760133 20.500000 26.500000 0.000000 6 1 43
4.801245 1.676940 0.760133 21.500000 26.500000 0.000000 6 1 43
4.801245 1.676940 0.760133 22.500000 26.500000 0.000000 6 1 43
4.801245 1.676940 0.760133 23.500000 26.500000 0.000000 6 1 43
4.801245 1.676940 0.760133 24.500000 26.500000 0.000000 6 1 43
4.801245 1.676940 0.760133 25.500000 26.500000 0.000000 6 1 43
4.801245 1.676940 0.760133 26.500000 26.500000 0.000000 6 1 43
4.801245 1.676940 0.760133 27.500000 26.500000 0.000000 6 1 43
4.801245 1.676940 0.760133 28.500000 26.500000 0.000000 6 1 43
4.801245 1.676940 0.760133 29.500000 26.500000 0.000000 6 1 43
4.801245 1.676940 0.760133 30.500000 26.500000 0.000000 6 1 43
4.801245 1.676940 0.760133 31.500000 26.500000 0.000000 6 1 43
4.801245 1.676940 0.760133 32.500000 26.500000 0.000000 6 1 43
4.801245 1.676940 0.760133 33.500000 26.500000 0.000000 6 1 43
4.801245 1.676940 0.760133 34.500000 26.500000 0.000000 6 1 43
4.801245 1.676940 0.760133 35.500000 26.500000 0.000000 6 1 43
4.801245 1.676940 0.760133 36.500000 26.500000 0.000000 6 1 43
4.801245 1.676940 0.760133 37.500000 26.500000 0.000000 6 1 43
1.491676 2.158323 2.698866 38.500000 26.500000 0.000000 8 1 43
1.491676 2.158323 2.698866 39.500000 26.500000 0.000000 8 1 43
1.491676 2.158323 2.698866 40.500000 26.500000 0.000000 8 1 43
1.491676 2.158323 2.698866 41.500000 26.500000 0.000000 8 1 43
1.491676 2.158323 2.698866 42.500000 26.500000 0.000000 8 1 43
1.491676 2.158323 2.698866 43.500000 26.500000 0.000000 8 1 43
1.491676 2.158323 2.698866 44.500000 26.500000 0.000000 8 1 43
1.491676 2.158323 2.698866 45.500000 26.500000 0.000000 8 1 43
1.491676 2.158323 2.698866 46.500000 26.500000 0.000000 8 1 43
1.491676 2.158323 2.698866 47.500000 26.500000 0.000000 8 1 43
1.491676 2.158323 2.698866 48.500000 26.500000 0.000000 8 1 43
1.491676 2.158323 2.698866 49.500000 26.500000 0.000000 8 1 43
1.491676 2.158323 2.698866 50.500000 26.500000 0.000000 8 1 43
1.491676 2.158323 2.698866 51.500000 26.500000 0.000000 8 1 43
1.491676 2.158323 2.698866 52.500000 26.500000 0.000000 8 1 43
1.491676 2.158323 2.698866 53.500000 26.500000 0.000000 8 1 43
1.491676 2.158323 2.698866 54.500000 26.500000 0.000000 8 1 43
1.228663 2.197655 2.203669 55.500000 26.500000 0.000000 3 1 43
1.228663 2.197655 2.203669 56.500000 26.500000 0.000000 3 1 43
1.228663 2.197655 2.203669 57.500000 26.500000 0.000000 3 1 43
1.228663 2.197655 2.203669 58.500000 26.500000 0.000000 3 1 43
1.228663 2.197655 2.203669 59.500000 26.500000 0.000000 3 1 43
1.228663 2.197655 2.203669 60.500000 26.500000 0.000000 3 1 43
1.228663 2.197655 2.203669 61.500000 26.500000 0.000000 3 1 43
1.228663 2.197655 2.203669 62.500000 26.500000 0.000000 3 1 43
1.228663 2.197655 2.203669 63.500000 26.500000 0.000000 3 1 43
1.228663 2.197655 2.203669 64.500000 26.500000 0.000000 3 1 43
1.228663 2.197655 2.203669 65.500000 26.500000 0.000000 3 1 43
1.228663 2.197655 2.203669 66.500000 26.500000 0.000000 3 1 43
1.228663 2.197655 2.203669 67.500000 26.500000 0.000000 3 1 43
1.876906 1.069354 0.211030 68.500000 26.500000 0.000000 9 1 43
1.876906 1.069354 0.211030 69.500000 26.500000 0.000000 9 1 43
1.876906 1.069354 0.211030 70.500000 26.500000 0.000000 9 1 43
1.876906 1.069354 0.211030 71.500000 26.500000 0.000000 9 1 43
1.876906 1.069354 0.211030 72.500000 26.500000 0.000000 9 1 43
1.876906 1.069354 0.211030 73.500000 26.500000 0.000000 9 1 43
2.001568 1.662294 5.277684 74.500000 26.500000 0.000000 1 1 43
2.001568 1.662294 5.277684 75.500000 26.500000 0.000000 1 1 43
2.001568 1.662294 5.277684 76.500000 26.500000 0.000000 1 1 43
2.001568 1.662294 5.277684 77.500000 26.500000 0.000000 1 1 43
2.001568 1.662294 5.277684 78.500000 26.500000 0.000000 1 1 43
2.001568 1.662294 5.277684 79.500000 26.500000 0.000000 1 1 43
2.001568 1.662294 5.277684 80.500000 26.500000 0.000000 1 1 43
2.001568 1.662294 5.277684 81.500000 26.500000 0.000000 1 1 43
2.001568 1.662294 5.277684 82.500000 26.500000 0.000000 1 1 43
2.001568 1.662294 5.277684 83.500000 26.500000 0.000000 1 1 43
2.001568 1.662294 5.277684 84.500000 26.500000 0.000000 1 1 43
2.001568 1.662294 5.277684 85.500000 26.500000 0.000000 1 1 43
2.001568 1.662294 5.277684 86.500000 26.500000 0.000000 1 1 43
2.001568 1.662294 5.277684 87.500000 26.500000 0.000000 1 1 43
2.001568 1.662294 5.277684 88.500000 26.500000 0.000000 1 1 43
2.001568 1.662294 5.277684 89.500000 26.500000 0.000000 1 1 43
2.001568 1.662294 5.277684 90.500000 26.500000 0.000000 1 1 43
2.001568 1.662294 5.277684 91.500000 26.500000 0.000000 1 1 43
2.001568 1.662294 5.277684 92.500000 26.500000 0.000000 1 1 43
2.001568 1.662294 5.277684 93.500000 26.500000 0.000000 1 1 43
2.001568 1.662294 5.277684 94.500000 26.500000 0.000000 1 1 43
2.001568 1.662294 5.277684 95.500000 26.500000 0.000000 1 1 43
2.001568 1.662294 5.277684 96.500000 26.500000 0.000000 1 1 43
2.001568 1.662294 5.277684 97.500000 26.500000 0.000000 1 1 43
2.001568 1.662294 5.277684 98.500000 26.500000 0.000000 1 1 43
2.001568 1.662294 5.277684 99.500000 26.500000 0.000000 1 1 43
4.801245 1.676940 0.760133 0.500000 27.500000 0.000000 6 1 43
4.801245 1.676940 0.760133 1.500000 27.500000 0.000000 6 1 43
4.801245 1.676940 0.760133 2.500000 27.500000 0.000000 6 1 43
4.801245 1.676940 0.760133 3.500000 27.500000 0.000000 6 1 43
4.801245 1.676940 0.760133 4.500000 27.500000 0.000000 6 1 43
4.801245 1.676940 0.760133 5.500000 27.500000 0.000000 6 1 43
4.801245 1.676940 0.760133 6.500000 27.500000 0.000000 6 1 43
4.801245 1.676940 0.760133 7.500000 27.500000 0.000000 6 1 43
4.801245 1.676940 0.760133 8.500000 27.500000 0.000000 6 1 43
4.801245 1.676940 0.760133 9.500000 27.500000 0.000000 6 1 43
4.801245 1.676940 0.760133 10.500000 27.500000 0.000000 6 1 43
4.801245 1.676940 0.760133 11.500000 27.500000 0.000000 6 1 43
4.801245 1.676940 0.760133 12.500000 27.500000 0.000000 6 1 43
4.801245 1.676940 0.760133 13.500000 27.500000 0.000000 6 1 43
4.801245 1.676940 0.760133 14.500000 27.500000 0.000000 6 1 43
4.801245 1.676940 0.760133 15.500000 27.500000 0.000000 6 1 43
4.801245 1.676940 0.760133 16.500000 27.500000 0.000000 6 1 43
4.801245 1.676940 0.760133 17.500000 27.500000 0.000000 6 1 43
4.801245 1.676940 0.760133 18.500000 27.500000 0.000000 6 1 43
4.801245 1.676940 0.760133 19.500000 27.500000 0.000000 6 1 43
4.801245 1.676940 0.760133 20.500000 27.500000 0.000000 6 1 43
4.801245 1.676940 0.760133 21.500000 27.500000 0.000000 6 1 43
4.801245 1.676940 0.760133 22.500000 27.500000 0.000000 6 1 43
4.801245 1.676940 0.760133 23.500000 27.500000 0.000000 6 1 43
4.801245 1.676940 0.760133 24.500000 27.500000 0.000000 6 1 43
4.801245 1.676940 0.760133 25.500000 27.500000 0.000000 6 1 43
4.801245 1.676940 0.760133 26.500000 27.500000 0.000000 6 1 43
4.801245 1.676940 0.760133 27.500000 27.500000 0.000000 6 1 43
4.801245 1.676940 0.760133 28.500000 27.500000 0.000000 6 1 43
4.801245 1.676940 0.760133 29.500000 27.500000 0.000000 6 1 43
4.801245 1.676940 0.760133 30.500000 27.500000 0.000000 6 1 43
4.801245 1.676940 0.760133 31.500000 27.500000 0.000000 6 1 43
4.801245 1.676940 0.760133 32.500000 27.500000 0.000000 6 1 43
4.801245 1.676940 0.760133 33.500000 27.500000 0.000000 6 1 43
4.801245 1.676940 0.760133 34.500000 27.500000 0.000000 6 1 43
4.801245 1.676940 0.760133 35.500000 27.500000 0.000000 6 1 43
4.801245 1.676940 0.760133 36.500000 27.500000 0.000000 6 1 43
4.801245 1.676940 0.760133 37.500000 27.500000 0.000000 6 1 43
1.491676 2.158323 2.698866 38.500000 27.500000 0.000000 8 1 43
1.491676 2.158323 2.698866 39.500000 27.500000 0.000000 8 1 43
1.491676 2.158323 2.698866 40.500000 27.500000 0.000000 8 1 43
1.491676 2.158323 2.698866 41.500000 27.500000 0.000000 8 1 43
1.491676 2.158323 2.698866 42.500000 27.500000 0.000000 8 1 43
1.491676 2.158323 2.698866 43.500000 27.500000 0.000000 8 1 43
1.491676 2.158323 2.698866 44.500000 27.500000 0.000000 8 1 43
1.491676 2.158323 2.698866 45.500000 27.500000 0.000000 8 1 43
1.491676 2.158323 2.698866 46.500000 27.500000 0.000000 8 1 43
1.491676 2.158323 2.698866 47.500000 27.500000 0.000000 8 1 43
1.491676 2.158323 2.698866 48.500000 27.500000 0.000000 8 1 43
1.491676 2.158323 2.698866 49.500000 27.500000 0.000000 8 1 43
1.491676 2.158323 2.698866 50.500000 27.500000 0.000000 8 1 43
1.491676 2.158323 2.698866 51.500000 27.500000 0.000000 8 1 43
1.491676 2.158323 2.698866 52.500000 27.500000 0.000000 8 1 43
1.491676 2.158323 2.698866 53.500000 27.500000 0.000000 8 1 43
1.491676 2.158323 2.698866 54.500000 27.500000 0.000000 8 1 43
1.228663 2.197655 2.203669 55.500000 27.500000 0.000000 3 1 43
1.228663 2.197655 2.203669 56.500000 27.500000 0.000000 3 1 43
1.228663 2.197655 2.203669 57.500000 27.500000 0.000000 3 1 43
1.228663 2.197655 2.203669 58.500000 27.500000 0.000000 3 1 43
1.228663 2.197655 2.203669 59.500000 27.500000 0.000000 3 1 43
1.228663 2.197655 2.203669 60.500000 27.500000 0.000000 3 1 43
1.228663 2.197655 2.203669 61.500000 27.500000 0.000000 3 1 43
1.228663 2.197655 2.203669 62.500000 27.500000 0.000000 3 1 43
1.228663 2.197655 2.203669 63.500000 27.500000 0.000000 3 1 43
1.228663 2.197655 2.203669 64.500000 27.500000 0.000000 3 1 43
1.228663 2.197655 2.203669 65.500000 27.500000 0.000000 3 1 43
1.228663 2.197655 2.203669 66.500000 27.500000 0.000000 3 1 43
1.228663 2.197655 2.203669 67.500000 27.500000 0.000000 3 1 43
1.228663 2.197655 2.203669 68.500000 27.500000 0.000000 3 1 43
1.228663 2.197655 2.203669 69.500000 27.500000 0.000000 3 1 43
1.876906 1.069354 0.211030 70.500000 27.500000 0.000000 9 1 43
1.876906 1.069354 0.211030 71.500000 27.500000 0.000000 9 1 43
1.876906 1.069354 0.211030 72.500000 27.500000 0.000000 9 1 43
2.001568 1.662294 5.277684 73.500000 27.500000 0.000000 1 1 43
2.001568 1.662294 5.277684 74.500000 27.500000 0.000000 1 1 43
2.001568 1.662294 5.277684 75.500000 27.500000 0.000000 1 1 43
2.001568 1.662294 5.277684 76.500000 27.500000 0.000000 1 1 43
2.001568 1.662294 5.277684 77.500000 27.500000 0.000000 1 1 43
2.001568 1.662294 5.277684 78.500000 27.500000 0.000000 1 1 43
2.001568 1.662294 5.277684 79.500000 27.500000 0.000000 1 1 43
2.001568 1.662294 5.277684 80.500000 27.500000 0.000000 1 1 43
2.001568 1.662294 5.277684 81.500000 27.500000 0.000000 1 1 43
2.001568 1.662294 5.277684 82.500000 27.500000 0.000000 1 1 43
2.001568 1.662294 5.277684 83.500000 27.500000 0.000000 1 1 43
2.001568 1.662294 5.277684 84.500000 27.500000 0.000000 1 1 43
2.001568 1.662294 5.277684 85.500000 27.500000 0.000000 1 1 43
2.001568 1.662294 5.277684 86.500000 27.500000 0.000000 1 1 43
2.001568 1.662294 5.277684 87.500000 27.500000 0.000000 1 1 43
2.001568 1.662294 5.277684 88.500000 27.500000 0.000000 1 1 43
2.001568 1.662294 5.277684 89.500000 27.500000 0.000000 1 1 43
2.001568 1.662294 5.277684 90.500000 27.500000 0.000000 1 1 43
2.001568 1.662294 5.277684 91.500000 27.500000 0.000000 1 1 43
2.001568 1.662294 5.277684 92.500000 27.500000 0.000000 1 1 43
2.001568 1.662294 5.277684 93.500000 27.500000 0.000000 1 1 43
2.001568 1.662294 5.277684 94.500000 27.500000 0.000000 1 1 43
2.001568 1.662294 5.277684 95.500000 27.500000 0.000000 1 1 43
2.001568 1.662294 5.277684 96.500000 27.500000 0.000000 1 1 43
2.001568 1.662294 5.277684 97.500000 27.500000 0.000000 1 1 43
2.001568 1.662294 5.277684 98.500000 27.500000 0.000000 1 1 43
2.001568 1.662294 5.277684 99.500000 27.500000 0.000000 1 1 43
4.801245 1.676940 0.760133 0.500000 28.500000 0.000000 6 1 43
4.801245 1.676940 0.760133 1.500000 28.500000 0.000000 6 1 43
4.801245 1.676940 0.760133 2.500000 28.500000 0.000000 6 1 43
4.801245 1.676940 0.760133 3.500000 28.500000 0.000000 6 1 43
4.801245 1.676940 0.760133 4.500000 28.500000 0.000000 6 1 43
4.801245 1.676940 0.760133 5.500000 28.500000 0.000000 6 1 43
4.801245 1.676940 0.760133 6.500000 28.500000 0.000000 6 1 43
4.801245 1.676940 0.760133 7.500000 28.500000 0.000000 6 1 43
4.801245 1.676940 0.760133 8.500000 28.500000 0.000000 6 1 43
4.801245 1.676940 0.760133 9.500000 28.500000 0.000000 6 1 43
4.801245 1.676940 0.760133 10.500000 28.500000 0.000000 6 1 43
4.801245 1.676940 0.760133 11.500000 28.500000 0.000000 6 1 43
4.801245 1.676940 0.760133 12.500000 28.500000 0.000000 6 1 43
4.801245 1.676940 0.760133 13.500000 28.500000 0.000000 6 1 43
4.801245 1.676940 0.760133 14.500000 28.500000 0.000000 6 1 43
4.801245 1.676940 0.760133 15.500000 28.500000 0.000000 6 1 43
4.801245 1.676940 0.760133 16.500000 28.500000 0.000000 6 1 43
4.801245 1.676940 0.760133 17.500000 28.500000 0.000000 6 1 43
4.801245 1.676940 0.760133 18.500000 28.500000 0.000000 6 1 43
4.801245 1.676940 0.760133 19.500000 28.500000 0.000000 6 1 43
4.801245 1.676940 0.760133 20.500000 28.500000 0.000000 6 1 43
4.801245 1.676940 0.760133 21.500000 28.500000 0.000000 6 1 43
4.801245 1.676940 0.760133 22.500000 28.500000 0.000000 6 1 43
4.801245 1.676940 0.760133 23.500000 28.500000 0.000000 6 1 43
4.801245 1.676940 0.760133 24.500000 28.500000 0.000000 6 1 43
4.801245 1.676940 0.760133 25.500000 28.500000 0.000000 6 1 43
4.801245 1.676940 0.760133 26.500000 28.500000 0.000000 6 1 43
4.801245 1.676940 0.760133 27.500000 28.500000 0.000000 6 1 43
4.801245 1.676940 0.760133 28.500000 28.500000 0.000000 6 1 43
4.801245 1.676940 0.760133 29.500000 28.500000 0.000000 6 1 43
4.801245 1.676940 0.760133 30.500000 28.500000 0.000000 6 1 43
4.801245 1.676940 0.760133 31.500000 28.500000 0.000000 6 1 43
4.801245 1.676940 0.760133 32.500000 28.500000 0.000000 6 1 43
4.801245 1.676940 0.760133 33.500000 28.500000 0.000000 6 1 43
4.801245 1.676940 0.760133 34.500000 28.500000 0.000000 6 1 43
4.801245 1.676940 0.760133 35.500000 28.500000 0.000000 6 1 43
4.801245 1.676940 0.760133 36.500000 28.500000 0.000000 6 1 43
4.801245 1.676940 0.760133 37.500000 28.500000 0.000000 6 1 43
1.491676 2.158323 2.698866 38.500000 28.500000 0.000000 8 1 43
1.491676 2.158323 2.698866 39.500000 28.500000 0.000000 8 1 43
1.491676 2.158323 2.698866 40.500000 28.500000 0.000000 8 1 43
1.491676 2.158323 2.698866 41.500000 28.500000 0.000000 8 1 43
1.491676 2.158323 2.698866 42.500000 28.500000 0.000000 8 1 43
1.491676 2.158323 2.698866 43.500000 28.500000 0.000000 8 1 43
1.491676 2.158323 2.698866 44.500000 28.500000 0.000000 8 1 43
1.491676 2.158323 2.698866 45.500000 28.500000 0.000000 8 1 43
1.491676 2.158323 2.698866 46.500000 28.500000 0.000000 8 1 43
1.491676 2.158323 2.698866 47.500000 28.500000 0.000000 8 1 43
1.491676 2.158323 2.698866 48.500000 28.500000 0.000000 8 1 43
1.491676 2.158323 2.698866 49.500000 28.500000 0.000000 8 1 43
1.491676 2.158323 2.698866 50.500000 28.500000 0.000000 8 1 43
1.491676 2.158323 2.698866 51.500000 28.500000 0.000000 8 1 43
1.491676 2.158323 2.698866 52.500000 28.500000 0.000000 8 1 43
1.491676 2.158323 2.698866 53.500000 28.500000 0.000000 8 1 43
1.491676 2.158323 2.698866 54.500000 28.500000 0.000000 8 1 43
1.228663 2.197655 2.203669 55.500000 28.500000 0.000000 3 1 43
1.228663 2.197655 2.203669 56.500000 28.500000 0.000000 3 1 43
1.228663 2.197655 2.203669 57.500000 28.500000 0.000000 3 1 43
1.228663 2.197655 2.203669 58.500000 28.500000 0.000000 3 1 43
1.228663 2.197655 2.203669 59.500000 28.500000 0.000000 3 1 43
1.228663 2.197655 2.203669 60.500000 28.500000 0.000000 3 1 43
1.228663 2.197655 2.203669 61.500000 28.500000 0.000000 3 1 43
1.228663 2.197655 2.203669 62.500000 28.500000 0.000000 3 1 43
1.228663 2.197655 2.203669 63.500000 28.500000 0.000000 3 1 43
1.228663 2.197655 2.203669 64.500000 28.500000 0.000000 3 1 43
1.228663 2.197655 2.203669 65.500000 28.500000 0.000000 3 1 43
1.228663 2.197655 2.203669 66.500000 28.500000 0.000000 3 1 43
1.228663 2.197655 2.203669 67.500000 28.500000 0.000000 3 1 43
1.228663 2.197655 2.203669 68.500000 28.500000 0.000000 3 1 43
1.228663 2.197655 2.203669 69.500000 28.500000 0.000000 3 1 43
1.228663 2.197655 2.203669 70.500000 28.500000 0.000000 3 1 43
1.228663 2.197655 2.203669 71.500000 28.500000 0.000000 3 1 43
2.001568 1.662294 5.277684 72.500000 28.500000 0.000000 1 1 43
2.001568 1.662294 5.277684 73.500000 28.500000 0.000000 1 1 43
2.001568 1.662294 5.277684 74.500000 28.500000 0.000000 1 1 43
2.001568 1.662294 5.277684 75.500000 28.500000 0.000000 1 1 43
2.001568 1.662294 5.277684 76.500000 28.500000 0.000000 1 1 43
2.001568 1.662294 5.277684 77.500000 28.500000 0.000000 1 1 43
2.001568 1.662294 5.277684 78.500000 28.500000 0.000000 1 1 43
2.001568 1.662294 5.277684 79.500000 28.500000 0.000000 1 1 43
2.001568 1.662294 5.277684 80.500000 28.500000 0.000000 1 1 43
2.001568 1.662294 5.277684 81.500000 28.500000 0.000000 1 1 43
2.001568 1.662294 5.277684 82.500000 28.500000 0.000000 1 1 43
2.001568 1.662294 5.277684 83.500000 28.500000 0.000000 1 1 43
2.001568 1.662294 5.277684 84.500000 28.500000 0.000000 1 1 43
2.001568 1.662294 5.277684 85.500000 28.500000 0.000000 1 1 43
2.001568 1.662294 5.277684 86.500000 28.500000 0.000000 1 1 43
2.001568 1.662294 5.277684 87.500000 28.500000 0.000000 1 1 43
2.001568 1.662294 5.277684 88.500000 28.500000 0.000000 1 1 43
2.001568 1.662294 5.277684 89.500000 28.500000 0.000000 1 1 43
2.001568 1.662294 5.277684 90.500000 28.500000 0.000000 1 1 43
2.001568 1.662294 5.277684 91.500000 28.500000 0.000000 1 1 43
2.001568 1.662294 5.277684 92.500000 28.500000 0.000000 1 1 43
2.001568 1.662294 5.277684 93.500000 28.500000 0.000000 1 1 43
2.001568 1.662294 5.277684 94.500000 28.500000 0.000000 1 1 43
2.001568 1.662294 5.277684 95.500000 28.500000 0.000000 1 1 43
2.001568 1.662294 5.277684 96.500000 28.500000 0.000000 1 1 43
2.001568 1.662294 5.277684 97.500000 28.500000 0.000000 1 1 43
2.001568 1.662294 5.277684 98.500000 28.500000 0.000000 1 1 43
2.001568 1.662294 5.277684 99.500000 28.500000 0.000000 1 1 43
4.801245 1.676940 0.760133 0.500000 29.500000 0.000000 6 1 43
4.801245 1.676940 0.760133 1.500000 29.500000 0.000000 6 1 43
4.801245 1.676940 0.760133 2.500000 29.500000 0.000000 6 1 43
4.801245 1.676940 0.760133 3.500000 29.500000 0.000000 6 1 43
4.801245 1.676940 0.760133 4.500000 29.500000 0.000000 6 1 43
4.801245 1.676940 0.760133 5.500000 29.500000 0.000000 6 1 43
4.801245 1.676940 0.760133 6.500000 29.500000 0.000000 6 1 43
4.801245 1.676940 0.760133 7.500000 29.500000 0.000000 6 1 43
4.801245 1.676940 0.760133 8.500000 29.500000 0.000000 6 1 43
4.801245 1.676940 0.760133 9.500000 29.500000 0.000000 6 1 43
4.801245 1.676940 0.760133 10.500000 29.500000 0.000000 6 1 43
4.801245 1.676940 0.760133 11.500000 29.500000 0.000000 6 1 43
4.801245 1.676940 0.760133 12.500000 29.500000 0.000000 6 1 43
4.801245 1.676940 0.760133 13.500000 29.500000 0.000000 6 1 43
4.801245 1.676940 0.760133 14.500000 29.500000 0.000000 6 1 43
4.801245 1.676940 0.760133 15.500000 29.500000 0.000000 6 1 43
4.801245 1.676940 0.760133 16.500000 29.500000 0.000000 6 1 43
4.801245 1.676940 0.760133 17.500000 29.500000 0.000000 6 1 43
4.801245 1.676940 0.760133 18.500000 29.500000 0.000000 6 1 43
4.801245 1.676940 0.760133 19.500000 29.500000 0.000000 6 1 43
4.801245 1.676940 0.760133 20.500000 29.500000 0.000000 6 1 43
4.801245 1.676940 0.760133 21.500000 29.500000 0.000000 6 1 43
4.801245 1.676940 0.760133 22.500000 29.500000 0.000000 6 1 43
4.801245 1.676940 0.760133 23.500000 29.500000 0.000000 6 1 43
4.801245 1.676940 0.760133 24.500000 29.500000 0.000000 6 1 43
4.801245 1.676940 0.760133 25.500000 29.500000 0.000000 6 1 43
4.801245 1.676940 0.760133 26.500000 29.500000 0.000000 6 1 43
4.801245 1.676940 0.760133 27.500000 29.500000 0.000000 6 1 43
4.801245 1.676940 0.760133 28.500000 29.500000 0.000000 6 1 43
4.801245 1.676940 0.760133 29.500000 29.500000 0.000000 6 1 43
4.801245 1.676940 0.760133 30.500000 29.500000 0.000000 6 1 43
4.801245 1.676940 0.760133 31.500000 29.500000 0.000000 6 1 43
4.801245 1.676940 0.760133 32.500000 29.500000 0.000000 6 1 43
4.801245 1.676940 0.760133 33.500000 29.500000 0.000000 6 1 43
4.801245 1.676940 0.760133 34.500000 29.500000 0.000000 6 1 43
4.801245 1.676940 0.760133 35.500000 29.500000 0.000000 6 1 43
4.801245 1.676940 0.760133 36.500000 29.500000 0.000000 6 1 43
4.801245 1.676940 0.760133 37.500000 29.500000 0.000000 6 1 43
1.491676 2.158323 2.698866 38.500000 29.500000 0.000000 8 1 43
1.491676 2.158323 2.698866 39.500000 29.500000 0.000000 8 1 43
1.491676 2.158323 2.698866 40.500000 29.500000 0.000000 8 1 43
1.491676 2.158323 2.698866 41.500000 29.500000 0.000000 8 1 43
1.491676 2.158323 2.698866 42.500000 29.500000 0.000000 8 1 43
1.491676 2.158323 2.698866 43.500000 29.500000 0.000000 8 1 43
1.491676 2.158323 2.698866 44.500000 29.500000 0.000000 8 1 43
1.491676 2.158323 2.698866 45.500000 29.500000 0.000000 8 1 43
1.491676 2.158323 2.698866 46.500000 29.500000 0.000000 8 1 43
1.491676 2.158323 2.698866 47.500000 29.500000 0.000000 8 1 43
1.491676 2.158323 2.698866 48.500000 29.500000 0.000000 8 1 43
1.491676 2.158323 2.698866 49.500000 29.500000 0.000000 8 1 43
1.491676 2.158323 2.698866 50.500000 29.500000 0.000000 8 1 43
1.491676 2.158323 2.698866 51.500000 29.500000 0.000000 8 1 43
1.491676 2.158323 2.698866 52.500000 29.500000 0.000000 8 1 43
1.491676 2.158323 2.698866 53.500000 29.500000 0.000000 8 1 43
1.491676 2.158323 2.698866 54.500000 29.500000 0.000000 8 1 43
1.228663 2.197655 2.203669 55.500000 29.500000 0.000000 3 1 43
1.228663 2.197655 2.203669 56.500000 29.500000 0.000000 3 1 43
1.228663 2.197655 2.203669 57.500000 29.500000 0.000000 3 1 43
1.228663 2.197655 2.203669 58.500000 29.500000 0.000000 3 1 43
1.228663 2.197655 2.203669 59.500000 29.500000 0.000000 3 1 43
1.228663 2.197655 2.203669 60.500000 29.500000 0.000000 3 1 43
1.228663 2.197655 2.203669 61.500000 29.500000 0.000000 3 1 43
1.228663 2.197655 2.203669 62.500000 29.500000 0.000000 3 1 43
1.228663 2.197655 2.203669 63.500000 29.500000 0.000000 3 1 43
1.228663 2.197655 2.203669 64.500000 29.500000 0.000000 3 1 43
1.228663 2.197655 2.203669 65.500000 29.500000 0.000000 3 1 43
1.228663 2.197655 2.203669 66.500000 29.500000 0.000000 3 1 43
1.228663 2.197655 2.203669 67.500000 29.500000 0.000000 3 1 43
1.228663 2.197655 2.203669 68.500000 29.500000 0.000000 3 1 43
1.228663 2.197655 2.203669 69.500000 29.500000 0.000000 3 1 43
1.228663 2.197655 2.203669 70.500000 29.500000 0.000000 3 1 43
1.228663 2.197655 2.203669 71.500000 29.500000 0.000000 3 1 43
2.001568 1.662294 5.277684 72.500000 29.500000 0.000000 1 1 43
2.001568 1.662294 5.277684 73.500000 29.500000 0.000000 1 1 43
2.001568 1.662294 5.277684 74.500000 29.500000 0.000000 1 1 43
2.001568 1.662294 5.277684 75.500000 29.500000 0.000000 1 1 43
2.001568 1.662294 5.277684 76.500000 29.500000 0.000000 1 1 43
2.001568 1.662294 5.277684 77.500000 29.500000 0.000000 1 1 43
2.001568 1.662294 5.277684 78.500000 29.500000 0.000000 1 1 43
2.001568 1.662294 5.277684 79.500000 29.500000 0.000000 1 1 43
2.001568 1.662294 5.277684 80.500000 29.500000 0.000000 1 1 43
2.001568 1.662294 5.277684 81.500000 29.500000 0.000000 1 1 43
2.001568 1.662294 5.277684 82.500000 29.500000 0.000000 1 1 43
2.001568 1.662294 5.277684 83.500000 29.500000 0.000000 1 1 43
2.001568 1.662294 5.277684 84.500000 29.500000 0.000000 1 1 43
2.001568 1.662294 5.277684 85.500000 29.500000 0.000000 1 1 43
2.001568 1.662294 5.277684 86.500000 29.500000 0.000000 1 1 43
2.001568 1.662294 5.277684 87.500000 29.500000 0.000000 1 1 43
2.001568 1.662294 5.277684 88.500000 29.500000 0.000000 1 1 43
2.001568 1.662294 5.277684 89.500000 29.500000 0.000000 1 1 43
2.001568 1.662294 5.277684 90.500000 29.500000 0.000000 1 1 43
2.001568 1.662294 5.277684 91.500000 29.500000 0.000000 1 1 43
2.001568 1.662294 5.277684 92.500000 29.500000 0.000000 1 1 43
2.001568 1.662294 5.277684 93.500000 29.500000 0.000000 1 1 43
2.001568 1.662294 5.277684 94.500000 29.500000 0.000000 1 1 43
2.001568 1.662294 5.277684 95.500000 29.500000 0.000000 1 1 43
2.001568 1.662294 5.277684 96.500000 29.500000 0.000000 1 1 43
2.001568 1.662294 5.277684 97.500000 29.500000 0.000000 1 1 43
2.001568 1.662294 5.277684 98.500000 29.500000 0.000000 1 1 43
2.001568 1.662294 5.277684 99.500000 29.500000 0.000000 1 1 43
4.801245 1.676940 0.760133 0.500000 30.500000 0.000000 6 1 43
4.801245 1.676940 0.760133 1.500000 30.500000 0.000000 6 1 43
4.801245 1.676940 0.760133 2.500000 30.500000 0.000000 6 1 43
4.801245 1.676940 0.760133 3.500000 30.500000 0.000000 6 1 43
4.801245 1.676940 0.760133 4.500000 30.500000 0.000000 6 1 43
4.801245 1.676940 0.760133 5.500000 30.500000 0.000000 6 1 43
4.801245 1.676940 0.760133 6.500000 30.500000 0.000000 6 1 43
4.801245 1.676940 0.760133 7.500000 30.500000 0.000000 6 1 43
4.801245 1.676940 0.760133 8.500000 30.500000 0.000000 6 1 43
4.801245 1.676940 0.760133 9.500000 30.500000 0.000000 6 1 43
4.801245 1.676940 0.760133 10.500000 30.500000 0.000000 6 1 43
4.801245 1.676940 0.760133 11.500000 30.500000 0.000000 6 1 43
4.801245 1.676940 0.760133 12.500000 30.500000 0.000000 6 1 43
4.801245 1.676940 0.760133 13.500000 30.500000 0.000000 6 1 43
4.801245 1.676940 0.760133 14.500000 30.500000 0.000000 6 1 43
4.801245 1.676940 0.760133 15.500000 30.500000 0.000000 6 1 43
4.801245 1.676940 0.760133 16.500000 30.500000 0.000000 6 1 43
4.801245 1.676940 0.760133 17.500000 30.500000 0.000000 6 1 43
4.801245 1.676940 0.760133 18.500000 30.500000 0.000000 6 1 43
4.801245 1.676940 0.760133 19.500000 30.500000 0.000000 6 1 43
4.801245 1.676940 0.760133 20.500000 30.500000 0.000000 6 1 43
4.801245 1.676940 0.760133 21.500000 30.500000 0.000000 6 1 43
4.801245 1.676940 0.760133 22.500000 30.500000 0.000000 6 1 43
4.801245 1.676940 0.760133 23.500000 30.500000 0.000000 6 1 43
4.801245 1.676940 0.760133 24.500000 30.500000 0.000000 6 1 43
4.801245 1.676940 0.760133 25.500000 30.500000 0.000000 6 1 43
4.801245 1.676940 0.760133 26.500000 30.500000 0.000000 6 1 43
4.801245 1.676940 0.760133 27.500000 30.500000 0.000000 6 1 43
4.801245 1.676940 0.760133 28.500000 30.500000 0.000000 6 1 43
4.801245 1.676940 0.760133 29.500000 30.500000 0.000000 6 1 43
4.801245 1.676940 0.760133 30.500000 30.500000 0.000000 6 1 43
4.801245 1.676940 0.760133 31.500000 30.500000 0.000000 6 1 43
4.801245 1.676940 0.760133 32.500000 30.500000 0.000000 6 1 43
4.801245 1.676940 0.760133 33.500000 30.500000 0.000000 6 1 43
4.801245 1.676940 0.760133 34.500000 30.500000 0.000000 6 1 43
4.801245 1.676940 0.760133 35.500000 30.500000 0.000000 6 1 43
4.801245 1.676940 0.760133 36.500000 30.500000 0.000000 6 1 43
4.801245 1.676940 0.760133 37.500000 30.500000 0.000000 6 1 43
1.491676 2.158323 2.698866 38.500000 30.500000 0.000000 8 1 43
1.491676 2.158323 2.698866 39.500000 30.500000 0.000000 8 1 43
1.491676 2.158323 2.698866 40.500000 30.500000 0.000000 8 1 43
1.491676 2.158323 2.698866 41.500000 30.500000 0.000000 8 1 43
1.491676 2.158323 2.698866 42.500000 30.500000 0.000000 8 1 43
1.491676 2.158323 2.698866 43.500000 30.500000 0.000000 8 1 43
1.491676 2.158323 2.698866 44.500000 30.500000 0.000000 8 1 43
1.491676 2.158323 2.698866 45.500000 30.500000 0.000000 8 1 43
1.491676 2.158323 2.698866 46.500000 30.500000 0.000000 8 1 43
1.491676 2.158323 2.698866 47.500000 30.500000 0.000000 8 1 43
1.491676 2.158323 2.698866 48.500000 30.500000 0.000000 8 1 43
1.491676 2.158323 2.698866 49.500000 30.500000 0.000000 8 1 43
1.491676 2.158323 2.698866 50.500000 30.500000 0.000000 8 1 43
1.491676 2.158323 2.698866 51.500000 30.500000 0.000000 8 1 43
1.491676 2.158323 2.698866 52.500000 30.500000 0.000000 8 1 43
1.491676 2.158323 2.698866 53.500000 30.500000 0.000000 8 1 43
1.491676 2.158323 2.698866 54.500000 30.500000 0.000000 8 1 43
1.228663 2.197655 2.203669 55.500000 30.500000 0.000000 3 1 43
1.228663 2.197655 2.203669 56.500000 30.500000 0.000000 3 1 43
1.228663 2.197655 2.203669 57.500000 30.500000 0.000000 3 1 43
1.228663 2.197655 2.203669 58.500000 30.500000 0.000000 3 1 43
1.228663 2.197655 2.203669 59.500000 30.500000 0.000000 3 1 43
1.228663 2.197655 2.203669 60.500000 30.500000 0.000000 3 1 43
1.228663 2.197655 2.203669 61.500000 30.500000 0.000000 3 1 43
1.228663 2.197655 2.203669 62.500000 30.500000 0.000000 3 1 43
1.228663 2.197655 2.203669 63.500000 30.500000 0.000000 3 1 43
1.228663 2.197655 2.203669 64.500000 30.500000 0.000000 3 1 43
1.228663 2.197655 2.203669 65.500000 30.500000 0.000000 3 1 43
1.228663 2.197655 2.203669 66.500000 30.500000 0.000000 3 1 43
1.228663 2.197655 2.203669 67.500000 30.500000 0.000000 3 1 43
1.228663 2.197655 2.203669 68.500000 30.500000 0.000000 3 1 43
1.228663 2.197655 2.203669 69.500000 30.500000 0.000000 3 1 43
1.228663 2.197655 2.203669 70.500000 30.500000 0.000000 3 1 43
1.228663 2.197655 2.203669 71.500000 30.500000 0.000000 3 1 43
2.001568 1.662294 5.277684 72.500000 30.500000 0.000000 1 1 43
2.001568 1.662294 5.277684 73.500000 30.500000 0.000000 1 1 43
2.001568 1.662294 5.277684 74.500000 30.500000 0.000000 1 1 43
2.001568 1.662294 5.277684 75.500000 30.500000 0.000000 1 1 43
2.001568 1.662294 5.277684 76.500000 30.500000 0.000000 1 1 43
2.001568 1.662294 5.277684 77.500000 30.500000 0.000000 1 1 43
2.001568 1.662294 5.277684 78.500000 30.500000 0.000000 1 1 43
2.001568 1.662294 5.277684 79.500000 30.500000 0.000000 1 1 43
2.001568 1.662294 5.277684 80.500000 30.500000 0.000000 1 1 43
2.001568 1.662294 5.277684 81.500000 30.500000 0.000000 1 1 43
2.001568 1.662294 5.277684 82.500000 30.500000 0.000000 1 1 43
2.001568 1.662294 5.277684 83.500000 30.500000 0.000000 1 1 43
2.001568 1.662294 5.277684 84.500000 30.500000 0.000000 1 1 43
2.001568 1.662294 5.277684 85.500000 30.500000 0.000000 1 1 43
2.001568 1.662294 5.277684 86.500000 30.500000 0.000000 1 1 43
2.001568 1.662294 5.277684 87.500000 30.500000 0.000000 1 1 43
2.001568 1.662294 5.277684 88.500000 30.500000 0.000000 1 1 43
2.001568 1.662294 5.277684 89.500000 30.500000 0.000000 1 1 43
2.001568 1.662294 5.277684 90.500000 30.500000 0.000000 1 1 43
2.001568 1.662294 5.277684 91.500000 30.500000 0.000000 1 1 43
2.001568 1.662294 5.277684 92.500000 30.500000 0.000000 1 1 43
2.001568 1.662294 5.277684 93.500000 30.500000 0.000000 1 1 43
2.001568 1.662294 5.277684 94.500000 30.500000 0.000000 1 1 43
2.001568 1.662294 5.277684 95.500000 30.500000 0.000000 1 1 43
2.001568 1.662294 5.277684 96.500000 30.500000 0.000000 1 1 43
2.001568 1.662294 5.277684 97.500000 30.500000 0.000000 1 1 43
2.001568 1.662294 5.277684 98.500000 30.500000 0.000000 1 1 43
2.001568 1.662294 5.277684 99.500000 30.500000 0.000000 1 1 43
4.801245 1.676940 0.760133 0.500000 31.500000 0.000000 6 1 43
4.801245 1.676940 0.760133 1.500000 31.500000 0.000000 6 1 43
4.801245 1.676940 0.760133 2.500000 31.500000 0.000000 6 1 43
4.801245 1.676940 0.760133 3.500000 31.500000 0.000000 6 1 43
4.801245 1.676940 0.760133 4.500000 31.500000 0.000000 6 1 43
4.801245 1.676940 0.760133 5.500000 31.500000 0.000000 6 1 43
4.801245 1.676940 0.760133 6.500000 31.500000 0.000000 6 1 43
4.801245 1.676940 0.760133 7.500000 31.500000 0.000000 6 1 43
4.801245 1.676940 0.760133 8.500000 31.500000 0.000000 6 1 43
4.801245 1.676940 0.760133 9.500000 31.500000 0.000000 6 1 43
4.801245 1.676940 0.760133 10.500000 31.500000 0.000000 6 1 43
4.801245 1.676940 0.760133 11.500000 31.500000 0.000000 6 1 43
4.801245 1.676940 0.760133 12.500000 31.500000 0.000000 6 1 43
4.801245 1.676940 0.760133 13.500000 31.500000 0.000000 6 1 43
4.801245 1.676940 0.760133 14.500000 31.500000 0.000000 6 1 43
4.801245 1.676940 0.760133 15.500000 31.500000 0.000000 6 1 43
4.801245 1.676940 0.760133 16.500000 31.500000 0.000000 6 1 43
4.801245 1.676940 0.760133 17.500000 31.500000 0.000000 6 1 43
4.801245 1.676940 0.760133 18.500000 31.500000 0.000000 6 1 43
4.801245 1.676940 0.760133 19.500000 31.500000 0.000000 6 1 43
4.801245 1.676940 0.760133 20.500000 31.500000 0.000000 6 1 43
4.801245 1.676940 0.760133 21.500000 31.500000 0.000000 6 1 43
4.801245 1.676940 0.760133 22.500000 31.500000 0.000000 6 1 43
4.801245 1.676940 0.760133 23.500000 31.500000 0.000000 6 1 43
4.801245 1.676940 0.760133 24.500000 31.500000 0.000000 6 1 43
4.801245 1.676940 0.760133 25.500000 31.500000 0.000000 6 1 43
4.801245 1.676940 0.760133 26.500000 31.500000 0.000000 6 1 43
4.801245 1.676940 0.760133 27.500000 31.500000 0.000000 6 1 43
4.801245 1.676940 0.760133 28.500000 31.500000 0.000000 6 1 43
4.801245 1.676940 0.760133 29.500000 31.500000 0.000000 6 1 43
4.801245 1.676940 0.760133 30.500000 31.500000 0.000000 6 1 43
4.801245 1.676940 0.760133 31.500000 31.500000 0.000000 6 1 43
4.801245 1.676940 0.760133 32.500000 31.500000 0.000000 6 1 43
4.801245 1.676940 0.760133 33.500000 31.500000 0.000000 6 1 43
4.801245 1.676940 0.760133 34.500000 31.500000 0.000000 6 1 43
4.801245 1.676940 0.760133 35.500000 31.500000 0.000000 6 1 43
4.801245 1.676940 0.760133 36.500000 31.500000 0.000000 6 1 43
4.801245 1.676940 0.760133 37.500000 31.500000 0.000000 6 1 43
1.491676 2.158323 2.698866 38.500000 31.500000 0.000000 8 1 43
1.491676 2.158323 2.698866 39.500000 31.500000 0.000000 8 1 43
1.491676 2.158323 2.698866 40.500000 31.500000 0.000000 8 1 43
1.491676 2.158323 2.698866 41.500000 31.500000 0.000000 8 1 43
1.491676 2.158323 2.698866 42.500000 31.500000 0.000000 8 1 43
1.491676 2.158323 2.698866 43.500000 31.500000 0.000000 8 1 43
1.491676 2.158323 2.698866 44.500000 31.500000 0.000000 8 1 43
1.491676 2.158323 2.698866 45.500000 31.500000 0.000000 8 1 43
1.491676 2.158323 2.698866 46.500000 31.500000 0.000000 8 1 43
1.491676 2.158323 2.698866 47.500000 31.500000 0.000000 8 1 43
1.491676 2.158323 2.698866 48.500000 31.500000 0.000000 8 1 43
1.491676 2.158323 2.698866 49.500000 31.500000 0.000000 8 1 43
1.491676 2.158323 2.698866 50.500000 31.500000 0.000000 8 1 43
1.491676 2.158323 2.698866 51.500000 31.500000 0.000000 8 1 43
1.491676 2.158323 2.698866 52.500000 31.500000 0.000000 8 1 43
1.491676 2.158323 2.698866 53.500000 31.500000 0.000000 8 1 43
1.491676 2.158323 2.698866 54.500000 31.500000 0.000000 8 1 43
1.228663 2.197655 2.203669 55.500000 31.500000 0.000000 3 1 43
1.228663 2.197655 2.203669 56.500000 31.500000 0.000000 3 1 43
1.228663 2.197655 2.203669 57.500000 31.500000 0.000000 3 1 43
1.228663 2.197655 2.203669 58.500000 31.500000 0.000000 3 1 43
1.228663 2.197655 2.203669 59.500000 31.500000 0.000000 3 1 43
1.228663 2.197655 2.203669 60.500000 31.500000 0.000000 3 1 43
1.228663 2.197655 2.203669 61.500000 31.500000 0.000000 3 1 43
1.228663 2.197655 2.203669 62.500000 31.500000 0.000000 3 1 43
1.228663 2.197655 2.203669 63.500000 31.500000 0.000000 3 1 43
1.228663 2.197655 2.203669 64.500000 31.500000 0.000000 3 1 43
1.228663 2.197655 2.203669 65.500000 31.500000 0.000000 3 1 43
1.228663 2.197655 2.203669 66.500000 31.500000 0.000000 3 1 43
1.228663 2.197655 2.203669 67.500000 31.500000 0.000000 3 1 43
1.228663 2.197655 2.203669 68.500000 31.500000 0.000000 3 1 43
1.228663 2.197655 2.203669 69.500000 31.500000 0.000000 3 1 43
1.228663 2.197655 2.203669 70.500000 31.500000 0.000000 3 1 43
1.228663 2.197655 2.203669 71.500000 31.500000 0.000000 3 1 43
2.001568 1.662294 5.277684 72.500000 31.500000 0.000000 1 1 43
2.001568 1.662294 5.277684 73.500000 31.500000 0.000000 1 1 43
2.001568 1.662294 5.277684 74.500000 31.500000 0.000000 1 1 43
2.001568 1.662294 5.277684 75.500000 31.500000 0.000000 1 1 43
2.001568 1.662294 5.277684 76.500000 31.500000 0.000000 1 1 43
2.001568 1.662294 5.277684 77.500000 31.500000 0.000000 1 1 43
2.001568 1.662294 5.277684 78.500000 31.500000 0.000000 1 1 43
2.001568 1.662294 5.277684 79.500000 31.500000 0.000000 1 1 43
2.001568 1.662294 5.277684 80.500000 31.500000 0.000000 1 1 43
2.001568 1.662294 5.277684 81.500000 31.500000 0.000000 1 1 43
2.001568 1.662294 5.277684 82.500000 31.500000 0.000000 1 1 43
2.001568 1.662294 5.277684 83.500000 31.500000 0.000000 1 1 43
2.001568 1.662294 5.277684 84.500000 31.500000 0.000000 1 1 43
2.001568 1.662294 5.277684 85.500000 31.500000 0.000000 1 1 43
2.001568 1.662294 5.277684 86.500000 31.500000 0.000000 1 1 43
2.001568 1.662294 5.277684 87.500000 31.500000 0.000000 1 1 43
2.001568 1.662294 5.277684 88.500000 31.500000 0.000000 1 1 43
2.001568 1.662294 5.277684 89.500000 31.500000 0.000000 1 1 43
2.001568 1.662294 5.277684 90.500000 31.500000 0.000000 1 1 43
2.001568 1.662294 5.277684 91.500000 31.500000 0.000000 1 1 43
2.001568 1.662294 5.277684 92.500000 31.500000 0.000000 1 1 43
2.001568 1.662294 5.277684 93.500000 31.500000 0.000000 1 1 43
2.001568 1.662294 5.277684 94.500000 31.500000 0.000000 1 1 43
2.001568 1.662294 5.277684 95.500000 31.500000 0.000000 1 1 43
2.001568 1.662294 5.277684 96.500000 31.500000 0.000000 1 1 43
2.001568 1.662294 5.277684 97.500000 31.500000 0.000000 1 1 43
2.001568 1.662294 5.277684 98.500000 31.500000 0.000000 1 1 43
2.001568 1.662294 5.277684 99.500000 31.500000 0.000000 1 1 43
4.801245 1.676940 0.760133 0.500000 32.500000 0.000000 6 1 43
4.801245 1.676940 0.760133 1.500000 32.500000 0.000000 6 1 43
4.801245 1.676940 0.760133 2.500000 32.500000 0.000000 6 1 43
4.801245 1.676940 0.760133 3.500000 32.500000 0.000000 6 1 43
4.801245 1.676940 0.760133 4.500000 32.500000 0.000000 6 1 43
4.801245 1.676940 0.760133 5.500000 32.500000 0.000000 6 1 43
4.801245 1.676940 0.760133 6.500000 32.500000 0.000000 6 1 43
4.801245 1.676940 0.760133 7.500000 32.500000 0.000000 6 1 43
4.801245 1.676940 0.760133 8.500000 32.500000 0.000000 6 1 43
4.801245 1.676940 0.760133 9.500000 32.500000 0.000000 6 1 43
4.801245 1.676940 0.760133 10.500000 32.500000 0.000000 6 1 43
4.801245 1.676940 0.760133 11.500000 32.500000 0.000000 6 1 43
4.801245 1.676940 0.760133 12.500000 32.500000 0.000000 6 1 43
4.801245 1.676940 0.760133 13.500000 32.500000 0.000000 6 1 43
4.801245 1.676940 0.760133 14.500000 32.500000 0.000000 6 1 43
4.801245 1.676940 0.760133 15.500000 32.500000 0.000000 6 1 43
4.801245 1.676940 0.760133 16.500000 32.500000 0.000000 6 1 43
4.801245 1.676940 0.760133 17.500000 32.500000 0.000000 6 1 43
4.801245 1.676940 0.760133 18.500000 32.500000 0.000000 6 1 43
4.801245 1.676940 0.760133 19.500000 32.500000 0.000000 6 1 43
4.801245 1.676940 0.760133 20.500000 32.500000 0.000000 6 1 43
4.801245 1.676940 0.760133 21.500000 32.500000 0.000000 6 1 43
4.801245 1.676940 0.760133 22.500000 32.500000 0.000000 6 1 43
4.801245 1.676940 0.760133 23.500000 32.500000 0.000000 6 1 43
4.801245 1.676940 0.760133 24.500000 32.500000 0.000000 6 1 43
4.801245 1.676940 0.760133 25.500000 32.500000 0.000000 6 1 43
4.801245 1.676940 0.760133 26.500000 32.500000 0.000000 6 1 43
4.801245 1.676940 0.760133 27.500000 32.500000 0.000000 6 1 43
4.801245 1.676940 0.760133 28.500000 32.500000 0.000000 6 1 43
4.801245 1.676940 0.760133 29.500000 32.500000 0.000000 6 1 43
4.801245 1.676940 0.760133 30.500000 32.500000 0.000000 6 1 43
4.801245 1.676940 0.760133 31.500000 32.500000 0.000000 6 1 43
4.801245 1.676940 0.760133 32.500000 32.500000 0.000000 6 1 43
4.801245 1.676940 0.760133 33.500000 32.500000 0.000000 6 1 43
4.801245 1.676940 0.760133 34.500000 32.500000 0.000000 6 1 43
4.801245 1.676940 0.760133 35.500000 32.500000 0.000000 6 1 43
4.801245 1.676940 0.760133 36.500000 32.500000 0.000000 6 1 43
1.491676 2.158323 2.698866 37.500000 32.500000 0.000000 8 1 43
1.491676 2.158323 2.698866 38.500000 32.500000 0.000000 8 1 43
1.491676 2.158323 2.698866 39.500000 32.500000 0.000000 8 1 43
1.491676 2.158323 2.698866 40.500000 32.500000 0.000000 8 1 43
1.491676 2.158323 2.698866 41.500000 32.500000 0.000000 8 1 43
1.491676 2.158323 2.698866 42.500000 32.500000 0.000000 8 1 43
1.491676 2.158323 2.698866 43.500000 32.500000 0.000000 8 1 43
1.491676 2.158323 2.698866 44.500000 32.500000 0.000000 8 1 43
1.491676 2.158323 2.698866 45.500000 32.500000 0.000000 8 1 43
1.491676 2.158323 2.698866 46.500000 32.500000 0.000000 8 1 43
1.491676 2.158323 2.698866 47.500000 32.500000 0.000000 8 1 43
1.491676 2.158323 2.698866 48.500000 32.500000 0.000000 8 1 43
1.491676 2.158323 2.698866 49.500000 32.500000 0.000000 8 1 43
1.491676 2.158323 2.698866 50.500000 32.500000 0.000000 8 1 43
1.491676 2.158323 2.698866 51.500000 32.500000 0.000000 8 1 43
1.491676 2.158323 2.698866 52.500000 32.500000 0.000000 8 1 43
1.491676 2.158323 2.698866 53.500000 32.500000 0.000000 8 1 43
1.491676 2.158323 2.698866 54.500000 32.500000 0.000000 8 1 43
1.228663 2.197655 2.203669 55.500000 32.500000 0.000000 3 1 43
1.228663 2.197655 2.203669 56.500000 32.500000 0.000000 3 1 43
1.228663 2.197655 2.203669 57.500000 32.500000 0.000000 3 1 43
1.228663 2.197655 2.203669 58.500000 32.500000 0.000000 3 1 43
1.228663 2.197655 2.203669 59.500000 32.500000 0.000000 3 1 43
1.228663 2.197655 2.203669 60.500000 32.500000 0.000000 3 1 43
1.228663 2.197655 2.203669 61.500000 32.500000 0.000000 3 1 43
1.228663 2.197655 2.203669 62.500000 32.500000 0.000000 3 1 43
1.228663 2.197655 2.203669 63.500000 32.500000 0.000000 3 1 43
1.228663 2.197655 2.203669 64.500000 32.500000 0.000000 3 1 43
1.228663 2.197655 2.203669 65.500000 32.500000 0.000000 3 1 43
1.228663 2.197655 2.203669 66.500000 32.500000 0.000000 3 1 43
1.228663 2.197655 2.203669 67.500000 32.500000 0.000000 3 1 43
1.228663 2.197655 2.203669 68.500000 32.500000 0.000000 3 1 43
1.228663 2.197655 2.203669 69.500000 32.500000 0.000000 3 1 43
1.228663 2.197655 2.203669 70.500000 32.500000 0.000000 3 1 43
1.228663 2.197655 2.203669 71.500000 32.500000 0.000000 3 1 43
2.001568 1.662294 5.277684 72.500000 32.500000 0.000000 1 1 43
2.001568 1.662294 5.277684 73.500000 32.500000 0.000000 1 1 43
2.001568 1.662294 5.277684 74.500000 32.500000 0.000000 1 1 43
2.001568 1.662294 5.277684 75.500000 32.500000 0.000000 1 1 43
2.001568 1.662294 5.277684 76.500000 32.500000 0.000000 1 1 43
2.001568 1.662294 5.277684 77.500000 32.500000 0.000000 1 1 43
2.001568 1.662294 5.277684 78.500000 32.500000 0.000000 1 1 43
2.001568 1.662294 5.277684 79.500000 32.500000 0.000000 1 1 43
2.001568 1.662294 5.277684 80.500000 32.500000 0.000000 1 1 43
2.001568 1.662294 5.277684 81.500000 32.500000 0.000000 1 1 43
2.001568 1.662294 5.277684 82.500000 32.500000 0.000000 1 1 43
2.001568 1.662294 5.277684 83.500000 32.500000 0.000000 1 1 43
2.001568 1.662294 5.277684 84.500000 32.500000 0.000000 1 1 43
2.001568 1.662294 5.277684 85.500000 32.500000 0.000000 1 1 43
2.001568 1.662294 5.277684 86.500000 32.500000 0.000000 1 1 43
2.001568 1.662294 5.277684 87.500000 32.500000 0.000000 1 1 43
2.001568 1.662294 5.277684 88.500000 32.500000 0.000000 1 1 43
2.001568 1.662294 5.277684 89.500000 32.500000 0.000000 1 1 43
2.001568 1.662294 5.277684 90.500000 32.500000 0.000000 1 1 43
2.001568 1.662294 5.277684 91.500000 32.500000 0.000000 1 1 43
2.001568 1.662294 5.277684 92.500000 32.500000 0.000000 1 1 43
2.001568 1.662294 5.277684 93.500000 32.500000 0.000000 1 1 43
2.001568 1.662294 5.277684 94.500000 32.500000 0.000000 1 1 43
2.001568 1.662294 5.277684 95.500000 32.500000 0.000000 1 1 43
2.001568 1.662294 5.277684 96.500000 32.500000 0.000000 1 1 43
2.001568 1.662294 5.277684 97.500000 32.500000 0.000000 1 1 43
2.001568 1.662294 5.277684 98.500000 32.500000 0.000000 1 1 43
2.001568 1.662294 5.277684 99.500000 32.500000 0.000000 1 1 43
4.801245 1.676940 0.760133 0.500000 33.500000 0.000000 6 1 43
4.801245 1.676940 0.760133 1.500000 33.500000 0.000000 6 1 43
4.801245 1.676940 0.760133 2.500000 33.500000 0.000000 6 1 43
4.801245 1.676940 0.760133 3.500000 33.500000 0.000000 6 1 43
4.801245 1.676940 0.760133 4.500000 33.500000 0.000000 6 1 43
4.801245 1.676940 0.760133 5.500000 33.500000 0.000000 6 1 43
4.801245 1.676940 0.760133 6.500000 33.500000 0.000000 6 1 43
4.801245 1.676940 0.760133 7.500000 33.500000 0.000000 6 1 43
4.801245 1.676940 0.760133 8.500000 33.500000 0.000000 6 1 43
4.801245 1.676940 0.760133 9.500000 33.500000 0.000000 6 1 43
4.801245 1.676940 0.760133 10.500000 33.500000 0.000000 6 1 43
4.801245 1.676940 0.760133 11.500000 33.500000 0.000000 6 1 43
4.801245 1.676940 0.760133 12.500000 33.500000 0.000000 6 1 43
4.801245 1.676940 0.760133 13.500000 33.500000 0.000000 6 1 43
4.801245 1.676940 0.760133 14.500000 33.500000 0.000000 6 1 43
4.801245 1.676940 0.760133 15.500000 33.500000 0.000000 6 1 43
4.801245 1.676940 0.760133 16.500000 33.500000 0.000000 6 1 43
4.801245 1.676940 0.760133 17.500000 33.500000 0.000000 6 1 43
4.801245 1.676940 0.760133 18.500000 33.500000 0.000000 6 1 43
4.801245 1.676940 0.760133 19.500000 33.500000 0.000000 6 1 43
4.801245 1.676940 0.760133 20.500000 33.500000 0.000000 6 1 43
4.801245 1.676940 0.760133 21.500000 33.500000 0.000000 6 1 43
4.801245 1.676940 0.760133 22.500000 33.500000 0.000000 6 1 43
4.801245 1.676940 0.760133 23.500000 33.500000 0.000000 6 1 43
4.801245 1.676940 0.760133 24.500000 33.500000 0.000000 6 1 43
4.801245 1.676940 0.760133 25.500000 33.500000 0.000000 6 1 43
4.801245 1.676940 0.760133 26.500000 33.500000 0.000000 6 1 43
4.801245 1.676940 0.760133 27.500000 33.500000 0.000000 6 1 43
4.801245 1.676940 0.760133 28.500000 33.500000 0.000000 6 1 43
4.801245 1.676940 0.760133 29.500000 33.500000 0.000000 6 1 43
4.801245 1.676940 0.760133 30.500000 33.500000 0.000000 6 1 43
4.801245 1.676940 0.760133 31.500000 33.500000 0.000000 6 1 43
4.801245 1.676940 0.760133 32.500000 33.500000 0.000000 6 1 43
4.801245 1.676940 0.760133 33.500000 33.500000 0.000000 6 1 43
4.801245 1.676940 0.760133 34.500000 33.500000 0.000000 6 1 43
4.801245 1.676940 0.760133 35.500000 33.500000 0.000000 6 1 43
4.801245 1.676940 0.760133 36.500000 33.500000 0.000000 6 1 43
1.491676 2.158323 2.698866 37.500000 33.500000 0.000000 8 1 43
1.491676 2.158323 2.698866 38.500000 33.500000 0.000000 8 1 43
1.491676 2.158323 2.698866 39.500000 33.500000 0.000000 8 1 43
1.491676 2.158323 2.698866 40.500000 33.500000 0.000000 8 1 43
1.491676 2.158323 2.698866 41.500000 33.500000 0.000000 8 1 43
1.491676 2.158323 2.698866 42.500000 33.500000 0.000000 8 1 43
1.491676 2.158323 2.698866 43.500000 33.500000 0.000000 8 1 43
1.491676 2.158323 2.698866 44.500000 33.500000 0.000000 8 1 43
1.491676 2.158323 2.698866 45.500000 33.500000 0.000000 8 1 43
1.491676 2.158323 2.698866 46.500000 33.500000 0.000000 8 1 43
1.491676 2.158323 2.698866 47.500000 33.500000 0.000000 8 1 43
1.491676 2.158323 2.698866 48.500000 33.500000 0.000000 8 1 43
1.491676 2.158323 2.698866 49.500000 33.500000 0.000000 8 1 43
1.491676 2.158323 2.698866 50.500000 33.500000 0.000000 8 1 43
1.491676 2.158323 2.698866 51.500000 33.500000 0.000000 8 1 43
1.491676 2.158323 2.698866 52.500000 33.500000 0.000000 8 1 43
1.491676 2.158323 2.698866 53.500000 33.500000 0.000000 8 1 43
1.491676 2.158323 2.698866 54.500000 33.500000 0.000000 8 1 43
1.228663 2.197655 2.203669 55.500000 33.500000 0.000000 3 1 43
1.228663 2.197655 2.203669 56.500000 33.500000 0.000000 3 1 43
1.228663 2.197655 2.203669 57.500000 33.500000 0.000000 3 1 43
1.228663 2.197655 2.203669 58.500000 33.500000 0.000000 3 1 43
1.228663 2.197655 2.203669 59.500000 33.500000 0.000000 3 1 43
1.228663 2.197655 2.203669 60.500000 33.500000 0.000000 3 1 43
1.228663 2.197655 2.203669 61.500000 33.500000 0.000000 3 1 43
1.228663 2.197655 2.203669 62.500000 33.500000 0.000000 3 1 43
1.228663 2.197655 2.203669 63.500000 33.500000 0.000000 3 1 43
1.228663 2.197655 2.203669 64.500000 33.500000 0.000000 3 1 43
1.228663 2.197655 2.203669 65.500000 33.500000 0.000000 3 1 43
1.228663 2.197655 2.203669 66.500000 33.500000 0.000000 3 1 43
1.228663 2.197655 2.203669 67.500000 33.500000 0.000000 3 1 43
1.228663 2.197655 2.203669 68.500000 33.500000 0.000000 3 1 43
1.228663 2.197655 2.203669 69.500000 33.500000 0.000000 3 1 43
1.228663 2.197655 2.203669 70.500000 33.500000 0.000000 3 1 43
1.228663 2.197655 2.203669 71.500000 33.500000 0.000000 3 1 43
2.001568 1.662294 5.277684 72.500000 33.500000 0.000000 1 1 43
2.001568 1.662294 5.277684 73.500000 33.500000 0.000000 1 1 43
2.001568 1.662294 5.277684 74.500000 33.500000 0.000000 1 1 43
2.001568 1.662294 5.277684 75.500000 33.500000 0.000000 1 1 43
2.001568 1.662294 5.277684 76.500000 33.500000 0.000000 1 1 43
2.001568 1.662294 5.277684 77.500000 33.500000 0.000000 1 1 43
2.001568 1.662294 5.277684 78.500000 33.500000 0.000000 1 1 43
2.001568 1.662294 5.277684 79.500000 33.500000 0.000000 1 1 43
2.001568 1.662294 5.277684 80.500000 33.500000 0.000000 1 1 43
2.001568 1.662294 5.277684 81.500000 33.500000 0.000000 1 1 43
2.001568 1.662294 5.277684 82.500000 33.500000 0.000000 1 1 43
2.001568 1.662294 5.277684 83.500000 33.500000 0.000000 1 1 43
2.001568 1.662294 5.277684 84.500000 33.500000 0.000000 1 1 43
2.001568 1.662294 5.277684 85.500000 33.500000 0.000000 1 1 43
2.001568 1.662294 5.277684 86.500000 33.500000 0.000000 1 1 43
2.001568 1.662294 5.277684 87.500000 33.500000 0.000000 1 1 43
2.001568 1.662294 5.277684 88.500000 33.500000 0.000000 1 1 43
2.001568 1.662294 5.277684 89.500000 33.500000 0.000000 1 1 43
2.001568 1.662294 5.277684 90.500000 33.500000 0.000000 1 1 43
2.001568 1.662294 5.277684 91.500000 33.500000 0.000000 1 1 43
2.001568 1.662294 5.277684 92.500000 33.500000 0.000000 1 1 43
2.001568 1.662294 5.277684 93.500000 33.500000 0.000000 1 1 43
2.001568 1.662294 5.277684 94.500000 33.500000 0.000000 1 1 43
2.001568 1.662294 5.277684 95.500000 33.500000 0.000000 1 1 43
2.001568 1.662294 5.277684 96.500000 33.500000 0.000000 1 1 43
2.001568 1.662294 5.277684 97.500000 33.500000 0.000000 1 1 43
2.001568 1.662294 5.277684 98.500000 33.500000 0.000000 1 1 43
2.001568 1.662294 5.277684 99.500000 33.500000 0.000000 1 1 43
4.801245 1.676940 0.760133 0.500000 34.500000 0.000000 6 1 43
4.801245 1.676940 0.760133 1.500000 34.500000 0.000000 6 1 43
4.801245 1.676940 0.760133 2.500000 34.500000 0.000000 6 1 43
4.801245 1.676940 0.760133 3.500000 34.500000 0.000000 6 1 43
4.801245 1.676940 0.760133 4.500000 34.500000 0.000000 6 1 43
4.801245 1.676940 0.760133 5.500000 34.500000 0.000000 6 1 43
4.801245 1.676940 0.760133 6.500000 34.500000 0.000000 6 1 43
4.801245 1.676940 0.760133 7.500000 34.500000 0.000000 6 1 43
4.801245 1.676940 0.760133 8.500000 34.500000 0.000000 6 1 43
4.801245 1.676940 0.760133 9.500000 34.500000 0.000000 6 1 43
4.801245 1.676940 0.760133 10.500000 34.500000 0.000000 6 1 43
4.801245 1.676940 0.760133 11.500000 34.500000 0.000000 6 1 43
4.801245 1.676940 0.760133 12.500000 34.500000 0.000000 6 1 43
4.801245 1.676940 0.760133 13.500000 34.500000 0.000000 6 1 43
4.801245 1.676940 0.760133 14.500000 34.500000 0.000000 6 1 43
4.801245 1.676940 0.760133 15.500000 34.500000 0.000000 6 1 43
4.801245 1.676940 0.760133 16.500000 34.500000 0.000000 6 1 43
4.801245 1.676940 0.760133 17.500000 34.500000 0.000000 6 1 43
4.801245 1.676940 0.760133 18.500000 34.500000 0.000000 6 1 43
4.801245 1.676940 0.760133 19.500000 34.500000 0.000000 6 1 43
4.801245 1.676940 0.760133 20.500000 34.500000 0.000000 6 1 43
4.801245 1.676940 0.760133 21.500000 34.500000 0.000000 6 1 43
4.801245 1.676940 0.760133 22.500000 34.500000 0.000000 6 1 43
4.801245 1.676940 0.760133 23.500000 34.500000 0.000000 6 1 43
4.801245 1.676940 0.760133 24.500000 34.500000 0.000000 6 1 43
4.801245 1.676940 0.760133 25.500000 34.500000 0.000000 6 1 43
4.801245 1.676940 0.760133 26.500000 34.500000 0.000000 6 1 43
4.801245 1.676940 0.760133 27.500000 34.500000 0.000000 6 1 43
4.801245 1.676940 0.760133 28.500000 34.500000 0.000000 6 1 43
4.801245 1.676940 0.760133 29.500000 34.500000 0.000000 6 1 43
4.801245 1.676940 0.760133 30.500000 34.500000 0.000000 6 1 43
4.801245 1.676940 0.760133 31.500000 34.500000 0.000000 6 1 43
4.801245 1.676940 0.760133 32.500000 34.500000 0.000000 6 1 43
4.801245 1.676940 0.760133 33.500000 34.500000 0.000000 6 1 43
4.801245 1.676940 0.760133 34.500000 34.500000 0.000000 6 1 43
4.801245 1.676940 0.760133 35.500000 34.500000 0.000000 6 1 43
4.801245 1.676940 0.760133 36.500000 34.500000 0.000000 6 1 43
1.491676 2.158323 2.698866 37.500000 34.500000 0.000000 8 1 43
1.491676 2.158323 2.698866 38.500000 34.500000 0.000000 8 1 43
1.491676 2.158323 2.698866 39.500000 34.500000 0.000000 8 1 43
1.491676 2.158323 2.698866 40.500000 34.500000 0.000000 8 1 43
1.491676 2.158323 2.698866 41.500000 34.500000 0.000000 8 1 43
1.491676 2.158323 2.698866 42.500000 34.500000 0.000000 8 1 43
1.491676 2.158323 2.698866 43.500000 34.500000 0.000000 8 1 43
1.491676 2.158323 2.698866 44.500000 34.500000 0.000000 8 1 43
1.491676 2.158323 2.698866 45.500000 34.500000 0.000000 8 1 43
1.491676 2.158323 2.698866 46.500000 34.500000 0.000000 8 1 43
1.491676 2.158323 2.698866 47.500000 34.500000 0.000000 8 1 43
1.491676 2.158323 2.698866 48.500000 34.500000 0.000000 8 1 43
1.491676 2.158323 2.698866 49.500000 34.500000 0.000000 8 1 43
1.491676 2.158323 2.698866 50.500000 34.500000 0.000000 8 1 43
1.491676 2.158323 2.698866 51.500000 34.500000 0.000000 8 1 43
1.491676 2.158323 2.698866 52.500000 34.500000 0.000000 8 1 43
1.491676 2.158323 2.698866 53.500000 34.500000 0.000000 8 1 43
1.491676 2.158323 2.698866 54.500000 34.500000 0.000000 8 1 43
1.228663 2.197655 2.203669 55.500000 34.500000 0.000000 3 1 43
1.228663 2.197655 2.203669 56.500000 34.500000 0.000000 3 1 43
1.228663 2.197655 2.203669 57.500000 34.500000 0.000000 3 1 43
1.228663 2.197655 2.203669 58.500000 34.500000 0.000000 3 1 43
1.228663 2.197655 2.203669 59.500000 34.500000 0.000000 3 1 43
1.228663 2.197655 2.203669 60.500000 34.500000 0.000000 3 1 43
1.228663 2.197655 2.203669 61.500000 34.500000 0.000000 3 1 43
1.228663 2.197655 2.203669 62.500000 34.500000 0.000000 3 1 43
1.228663 2.197655 2.203669 63.500000 34.500000 0.000000 3 1 43
1.228663 2.197655 2.203669 64.500000 34.500000 0.000000 3 1 43
1.228663 2.197655 2.203669 65.500000 34.500000 0.000000 3 1 43
1.228663 2.197655 2.203669 66.500000 34.500000 0.000000 3 1 43
1.228663 2.197655 2.203669 67.500000 34.500000 0.000000 3 1 43
1.228663 2.197655 2.203669 68.500000 34.500000 0.000000 3 1 43
1.228663 2.197655 2.203669 69.500000 34.500000 0.000000 3 1 43
1.228663 2.197655 2.203669 70.500000 34.500000 0.000000 3 1 43
1.228663 2.197655 2.203669 71.500000 34.500000 0.000000 3 1 43
2.001568 1.662294 5.277684 72.500000 34.500000 0.000000 1 1 43
2.001568 1.662294 5.277684 73.500000 34.500000 0.000000 1 1 43
2.001568 1.662294 5.277684 74.500000 34.500000 0.000000 1 1 43
2.001568 1.662294 5.277684 75.500000 34.500000 0.000000 1 1 43
2.001568 1.662294 5.277684 76.500000 34.500000 0.000000 1 1 43
2.001568 1.662294 5.277684 77.500000 34.500000 0.000000 1 1 43
2.001568 1.662294 5.277684 78.500000 34.500000 0.000000 1 1 43
2.001568 1.662294 5.277684 79.500000 34.500000 0.000000 1 1 43
2.001568 1.662294 5.277684 80.500000 34.500000 0.000000 1 1 43
2.001568 1.662294 5.277684 81.500000 34.500000 0.000000 1 1 43
2.001568 1.662294 5.277684 82.500000 34.500000 0.000000 1 1 43
2.001568 1.662294 5.277684 83.500000 34.500000 0.000000 1 1 43
2.001568 1.662294 5.277684 84.500000 34.500000 0.000000 1 1 43
2.001568 1.662294 5.277684 85.500000 34.500000 0.000000 1 1 43
2.001568 1.662294 5.277684 86.500000 34.500000 0.000000 1 1 43
2.001568 1.662294 5.277684 87.500000 34.500000 0.000000 1 1 43
2.001568 1.662294 5.277684 88.500000 34.500000 0.000000 1 1 43
2.001568 1.662294 5.277684 89.500000 34.500000 0.000000 1 1 43
2.001568 1.662294 5.277684 90.500000 34.500000 0.000000 1 1 43
2.001568 1.662294 5.277684 91.500000 34.500000 0.000000 1 1 43
2.001568 1.662294 5.277684 92.500000 34.500000 0.000000 1 1 43
2.001568 1.662294 5.277684 93.500000 34.500000 0.000000 1 1 43
2.001568 1.662294 5.277684 94.500000 34.500000 0.000000 1 1 43
2.001568 1.662294 5.277684 95.500000 34.500000 0.000000 1 1 43
2.001568 1.662294 5.277684 96.500000 34.500000 0.000000 1 1 43
2.001568 1.662294 5.277684 97.500000 34.500000 0.000000 1 1 43
2.001568 1.662294 5.277684 98.500000 34.500000 0.000000 1 1 43
2.001568 1.662294 5.277684 99.500000 34.500000 0.000000 1 1 43
4.801245 1.676940 0.760133 0.500000 35.500000 0.000000 6 1 43
4.801245 1.676940 0.760133 1.500000 35.500000 0.000000 6 1 43
4.801245 1.676940 0.760133 2.500000 35.500000 0.000000 6 1 43
4.801245 1.676940 0.760133 3.500000 35.500000 0.000000 6 1 43
4.801245 1.676940 0.760133 4.500000 35.500000 0.000000 6 1 43
4.801245 1.676940 0.760133 5.500000 35.500000 0.000000 6 1 43
4.801245 1.676940 0.760133 6.500000 35.500000 0.000000 6 1 43
4.801245 1.676940 0.760133 7.500000 35.500000 0.000000 6 1 43
4.801245 1.676940 0.760133 8.500000 35.500000 0.000000 6 1 43
4.801245 1.676940 0.760133 9.500000 35.500000 0.000000 6 1 43
4.801245 1.676940 0.760133 10.500000 35.500000 0.000000 6 1 43
4.801245 1.676940 0.760133 11.500000 35.500000 0.000000 6 1 43
4.801245 1.676940 0.760133 12.500000 35.500000 0.000000 6 1 43
4.801245 1.676940 0.760133 13.500000 35.500000 0.000000 6 1 43
4.801245 1.676940 0.760133 14.500000 35.500000 0.000000 6 1 43
4.801245 1.676940 0.760133 15.500000 35.500000 0.000000 6 1 43
4.801245 1.676940 0.760133 16.500000 35.500000 0.000000 6 1 43
4.801245 1.676940 0.760133 17.500000 35.500000 0.000000 6 1 43
4.801245 1.676940 0.760133 18.500000 35.500000 0.000000 6 1 43
4.801245 1.676940 0.760133 19.500000 35.500000 0.000000 6 1 43
4.801245 1.676940 0.760133 20.500000 35.500000 0.000000 6 1 43
4.801245 1.676940 0.760133 21.500000 35.500000 0.000000 6 1 43
4.801245 1.676940 0.760133 22.500000 35.500000 0.000000 6 1 43
4.801245 1.676940 0.760133 23.500000 35.500000 0.000000 6 1 43
4.801245 1.676940 0.760133 24.500000 35.500000 0.000000 6 1 43
4.801245 1.676940 0.760133 25.500000 35.500000 0.000000 6 1 43
4.801245 1.676940 0.760133 26.500000 35.500000 0.000000 6 1 43
4.801245 1.676940 0.760133 27.500000 35.500000 0.000000 6 1 43
4.801245 1.676940 0.760133 28.500000 35.500000 0.000000 6 1 43
4.801245 1.676940 0.760133 29.500000 35.500000 0.000000 6 1 43
4.801245 1.676940 0.760133 30.500000 35.500000 0.000000 6 1 43
4.801245 1.676940 0.760133 31.500000 35.500000 0.000000 6 1 43
4.801245 1.676940 0.760133 32.500000 35.500000 0.000000 6 1 43
4.801245 1.676940 0.760133 33.500000 35.500000 0.000000 6 1 43
4.801245 1.676940 0.760133 34.500000 35.500000 0.000000 6 1 43
4.801245 1.676940 0.760133 35.500000 35.500000 0.000000 6 1 43
1.491676 2.158323 2.698866 36.500000 35.500000 0.000000 8 1 43
1.491676 2.158323 2.698866 37.500000 35.500000 0.000000 8 1 43
1.491676 2.158323 2.698866 38.500000 35.500000 0.000000 8 1 43
1.491676 2.158323 2.698866 39.500000 35.500000 0.000000 8 1 43
1.491676 2.158323 2.698866 40.500000 35.500000 0.000000 8 1 43
1.491676 2.158323 2.698866 41.500000 35.500000 0.000000 8 1 43
1.491676 2.158323 2.698866 42.500000 35.500000 0.000000 8 1 43
1.491676 2.158323 2.698866 43.500000 35.500000 0.000000 8 1 43
1.491676 2.158323 2.698866 44.500000 35.500000 0.000000 8 1 43
1.491676 2.158323 2.698866 45.500000 35.500000 0.000000 8 1 43
1.491676 2.158323 2.698866 46.500000 35.500000 0.000000 8 1 43
1.491676 2.158323 2.698866 47.500000 35.500000 0.000000 8 1 43
1.491676 2.158323 2.698866 48.500000 35.500000 0.000000 8 1 43
1.491676 2.158323 2.698866 49.500000 35.500000 0.000000 8 1 43
1.491676 2.158323 2.698866 50.500000 35.500000 0.000000 8 1 43
1.491676 2.158323 2.698866 51.500000 35.500000 0.000000 8 1 43
1.491676 2.158323 2.698866 52.500000 35.500000 0.000000 8 1 43
1.491676 2.158323 2.698866 53.500000 35.500000 0.000000 8 1 43
1.491676 2.158323 2.698866 54.500000 35.500000 0.000000 8 1 43
1.228663 2.197655 2.203669 55.500000 35.500000 0.000000 3 1 43
1.228663 2.197655 2.203669 56.500000 35.500000 0.000000 3 1 43
1.228663 2.197655 2.203669 57.500000 35.500000 0.000000 3 1 43
1.228663 2.197655 2.203669 58.500000 35.500000 0.000000 3 1 43
1.228663 2.197655 2.203669 59.500000 35.500000 0.000000 3 1 43
1.228663 2.197655 2.203669 60.500000 35.500000 0.000000 3 1 43
1.228663 2.197655 2.203669 61.500000 35.500000 0.000000 3 1 43
1.228663 2.197655 2.203669 62.500000 35.500000 0.000000 3 1 43
1.228663 2.197655 2.203669 63.500000 35.500000 0.000000 3 1 43
1.228663 2.197655 2.203669 64.500000 35.500000 0.000000 3 1 43
1.228663 2.197655 2.203669 65.500000 35.500000 0.000000 3 1 43
1.228663 2.197655 2.203669 66.500000 35.500000 0.000000 3 1 43
1.228663 2.197655 2.203669 67.500000 35.500000 0.000000 3 1 43
1.228663 2.197655 2.203669 68.500000 35.500000 0.000000 3 1 43
1.228663 2.197655 2.203669 69.500000 35.500000 0.000000 3 1 43
1.228663 2.197655 2.203669 70.500000 35.500000 0.000000 3 1 43
1.228663 2.197655 2.203669 71.500000 35.500000 0.000000 3 1 43
2.001568 1.662294 5.277684 72.500000 35.500000 0.000000 1 1 43
2.001568 1.662294 5.277684 73.500000 35.500000 0.000000 1 1 43
2.001568 1.662294 5.277684 74.500000 35.500000 0.000000 1 1 43
2.001568 1.662294 5.277684 75.500000 35.500000 0.000000 1 1 43
2.001568 1.662294 5.277684 76.500000 35.500000 0.000000 1 1 43
2.001568 1.662294 5.277684 77.500000 35.500000 0.000000 1 1 43
2.001568 1.662294 5.277684 78.500000 35.500000 0.000000 1 1 43
2.001568 1.662294 5.277684 79.500000 35.500000 0.000000 1 1 43
2.001568 1.662294 5.277684 80.500000 35.500000 0.000000 1 1 43
2.001568 1.662294 5.277684 81.500000 35.500000 0.000000 1 1 43
2.001568 1.662294 5.277684 82.500000 35.500000 0.000000 1 1 43
2.001568 1.662294 5.277684 83.500000 35.500000 0.000000 1 1 43
2.001568 1.662294 5.277684 84.500000 35.500000 0.000000 1 1 43
2.001568 1.662294 5.277684 85.500000 35.500000 0.000000 1 1 43
2.001568 1.662294 5.277684 86.500000 35.500000 0.000000 1 1 43
2.001568 1.662294 5.277684 87.500000 35.500000 0.000000 1 1 43
2.001568 1.662294 5.277684 88.500000 35.500000 0.000000 1 1 43
2.001568 1.662294 5.277684 89.500000 35.500000 0.000000 1 1 43
2.001568 1.662294 5.277684 90.500000 35.500000 0.000000 1 1 43
2.001568 1.662294 5.277684 91.500000 35.500000 0.000000 1 1 43
2.001568 1.662294 5.277684 92.500000 35.500000 0.000000 1 1 43
2.001568 1.662294 5.277684 93.500000 35.500000 0.000000 1 1 43
2.001568 1.662294 5.277684 94.500000 35.500000 0.000000 1 1 43
2.001568 1.662294 5.277684 95.500000 35.500000 0.000000 1 1 43
2.001568 1.662294 5.277684 96.500000 35.500000 0.000000 1 1 43
2.001568 1.662294 5.277684 97.500000 35.500000 0.000000 1 1 43
2.001568 1.662294 5.277684 98.500000 35.500000 0.000000 1 1 43
2.001568 1.662294 5.277684 99.500000 35.500000 0.000000 1 1 43
4.801245 1.676940 0.760133 0.500000 36.500000 0.000000 6 1 43
4.801245 1.676940 0.760133 1.500000 36.500000 0.000000 6 1 43
4.801245 1.676940 0.760133 2.500000 36.500000 0.000000 6 1 43
4.801245 1.676940 0.760133 3.500000 36.500000 0.000000 6 1 43
4.801245 1.676940 0.760133 4.500000 36.500000 0.000000 6 1 43
4.801245 1.676940 0.760133 5.500000 36.500000 0.000000 6 1 43
4.801245 1.676940 0.760133 6.500000 36.500000 0.000000 6 1 43
4.801245 1.676940 0.760133 7.500000 36.500000 0.000000 6 1 43
4.801245 1.676940 0.760133 8.500000 36.500000 0.000000 6 1 43
4.801245 1.676940 0.760133 9.500000 36.500000 0.000000 6 1 43
4.801245 1.676940 0.760133 10.500000 36.500000 0.000000 6 1 43
4.801245 1.676940 0.760133 11.500000 36.500000 0.000000 6 1 43
4.801245 1.676940 0.760133 12.500000 36.500000 0.000000 6 1 43
4.801245 1.676940 0.760133 13.500000 36.500000 0.000000 6 1 43
4.801245 1.676940 0.760133 14.500000 36.500000 0.000000 6 1 43
4.801245 1.676940 0.760133 15.500000 36.500000 0.000000 6 1 43
4.801245 1.676940 0.760133 16.500000 36.500000 0.000000 6 1 43
4.801245 1.676940 0.760133 17.500000 36.500000 0.000000 6 1 43
4.801245 1.676940 0.760133 18.500000 36.500000 0.000000 6 1 43
4.801245 1.676940 0.760133 19.500000 36.500000 0.000000 6 1 43
4.801245 1.676940 0.760133 20.500000 36.500000 0.000000 6 1 43
4.801245 1.676940 0.760133 21.500000 36.500000 0.000000 6 1 43
4.801245 1.676940 0.760133 22.500000 36.500000 0.000000 6 1 43
4.801245 1.676940 0.760133 23.500000 36.500000 0.000000 6 1 43
4.801245 1.676940 0.760133 24.500000 36.500000 0.000000 6 1 43
4.801245 1.676940 0.760133 25.500000 36.500000 0.000000 6 1 43
4.801245 1.676940 0.760133 26.500000 36.500000 0.000000 6 1 43
4.801245 1.676940 0.760133 27.500000 36.500000 0.000000 6 1 43
4.801245 1.676940 0.760133 28.500000 36.500000 0.000000 6 1 43
4.801245 1.676940 0.760133 29.500000 36.500000 0.000000 6 1 43
4.801245 1.676940 0.760133 30.500000 36.500000 0.000000 6 1 43
4.801245 1.676940 0.760133 31.500000 36.500000 0.000000 6 1 43
4.801245 1.676940 0.760133 32.500000 36.500000 0.000000 6 1 43
4.801245 1.676940 0.760133 33.500000 36.500000 0.000000 6 1 43
4.801245 1.676940 0.760133 34.500000 36.500000 0.000000 6 1 43
4.801245 1.676940 0.760133 35.500000 36.500000 0.000000 6 1 43
1.491676 2.158323 2.698866 36.500000 36.500000 0.000000 8 1 43
1.491676 2.158323 2.698866 37.500000 36.500000 0.000000 8 1 43
1.491676 2.158323 2.698866 38.500000 36.500000 0.000000 8 1 43
1.491676 2.158323 2.698866 39.500000 36.500000 0.000000 8 1 43
1.491676 2.158323 2.698866 40.500000 36.500000 0.000000 8 1 43
1.491676 2.158323 2.698866 41.500000 36.500000 0.000000 8 1 43
1.491676 2.158323 2.698866 42.500000 36.500000 0.000000 8 1 43
1.491676 2.158323 2.698866 43.500000 36.500000 0.000000 8 1 43
1.491676 2.158323 2.698866 44.500000 36.500000 0.000000 8 1 43
1.491676 2.158323 2.698866 45.500000 36.500000 0.000000 8 1 43
1.491676 2.158323 2.698866 46.500000 36.500000 0.000000 8 1 43
1.491676 2.158323 2.698866 47.500000 36.500000 0.000000 8 1 43
1.491676 2.158323 2.698866 48.500000 36.500000 0.000000 8 1 43
1.491676 2.158323 2.698866 49.500000 36.500000 0.000000 8 1 43
1.491676 2.158323 2.698866 50.500000 36.500000 0.000000 8 1 43
1.491676 2.158323 2.698866 51.500000 36.500000 0.000000 8 1 43
1.491676 2.158323 2.698866 52.500000 36.500000 0.000000 8 1 43
1.491676 2.158323 2.698866 53.500000 36.500000 0.000000 8 1 43
1.491676 2.158323 2.698866 54.500000 36.500000 0.000000 8 1 43
1.228663 2.197655 2.203669 55.500000 36.500000 0.000000 3 1 43
1.228663 2.197655 2.203669 56.500000 36.500000 0.000000 3 1 43
1.228663 2.197655 2.203669 57.500000 36.500000 0.000000 3 1 43
1.228663 2.197655 2.203669 58.500000 36.500000 0.000000 3 1 43
1.228663 2.197655 2.203669 59.500000 36.500000 0.000000 3 1 43
1.228663 2.197655 2.203669 60.500000 36.500000 0.000000 3 1 43
1.228663 2.197655 2.203669 61.500000 36.500000 0.000000 3 1 43
1.228663 2.197655 2.203669 62.500000 36.500000 0.000000 3 1 43
1.228663 2.197655 2.203669 63.500000 36.500000 0.000000 3 1 43
1.228663 2.197655 2.203669 64.500000 36.500000 0.000000 3 1 43
1.228663 2.197655 2.203669 65.500000 36.500000 0.000000 3 1 43
1.228663 2.197655 2.203669 66.500000 36.500000 0.000000 3 1 43
1.228663 2.197655 2.203669 67.500000 36.500000 0.000000 3 1 43
1.228663 2.197655 2.203669 68.500000 36.500000 0.000000 3 1 43
1.228663 2.197655 2.203669 69.500000 36.500000 0.000000 3 1 43
1.228663 2.197655 2.203669 70.500000 36.500000 0.000000 3 1 43
1.228663 2.197655 2.203669 71.500000 36.500000 0.000000 3 1 43
2.001568 1.662294 5.277684 72.500000 36.500000 0.000000 1 1 43
2.001568 1.662294 5.277684 73.500000 36.500000 0.000000 1 1 43
2.001568 1.662294 5.277684 74.500000 36.500000 0.000000 1 1 43
2.001568 1.662294 5.277684 75.500000 36.500000 0.000000 1 1 43
2.001568 1.662294 5.277684 76.500000 36.500000 0.000000 1 1 43
2.001568 1.662294 5.277684 77.500000 36.500000 0.000000 1 1 43
2.001568 1.662294 5.277684 78.500000 36.500000 0.000000 1 1 43
2.001568 1.662294 5.277684 79.500000 36.500000 0.000000 1 1 43
2.001568 1.662294 5.277684 80.500000 36.500000 0.000000 1 1 43
2.001568 1.662294 5.277684 81.500000 36.500000 0.000000 1 1 43
2.001568 1.662294 5.277684 82.500000 36.500000 0.000000 1 1 43
2.001568 1.662294 5.277684 83.500000 36.500000 0.000000 1 1 43
2.001568 1.662294 5.277684 84.500000 36.500000 0.000000 1 1 43
2.001568 1.662294 5.277684 85.500000 36.500000 0.000000 1 1 43
2.001568 1.662294 5.277684 86.500000 36.500000 0.000000 1 1 43
2.001568 1.662294 5.277684 87.500000 36.500000 0.000000 1 1 43
2.001568 1.662294 5.277684 88.500000 36.500000 0.000000 1 1 43
2.001568 1.662294 5.277684 89.500000 36.500000 0.000000 1 1 43
2.001568 1.662294 5.277684 90.500000 36.500000 0.000000 1 1 43
2.001568 1.662294 5.277684 91.500000 36.500000 0.000000 1 1 43
2.001568 1.662294 5.277684 92.500000 36.500000 0.000000 1 1 43
2.001568 1.662294 5.277684 93.500000 36.500000 0.000000 1 1 43
2.001568 1.662294 5.277684 94.500000 36.500000 0.000000 1 1 43
2.001568 1.662294 5.277684 95.500000 36.500000 0.000000 1 1 43
2.001568 1.662294 5.277684 96.500000 36.500000 0.000000 1 1 43
2.001568 1.662294 5.277684 97.500000 36.500000 0.000000 1 1 43
2.001568 1.662294 5.277684 98.500000 36.500000 0.000000 1 1 43
2.001568 1.662294 5.277684 99.500000 36.500000 0.000000 1 1 43
4.801245 1.676940 0.760133 0.500000 37.500000 0.000000 6 1 43
4.801245 1.676940 0.760133 1.500000 37.500000 0.000000 6 1 43
4.801245 1.676940 0.760133 2.500000 37.500000 0.000000 6 1 43
4.801245 1.676940 0.760133 3.500000 37.500000 0.000000 6 1 43
4.801245 1.676940 0.760133 4.500000 37.500000 0.000000 6 1 43
4.801245 1.676940 0.760133 5.500000 37.500000 0.000000 6 1 43
4.801245 1.676940 0.760133 6.500000 37.500000 0.000000 6 1 43
4.801245 1.676940 0.760133 7.500000 37.500000 0.000000 6 1 43
4.801245 1.676940 0.760133 8.500000 37.500000 0.000000 6 1 43
4.801245 1.676940 0.760133 9.500000 37.500000 0.000000 6 1 43
4.801245 1.676940 0.760133 10.500000 37.500000 0.000000 6 1 43
4.801245 1.676940 0.760133 11.500000 37.500000 0.000000 6 1 43
4.801245 1.676940 0.760133 12.500000 37.500000 0.000000 6 1 43
4.801245 1.676940 0.760133 13.500000 37.500000 0.000000 6 1 43
4.801245 1.676940 0.760133 14.500000 37.500000 0.000000 6 1 43
4.801245 1.676940 0.760133 15.500000 37.500000 0.000000 6 1 43
4.801245 1.676940 0.760133 16.500000 37.500000 0.000000 6 1 43
4.801245 1.676940 0.760133 17.500000 37.500000 0.000000 6 1 43
4.801245 1.676940 0.760133 18.500000 37.500000 0.000000 6 1 43
4.801245 1.676940 0.760133 19.500000 37.500000 0.000000 6 1 43
4.801245 1.676940 0.760133 20.500000 37.500000 0.000000 6 1 43
4.801245 1.676940 0.760133 21.500000 37.500000 0.000000 6 1 43
4.801245 1.676940 0.760133 22.500000 37.500000 0.000000 6 1 43
4.801245 1.676940 0.760133 23.500000 37.500000 0.000000 6 1 43
4.801245 1.676940 0.760133 24.500000 37.500000 0.000000 6 1 43
4.801245 1.676940 0.760133 25.500000 37.500000 0.000000 6 1 43
4.801245 1.676940 0.760133 26.500000 37.500000 0.000000 6 1 43
4.801245 1.676940 0.760133 27.500000 37.500000 0.000000 6 1 43
4.801245 1.676940 0.760133 28.500000 37.500000 0.000000 6 1 43
4.801245 1.676940 0.760133 29.500000 37.500000 0.000000 6 1 43
4.801245 1.676940 0.760133 30.500000 37.500000 0.000000 6 1 43
4.801245 1.676940 0.760133 31.500000 37.500000 0.000000 6 1 43
4.801245 1.676940 0.760133 32.500000 37.500000 0.000000 6 1 43
4.801245 1.676940 0.760133 33.500000 37.500000 0.000000 6 1 43
4.801245 1.676940 0.760133 34.500000 37.500000 0.000000 6 1 43
4.801245 1.676940 0.760133 35.500000 37.500000 0.000000 6 1 43
1.491676 2.158323 2.698866 36.500000 37.500000 0.000000 8 1 43
1.491676 2.158323 2.698866 37.500000 37.500000 0.000000 8 1 43
1.491676 2.158323 2.698866 38.500000 37.500000 0.000000 8 1 43
1.491676 2.158323 2.698866 39.500000 37.500000 0.000000 8 1 43
1.491676 2.158323 2.698866 40.500000 37.500000 0.000000 8 1 43
1.491676 2.158323 2.698866 41.500000 37.500000 0.000000 8 1 43
1.491676 2.158323 2.698866 42.500000 37.500000 0.000000 8 1 43
1.491676 2.158323 2.698866 43.500000 37.500000 0.000000 8 1 43
1.491676 2.158323 2.698866 44.500000 37.500000 0.000000 8 1 43
1.491676 2.158323 2.698866 45.500000 37.500000 0.000000 8 1 43
1.491676 2.158323 2.698866 46.500000 37.500000 0.000000 8 1 43
1.491676 2.158323 2.698866 47.500000 37.500000 0.000000 8 1 43
1.491676 2.158323 2.698866 48.500000 37.500000 0.000000 8 1 43
1.491676 2.158323 2.698866 49.500000 37.500000 0.000000 8 1 43
1.491676 2.158323 2.698866 50.500000 37.500000 0.000000 8 1 43
1.491676 2.158323 2.698866 51.500000 37.500000 0.000000 8 1 43
1.491676 2.158323 2.698866 52.500000 37.500000 0.000000 8 1 43
1.491676 2.158323 2.698866 53.500000 37.500000 0.000000 8 1 43
1.491676 2.158323 2.698866 54.500000 37.500000 0.000000 8 1 43
1.228663 2.197655 2.203669 55.500000 37.500000 0.000000 3 1 43
1.228663 2.197655 2.203669 56.500000 37.500000 0.000000 3 1 43
1.228663 2.197655 2.203669 57.500000 37.500000 0.000000 3 1 43
1.228663 2.197655 2.203669 58.500000 37.500000 0.000000 3 1 43
1.228663 2.197655 2.203669 59.500000 37.500000 0.000000 3 1 43
1.228663 2.197655 2.203669 60.500000 37.500000 0.000000 3 1 43
1.228663 2.197655 2.203669 61.500000 37.500000 0.000000 3 1 43
1.228663 2.197655 2.203669 62.500000 37.500000 0.000000 3 1 43
1.228663 2.197655 2.203669 63.500000 37.500000 0.000000 3 1 43
1.228663 2.197655 2.203669 64.500000 37.500000 0.000000 3 1 43
1.228663 2.197655 2.203669 65.500000 37.500000 0.000000 3 1 43
1.228663 2.197655 2.203669 66.500000 37.500000 0.000000 3 1 43
1.228663 2.197655 2.203669 67.500000 37.500000 0.000000 3 1 43
1.228663 2.197655 2.203669 68.500000 37.500000 0.000000 3 1 43
1.228663 2.197655 2.203669 69.500000 37.500000 0.000000 3 1 43
1.228663 2.197655 2.203669 70.500000 37.500000 0.000000 3 1 43
1.228663 2.197655 2.203669 71.500000 37.500000 0.000000 3 1 43
2.001568 1.662294 5.277684 72.500000 37.500000 0.000000 1 1 43
2.001568 1.662294 5.277684 73.500000 37.500000 0.000000 1 1 43
2.001568 1.662294 5.277684 74.500000 37.500000 0.000000 1 1 43
2.001568 1.662294 5.277684 75.500000 37.500000 0.000000 1 1 43
2.001568 1.662294 5.277684 76.500000 37.500000 0.000000 1 1 43
2.001568 1.662294 5.277684 77.500000 37.500000 0.000000 1 1 43
2.001568 1.662294 5.277684 78.500000 37.500000 0.000000 1 1 43
2.001568 1.662294 5.277684 79.500000 37.500000 0.000000 1 1 43
2.001568 1.662294 5.277684 80.500000 37.500000 0.000000 1 1 43
2.001568 1.662294 5.277684 81.500000 37.500000 0.000000 1 1 43
2.001568 1.662294 5.277684 82.500000 37.500000 0.000000 1 1 43
2.001568 1.662294 5.277684 83.500000 37.500000 0.000000 1 1 43
2.001568 1.662294 5.277684 84.500000 37.500000 0.000000 1 1 43
2.001568 1.662294 5.277684 85.500000 37.500000 0.000000 1 1 43
2.001568 1.662294 5.277684 86.500000 37.500000 0.000000 1 1 43
2.001568 1.662294 5.277684 87.500000 37.500000 0.000000 1 1 43
2.001568 1.662294 5.277684 88.500000 37.500000 0.000000 1 1 43
2.001568 1.662294 5.277684 89.500000 37.500000 0.000000 1 1 43
2.001568 1.662294 5.277684 90.500000 37.500000 0.000000 1 1 43
2.001568 1.662294 5.277684 91.500000 37.500000 0.000000 1 1 43
2.001568 1.662294 5.277684 92.500000 37.500000 0.000000 1 1 43
2.001568 1.662294 5.277684 93.500000 37.500000 0.000000 1 1 43
2.001568 1.662294 5.277684 94.500000 37.500000 0.000000 1 1 43
2.001568 1.662294 5.277684 95.500000 37.500000 0.000000 1 1 43
2.001568 1.662294 5.277684 96.500000 37.500000 0.000000 1 1 43
2.001568 1.662294 5.277684 97.500000 37.500000 0.000000 1 1 43
2.001568 1.662294 5.277684 98.500000 37.500000 0.000000 1 1 43
2.001568 1.662294 5.277684 99.500000 37.500000 0.000000 1 1 43
4.801245 1.676940 0.760133 0.500000 38.500000 0.000000 6 1 43
4.801245 1.676940 0.760133 1.500000 38.500000 0.000000 6 1 43
4.801245 1.676940 0.760133 2.500000 38.500000 0.000000 6 1 43
4.801245 1.676940 0.760133 3.500000 38.500000 0.000000 6 1 43
4.801245 1.676940 0.760133 4.500000 38.500000 0.000000 6 1 43
4.801245 1.676940 0.760133 5.500000 38.500000 0.000000 6 1 43
4.801245 1.676940 0.760133 6.500000 38.500000 0.000000 6 1 43
4.801245 1.676940 0.760133 7.500000 38.500000 0.000000 6 1 43
4.801245 1.676940 0.760133 8.500000 38.500000 0.000000 6 1 43
4.801245 1.676940 0.760133 9.500000 38.500000 0.000000 6 1 43
4.801245 1.676940 0.760133 10.500000 38.500000 0.000000 6 1 43
4.801245 1.676940 0.760133 11.500000 38.500000 0.000000 6 1 43
4.801245 1.676940 0.760133 12.500000 38.500000 0.000000 6 1 43
4.801245 1.676940 0.760133 13.500000 38.500000 0.000000 6 1 43
4.801245 1.676940 0.760133 14.500000 38.500000 0.000000 6 1 43
4.801245 1.676940 0.760133 15.500000 38.500000 0.000000 6 1 43
4.801245 1.676940 0.760133 16.500000 38.500000 0.000000 6 1 43
4.801245 1.676940 0.760133 17.500000 38.500000 0.000000 6 1 43
4.801245 1.676940 0.760133 18.500000 38.500000 0.000000 6 1 43
4.801245 1.676940 0.760133 19.500000 38.500000 0.000000 6 1 43
4.801245 1.676940 0.760133 20.500000 38.500000 0.000000 6 1 43
4.801245 1.676940 0.760133 21.500000 38.500000 0.000000 6 1 43
4.801245 1.676940 0.760133 22.500000 38.500000 0.000000 6 1 43
4.801245 1.676940 0.760133 23.500000 38.500000 0.000000 6 1 43
4.801245 1.676940 0.760133 24.500000 38.500000 0.000000 6 1 43
4.801245 1.676940 0.760133 25.500000 38.500000 0.000000 6 1 43
4.801245 1.676940 0.760133 26.500000 38.500000 0.000000 6 1 43
4.801245 1.676940 0.760133 27.500000 38.500000 0.000000 6 1 43
4.801245 1.676940 0.760133 28.500000 38.500000 0.000000 6 1 43
4.801245 1.676940 0.760133 29.500000 38.500000 0.000000 6 1 43
4.801245 1.676940 0.760133 30.500000 38.500000 0.000000 6 1 43
4.801245 1.676940 0.760133 31.500000 38.500000 0.000000 6 1 43
4.801245 1.676940 0.760133 32.500000 38.500000 0.000000 6 1 43
4.801245 1.676940 0.760133 33.500000 38.500000 0.000000 6 1 43
4.801245 1.676940 0.760133 34.500000 38.500000 0.000000 6 1 43
4.801245 1.676940 0.760133 35.500000 38.500000 0.000000 6 1 43
1.491676 2.158323 2.698866 36.500000 38.500000 0.000000 8 1 43
1.491676 2.158323 2.698866 37.500000 38.500000 0.000000 8 1 43
1.491676 2.158323 2.698866 38.500000 38.500000 0.000000 8 1 43
1.491676 2.158323 2.698866 39.500000 38.500000 0.000000 8 1 43
1.491676 2.158323 2.698866 40.500000 38.500000 0.000000 8 1 43
1.491676 2.158323 2.698866 41.500000 38.500000 0.000000 8 1 43
1.491676 2.158323 2.698866 42.500000 38.500000 0.000000 8 1 43
1.491676 2.158323 2.698866 43.500000 38.500000 0.000000 8 1 43
1.491676 2.158323 2.698866 44.500000 38.500000 0.000000 8 1 43
1.491676 2.158323 2.698866 45.500000 38.500000 0.000000 8 1 43
1.491676 2.158323 2.698866 46.500000 38.500000 0.000000 8 1 43
1.491676 2.158323 2.698866 47.500000 38.500000 0.000000 8 1 43
1.491676 2.158323 2.698866 48.500000 38.500000 0.000000 8 1 43
1.491676 2.158323 2.698866 49.500000 38.500000 0.000000 8 1 43
1.491676 2.158323 2.698866 50.500000 38.500000 0.000000 8 1 43
1.491676 2.158323 2.698866 51.500000 38.500000 0.000000 8 1 43
1.491676 2.158323 2.698866 52.500000 38.500000 0.000000 8 1 43
1.491676 2.158323 2.698866 53.500000 38.500000 0.000000 8 1 43
1.491676 2.158323 2.698866 54.500000 38.500000 0.000000 8 1 43
1.228663 2.197655 2.203669 55.500000 38.500000 0.000000 3 1 43
1.228663 2.197655 2.203669 56.500000 38.500000 0.000000 3 1 43
1.228663 2.197655 2.203669 57.500000 38.500000 0.000000 3 1 43
1.228663 2.197655 2.203669 58.500000 38.500000 0.000000 3 1 43
1.228663 2.197655 2.203669 59.500000 38.500000 0.000000 3 1 43
1.228663 2.197655 2.203669 60.500000 38.500000 0.000000 3 1 43
1.228663 2.197655 2.203669 61.500000 38.500000 0.000000 3 1 43
1.228663 2.197655 2.203669 62.500000 38.500000 0.000000 3 1 43
1.228663 2.197655 2.203669 63.500000 38.500000 0.000000 3 1 43
1.228663 2.197655 2.203669 64.500000 38.500000 0.000000 3 1 43
1.228663 2.197655 2.203669 65.500000 38.500000 0.000000 3 1 43
1.228663 2.197655 2.203669 66.500000 38.500000 0.000000 3 1 43
1.228663 2.197655 2.203669 67.500000 38.500000 0.000000 3 1 43
1.228663 2.197655 2.203669 68.500000 38.500000 0.000000 3 1 43
1.228663 2.197655 2.203669 69.500000 38.500000 0.000000 3 1 43
1.228663 2.197655 2.203669 70.500000 38.500000 0.000000 3 1 43
1.228663 2.197655 2.203669 71.500000 38.500000 0.000000 3 1 43
2.001568 1.662294 5.277684 72.500000 38.500000 0.000000 1 1 43
2.001568 1.662294 5.277684 73.500000 38.500000 0.000000 1 1 43
2.001568 1.662294 5.277684 74.500000 38.500000 0.000000 1 1 43
2.001568 1.662294 5.277684 75.500000 38.500000 0.000000 1 1 43
2.001568 1.662294 5.277684 76.500000 38.500000 0.000000 1 1 43
2.001568 1.662294 5.277684 77.500000 38.500000 0.000000 1 1 43
2.001568 1.662294 5.277684 78.500000 38.500000 0.000000 1 1 43
2.001568 1.662294 5.277684 79.500000 38.500000 0.000000 1 1 43
2.001568 1.662294 5.277684 80.500000 38.500000 0.000000 1 1 43
2.001568 1.662294 5.277684 81.500000 38.500000 0.000000 1 1 43
2.001568 1.662294 5.277684 82.500000 38.500000 0.000000 1 1 43
2.001568 1.662294 5.277684 83.500000 38.500000 0.000000 1 1 43
2.001568 1.662294 5.277684 84.500000 38.500000 0.000000 1 1 43
2.001568 1.662294 5.277684 85.500000 38.500000 0.000000 1 1 43
2.001568 1.662294 5.277684 86.500000 38.500000 0.000000 1 1 43
2.001568 1.662294 5.277684 87.500000 38.500000 0.000000 1 1 43
2.001568 1.662294 5.277684 88.500000 38.500000 0.000000 1 1 43
2.001568 1.662294 5.277684 89.500000 38.500000 0.000000 1 1 43
2.001568 1.662294 5.277684 90.500000 38.500000 0.000000 1 1 43
2.001568 1.662294 5.277684 91.500000 38.500000 0.000000 1 1 43
2.001568 1.662294 5.277684 92.500000 38.500000 0.000000 1 1 43
2.001568 1.662294 5.277684 93.500000 38.500000 0.000000 1 1 43
2.001568 1.662294 5.277684 94.500000 38.500000 0.000000 1 1 43
2.001568 1.662294 5.277684 95.500000 38.500000 0.000000 1 1 43
2.001568 1.662294 5.277684 96.500000 38.500000 0.000000 1 1 43
2.001568 1.662294 5.277684 97.500000 38.500000 0.000000 1 1 43
2.001568 1.662294 5.277684 98.500000 38.500000 0.000000 1 1 43
2.001568 1.662294 5.277684 99.500000 38.500000 0.000000 1 1 43
4.801245 1.676940 0.760133 0.500000 39.500000 0.000000 6 1 43
4.801245 1.676940 0.760133 1.500000 39.500000 0.000000 6 1 43
4.801245 1.676940 0.760133 2.500000 39.500000 0.000000 6 1 43
4.801245 1.676940 0.760133 3.500000 39.500000 0.000000 6 1 43
4.801245 1.676940 0.760133 4.500000 39.500000 0.000000 6 1 43
4.801245 1.676940 0.760133 5.500000 39.500000 0.000000 6 1 43
4.801245 1.676940 0.760133 6.500000 39.500000 0.000000 6 1 43
4.801245 1.676940 0.760133 7.500000 39.500000 0.000000 6 1 43
4.801245 1.676940 0.760133 8.500000 39.500000 0.000000 6 1 43
4.801245 1.676940 0.760133 9.500000 39.500000 0.000000 6 1 43
4.801245 1.676940 0.760133 10.500000 39.500000 0.000000 6 1 43
4.801245 1.676940 0.760133 11.500000 39.500000 0.000000 6 1 43
4.801245 1.676940 0.760133 12.500000 39.500000 0.000000 6 1 43
4.801245 1.676940 0.760133 13.500000 39.500000 0.000000 6 1 43
4.801245 1.676940 0.760133 14.500000 39.500000 0.000000 6 1 43
4.801245 1.676940 0.760133 15.500000 39.500000 0.000000 6 1 43
4.801245 1.676940 0.760133 16.500000 39.500000 0.000000 6 1 43
4.801245 1.676940 0.760133 17.500000 39.500000 0.000000 6 1 43
4.801245 1.676940 0.760133 18.500000 39.500000 0.000000 6 1 43
4.801245 1.676940 0.760133 19.500000 39.500000 0.000000 6 1 43
4.801245 1.676940 0.760133 20.500000 39.500000 0.000000 6 1 43
4.801245 1.676940 0.760133 21.500000 39.500000 0.000000 6 1 43
4.801245 1.676940 0.760133 22.500000 39.500000 0.000000 6 1 43
4.801245 1.676940 0.760133 23.500000 39.500000 0.000000 6 1 43
4.801245 1.676940 0.760133 24.500000 39.500000 0.000000 6 1 43
4.801245 1.676940 0.760133 25.500000 39.500000 0.000000 6 1 43
4.801245 1.676940 0.760133 26.500000 39.500000 0.000000 6 1 43
4.801245 1.676940 0.760133 27.500000 39.500000 0.000000 6 1 43
4.801245 1.676940 0.760133 28.500000 39.500000 0.000000 6 1 43
4.801245 1.676940 0.760133 29.500000 39.500000 0.000000 6 1 43
4.801245 1.676940 0.760133 30.500000 39.500000 0.000000 6 1 43
4.801245 1.676940 0.760133 31.500000 39.500000 0.000000 6 1 43
4.801245 1.676940 0.760133 32.500000 39.500000 0.000000 6 1 43
4.801245 1.676940 0.760133 33.500000 39.500000 0.000000 6 1 43
4.801245 1.676940 0.760133 34.500000 39.500000 0.000000 6 1 43
1.491676 2.158323 2.698866 35.500000 39.500000 0.000000 8 1 43
1.491676 2.158323 2.698866 36.500000 39.500000 0.000000 8 1 43
1.491676 2.158323 2.698866 37.500000 39.500000 0.000000 8 1 43
1.491676 2.158323 2.698866 38.500000 39.500000 0.000000 8 1 43
1.491676 2.158323 2.698866 39.500000 39.500000 0.000000 8 1 43
1.491676 2.158323 2.698866 40.500000 39.500000 0.000000 8 1 43
1.491676 2.158323 2.698866 41.500000 39.500000 0.000000 8 1 43
1.491676 2.158323 2.698866 42.500000 39.500000 0.000000 8 1 43
1.491676 2.158323 2.698866 43.500000 39.500000 0.000000 8 1 43
1.491676 2.158323 2.698866 44.500000 39.500000 0.000000 8 1 43
1.491676 2.158323 2.698866 45.500000 39.500000 0.000000 8 1 43
1.491676 2.158323 2.698866 46.500000 39.500000 0.000000 8 1 43
1.491676 2.158323 2.698866 47.500000 39.500000 0.000000 8 1 43
1.491676 2.158323 2.698866 48.500000 39.500000 0.000000 8 1 43
1.491676 2.158323 2.698866 49.500000 39.500000 0.000000 8 1 43
1.491676 2.158323 2.698866 50.500000 39.500000 0.000000 8 1 43
1.491676 2.158323 2.698866 51.500000 39.500000 0.000000 8 1 43
1.491676 2.158323 2.698866 52.500000 39.500000 0.000000 8 1 43
1.491676 2.158323 2.698866 53.500000 39.500000 0.000000 8 1 43
1.228663 2.197655 2.203669 54.500000 39.500000 0.000000 3 1 43
1.228663 2.197655 2.203669 55.500000 39.500000 0.000000 3 1 43
1.228663 2.197655 2.203669 56.500000 39.500000 0.000000 3 1 43
1.228663 2.197655 2.203669 57.500000 39.500000 0.000000 3 1 43
1.228663 2.197655 2.203669 58.500000 39.500000 0.000000 3 1 43
1.228663 2.197655 2.203669 59.500000 39.500000 0.000000 3 1 43
1.228663 2.197655 2.203669 60.500000 39.500000 0.000000 3 1 43
1.228663 2.197655 2.203669 61.500000 39.500000 0.000000 3 1 43
1.228663 2.197655 2.203669 62.500000 39.500000 0.000000 3 1 43
1.228663 2.197655 2.203669 63.500000 39.500000 0.000000 3 1 43
1.228663 2.197655 2.203669 64.500000 39.500000 0.000000 3 1 43
1.228663 2.197655 2.203669 65.500000 39.500000 0.000000 3 1 43
1.228663 2.197655 2.203669 66.500000 39.500000 0.000000 3 1 43
1.228663 2.197655 2.203669 67.500000 39.500000 0.000000 3 1 43
1.228663 2.197655 2.203669 68.500000 39.500000 0.000000 3 1 43
1.228663 2.197655 2.203669 69.500000 39.500000 0.000000 3 1 43
1.228663 2.197655 2.203669 70.500000 39.500000 0.000000 3 1 43
1.228663 2.197655 2.203669 71.500000 39.500000 0.000000 3 1 43
2.001568 1.662294 5.277684 72.500000 39.500000 0.000000 1 1 43
2.001568 1.662294 5.277684 73.500000 39.500000 0.000000 1 1 43
2.001568 1.662294 5.277684 74.500000 39.500000 0.000000 1 1 43
2.001568 1.662294 5.277684 75.500000 39.500000 0.000000 1 1 43
2.001568 1.662294 5.277684 76.500000 39.500000 0.000000 1 1 43
2.001568 1.662294 5.277684 77.500000 39.500000 0.000000 1 1 43
2.001568 1.662294 5.277684 78.500000 39.500000 0.000000 1 1 43
2.001568 1.662294 5.277684 79.500000 39.500000 0.000000 1 1 43
2.001568 1.662294 5.277684 80.500000 39.500000 0.000000 1 1 43
2.001568 1.662294 5.277684 81.500000 39.500000 0.000000 1 1 43
2.001568 1.662294 5.277684 82.500000 39.500000 0.000000 1 1 43
2.001568 1.662294 5.277684 83.500000 39.500000 0.000000 1 1 43
2.001568 1.662294 5.277684 84.500000 39.500000 0.000000 1 1 43
2.001568 1.662294 5.277684 85.500000 39.500000 0.000000 1 1 43
2.001568 1.662294 5.277684 86.500000 39.500000 0.000000 1 1 43
2.001568 1.662294 5.277684 87.500000 39.500000 0.000000 1 1 43
2.001568 1.662294 5.277684 88.500000 39.500000 0.000000 1 1 43
2.001568 1.662294 5.277684 89.500000 39.500000 0.000000 1 1 43
2.001568 1.662294 5.277684 90.500000 39.500000 0.000000 1 1 43
2.001568 1.662294 5.277684 91.500000 39.500000 0.000000 1 1 43
2.001568 1.662294 5.277684 92.500000 39.500000 0.000000 1 1 43
2.001568 1.662294 5.277684 93.500000 39.500000 0.000000 1 1 43
2.001568 1.662294 5.277684 94.500000 39.500000 0.000000 1 1 43
2.001568 1.662294 5.277684 95.500000 39.500000 0.000000 1 1 43
2.001568 1.662294 5.277684 96.500000 39.500000 0.000000 1 1 43
2.001568 1.662294 5.277684 97.500000 39.500000 0.000000 1 1 43
2.001568 1.662294 5.277684 98.500000 39.500000 0.000000 1 1 43
2.001568 1.662294 5.277684 99.500000 39.500000 0.000000 1 1 43
4.801245 1.676940 0.760133 0.500000 40.500000 0.000000 6 1 43
4.801245 1.676940 0.760133 1.500000 40.500000 0.000000 6 1 43
4.801245 1.676940 0.760133 2.500000 40.500000 0.000000 6 1 43
4.801245 1.676940 0.760133 3.500000 40.500000 0.000000 6 1 43
4.801245 1.676940 0.760133 4.500000 40.500000 0.000000 6 1 43
4.801245 1.676940 0.760133 5.500000 40.500000 0.000000 6 1 43
4.801245 1.676940 0.760133 6.500000 40.500000 0.000000 6 1 43
4.801245 1.676940 0.760133 7.500000 40.500000 0.000000 6 1 43
4.801245 1.676940 0.760133 8.500000 40.500000 0.000000 6 1 43
4.801245 1.676940 0.760133 9.500000 40.500000 0.000000 6 1 43
4.801245 1.676940 0.760133 10.500000 40.500000 0.000000 6 1 43
4.801245 1.676940 0.760133 11.500000 40.500000 0.000000 6 1 43
4.801245 1.676940 0.760133 12.500000 40.500000 0.000000 6 1 43
4.801245 1.676940 0.760133 13.500000 40.500000 0.000000 6 1 43
4.801245 1.676940 0.760133 14.500000 40.500000 0.000000 6 1 43
4.801245 1.676940 0.760133 15.500000 40.500000 0.000000 6 1 43
4.801245 1.676940 0.760133 16.500000 40.500000 0.000000 6 1 43
4.801245 1.676940 0.760133 17.500000 40.500000 0.000000 6 1 43
4.801245 1.676940 0.760133 18.500000 40.500000 0.000000 6 1 43
4.801245 1.676940 0.760133 19.500000 40.500000 0.000000 6 1 43
4.801245 1.676940 0.760133 20.500000 40.500000 0.000000 6 1 43
4.801245 1.676940 0.760133 21.500000 40.500000 0.000000 6 1 43
4.801245 1.676940 0.760133 22.500000 40.500000 0.000000 6 1 43
4.801245 1.676940 0.760133 23.500000 40.500000 0.000000 6 1 43
4.801245 1.676940 0.760133 24.500000 40.500000 0.000000 6 1 43
4.801245 1.676940 0.760133 25.500000 40.500000 0.000000 6 1 43
4.801245 1.676940 0.760133 26.500000 40.500000 0.000000 6 1 43
4.801245 1.676940 0.760133 27.500000 40.500000 0.000000 6 1 43
4.801245 1.676940 0.760133 28.500000 40.500000 0.000000 6 1 43
4.801245 1.676940 0.760133 29.500000 40.500000 0.000000 6 1 43
4.801245 1.676940 0.760133 30.500000 40.500000 0.000000 6 1 43
4.801245 1.676940 0.760133 31.500000 40.500000 0.000000 6 1 43
4.801245 1.676940 0.760133 32.500000 40.500000 0.000000 6 1 43
4.801245 1.676940 0.760133 33.500000 40.500000 0.000000 6 1 43
4.801245 1.676940 0.760133 34.500000 40.500000 0.000000 6 1 43
1.491676 2.158323 2.698866 35.500000 40.500000 0.000000 8 1 43
1.491676 2.158323 2.698866 36.500000 40.500000 0.000000 8 1 43
1.491676 2.158323 2.698866 37.500000 40.500000 0.000000 8 1 43
1.491676 2.158323 2.698866 38.500000 40.500000 0.000000 8 1 43
1.491676 2.158323 2.698866 39.500000 40.500000 0.000000 8 1 43
1.491676 2.158323 2.698866 40.500000 40.500000 0.000000 8 1 43
1.491676 2.158323 2.698866 41.500000 40.500000 0.000000 8 1 43
1.491676 2.158323 2.698866 42.500000 40.500000 0.000000 8 1 43
1.491676 2.158323 2.698866 43.500000 40.500000 0.000000 8 1 43
1.491676 2.158323 2.698866 44.500000 40.500000 0.000000 8 1 43
1.491676 2.158323 2.698866 45.500000 40.500000 0.000000 8 1 43
1.491676 2.158323 2.698866 46.500000 40.500000 0.000000 8 1 43
1.491676 2.158323 2.698866 47.500000 40.500000 0.000000 8 1 43
1.491676 2.158323 2.698866 48.500000 40.500000 0.000000 8 1 43
1.491676 2.158323 2.698866 49.500000 40.500000 0.000000 8 1 43
1.491676 2.158323 2.698866 50.500000 40.500000 0.000000 8 1 43
1.491676 2.158323 2.698866 51.500000 40.500000 0.000000 8 1 43
1.491676 2.158323 2.698866 52.500000 40.500000 0.000000 8 1 43
1.491676 2.158323 2.698866 53.500000 40.500000 0.000000 8 1 43
1.228663 2.197655 2.203669 54.500000 40.500000 0.000000 3 1 43
1.228663 2.197655 2.203669 55.500000 40.500000 0.000000 3 1 43
1.228663 2.197655 2.203669 56.500000 40.500000 0.000000 3 1 43
1.228663 2.197655 2.203669 57.500000 40.500000 0.000000 3 1 43
1.228663 2.197655 2.203669 58.500000 40.500000 0.000000 3 1 43
1.228663 2.197655 2.203669 59.500000 40.500000 0.000000 3 1 43
1.228663 2.197655 2.203669 60.500000 40.500000 0.000000 3 1 43
1.228663 2.197655 2.203669 61.500000 40.500000 0.000000 3 1 43
1.228663 2.197655 2.203669 62.500000 40.500000 0.000000 3 1 43
1.228663 2.197655 2.203669 63.500000 40.500000 0.000000 3 1 43
1.228663 2.197655 2.203669 64.500000 40.500000 0.000000 3 1 43
1.228663 2.197655 2.203669 65.500000 40.500000 0.000000 3 1 43
1.228663 2.197655 2.203669 66.500000 40.500000 0.000000 3 1 43
1.228663 2.197655 2.203669 67.500000 40.500000 0.000000 3 1 43
1.228663 2.197655 2.203669 68.500000 40.500000 0.000000 3 1 43
1.228663 2.197655 2.203669 69.500000 40.500000 0.000000 3 1 43
1.228663 2.197655 2.203669 70.500000 40.500000 0.000000 3 1 43
1.228663 2.197655 2.203669 71.500000 40.500000 0.000000 3 1 43
2.001568 1.662294 5.277684 72.500000 40.500000 0.000000 1 1 43
2.001568 1.662294 5.277684 73.500000 40.500000 0.000000 1 1 43
2.001568 1.662294 5.277684 74.500000 40.500000 0.000000 1 1 43
2.001568 1.662294 5.277684 75.500000 40.500000 0.000000 1 1 43
2.001568 1.662294 5.277684 76.500000 40.500000 0.000000 1 1 43
2.001568 1.662294 5.277684 77.500000 40.500000 0.000000 1 1 43
2.001568 1.662294 5.277684 78.500000 40.500000 0.000000 1 1 43
2.001568 1.662294 5.277684 79.500000 40.500000 0.000000 1 1 43
2.001568 1.662294 5.277684 80.500000 40.500000 0.000000 1 1 43
2.001568 1.662294 5.277684 81.500000 40.500000 0.000000 1 1 43
2.001568 1.662294 5.277684 82.500000 40.500000 0.000000 1 1 43
2.001568 1.662294 5.277684 83.500000 40.500000 0.000000 1 1 43
2.001568 1.662294 5.277684 84.500000 40.500000 0.000000 1 1 43
2.001568 1.662294 5.277684 85.500000 40.500000 0.000000 1 1 43
2.001568 1.662294 5.277684 86.500000 40.500000 0.000000 1 1 43
2.001568 1.662294 5.277684 87.500000 40.500000 0.000000 1 1 43
2.001568 1.662294 5.277684 88.500000 40.500000 0.000000 1 1 43
2.001568 1.662294 5.277684 89.500000 40.500000 0.000000 1 1 43
2.001568 1.662294 5.277684 90.500000 40.500000 0.000000 1 1 43
2.001568 1.662294 5.277684 91.500000 40.500000 0.000000 1 1 43
2.001568 1.662294 5.277684 92.500000 40.500000 0.000000 1 1 43
2.001568 1.662294 5.277684 93.500000 40.500000 0.000000 1 1 43
2.001568 1.662294 5.277684 94.500000 40.500000 0.000000 1 1 43
2.001568 1.662294 5.277684 95.500000 40.500000 0.000000 1 1 43
2.001568 1.662294 5.277684 96.500000 40.500000 0.000000 1 1 43
2.001568 1.662294 5.277684 97.500000 40.500000 0.000000 1 1 43
2.001568 1.662294 5.277684 98.500000 40.500000 0.000000 1 1 43
2.001568 1.662294 5.277684 99.500000 40.500000 0.000000 1 1 43
4.801245 1.676940 0.760133 0.500000 41.500000 0.000000 6 1 43
4.801245 1.676940 0.760133 1.500000 41.500000 0.000000 6 1 43
4.801245 1.676940 0.760133 2.500000 41.500000 0.000000 6 1 43
4.801245 1.676940 0.760133 3.500000 41.500000 0.000000 6 1 43
4.801245 1.676940 0.760133 4.500000 41.500000 0.000000 6 1 43
4.801245 1.676940 0.760133 5.500000 41.500000 0.000000 6 1 43
4.801245 1.676940 0.760133 6.500000 41.500000 0.000000 6 1 43
4.801245 1.676940 0.760133 7.500000 41.500000 0.000000 6 1 43
4.801245 1.676940 0.760133 8.500000 41.500000 0.000000 6 1 43
4.801245 1.676940 0.760133 9.500000 41.500000 0.000000 6 1 43
4.801245 1.676940 0.760133 10.500000 41.500000 0.000000 6 1 43
4.801245 1.676940 0.760133 11.500000 41.500000 0.000000 6 1 43
4.801245 1.676940 0.760133 12.500000 41.500000 0.000000 6 1 43
4.801245 1.676940 0.760133 13.500000 41.500000 0.000000 6 1 43
4.801245 1.676940 0.760133 14.500000 41.500000 0.000000 6 1 43
4.801245 1.676940 0.760133 15.500000 41.500000 0.000000 6 1 43
4.801245 1.676940 0.760133 16.500000 41.500000 0.000000 6 1 43
4.801245 1.676940 0.760133 17.500000 41.500000 0.000000 6 1 43
4.801245 1.676940 0.760133 18.500000 41.500000 0.000000 6 1 43
4.801245 1.676940 0.760133 19.500000 41.500000 0.000000 6 1 43
4.801245 1.676940 0.760133 20.500000 41.500000 0.000000 6 1 43
4.801245 1.676940 0.760133 21.500000 41.500000 0.000000 6 1 43
4.801245 1.676940 0.760133 22.500000 41.500000 0.000000 6 1 43
4.801245 1.676940 0.760133 23.500000 41.500000 0.000000 6 1 43
4.801245 1.676940 0.760133 24.500000 41.500000 0.000000 6 1 43
4.801245 1.676940 0.760133 25.500000 41.500000 0.000000 6 1 43
4.801245 1.676940 0.760133 26.500000 41.500000 0.000000 6 1 43
4.801245 1.676940 0.760133 27.500000 41.500000 0.000000 6 1 43
4.801245 1.676940 0.760133 28.500000 41.500000 0.000000 6 1 43
4.801245 1.676940 0.760133 29.500000 41.500000 0.000000 6 1 43
4.801245 1.676940 0.760133 30.500000 41.500000 0.000000 6 1 43
4.801245 1.676940 0.760133 31.500000 41.500000 0.000000 6 1 43
4.801245 1.676940 0.760133 32.500000 41.500000 0.000000 6 1 43
4.801245 1.676940 0.760133 33.500000 41.500000 0.000000 6 1 43
4.801245 1.676940 0.760133 34.500000 41.500000 0.000000 6 1 43
1.491676 2.158323 2.698866 35.500000 41.500000 0.000000 8 1 43
1.491676 2.158323 2.698866 36.500000 41.500000 0.000000 8 1 43
1.491676 2.158323 2.698866 37.500000 41.500000 0.000000 8 1 43
1.491676 2.158323 2.698866 38.500000 41.500000 0.000000 8 1 43
1.491676 2.158323 2.698866 39.500000 41.500000 0.000000 8 1 43
1.491676 2.158323 2.698866 40.500000 41.500000 0.000000 8 1 43
1.491676 2.158323 2.698866 41.500000 41.500000 0.000000 8 1 43
1.491676 2.158323 2.698866 42.500000 41.500000 0.000000 8 1 43
1.491676 2.158323 2.698866 43.500000 41.500000 0.000000 8 1 43
1.491676 2.158323 2.698866 44.500000 41.500000 0.000000 8 1 43
1.491676 2.158323 2.698866 45.500000 41.500000 0.000000 8 1 43
1.491676 2.158323 2.698866 46.500000 41.500000 0.000000 8 1 43
1.491676 2.158323 2.698866 47.500000 41.500000 0.000000 8 1 43
1.491676 2.158323 2.698866 48.500000 41.500000 0.000000 8 1 43
1.491676 2.158323 2.698866 49.500000 41.500000 0.000000 8 1 43
1.491676 2.158323 2.698866 50.500000 41.500000 0.000000 8 1 43
1.491676 2.158323 2.698866 51.500000 41.500000 0.000000 8 1 43
1.491676 2.158323 2.698866 52.500000 41.500000 0.000000 8 1 43
1.491676 2.158323 2.698866 53.500000 41.500000 0.000000 8 1 43
1.228663 2.197655 2.203669 54.500000 41.500000 0.000000 3 1 43
1.228663 2.197655 2.203669 55.500000 41.500000 0.000000 3 1 43
1.228663 2.197655 2.203669 56.500000 41.500000 0.000000 3 1 43
1.228663 2.197655 2.203669 57.500000 41.500000 0.000000 3 1 43
1.228663 2.197655 2.203669 58.500000 41.500000 0.000000 3 1 43
1.228663 2.197655 2.203669 59.500000 41.500000 0.000000 3 1 43
1.228663 2.197655 2.203669 60.500000 41.500000 0.000000 3 1 43
1.228663 2.197655 2.203669 61.500000 41.500000 0.000000 3 1 43
1.228663 2.197655 2.203669 62.500000 41.500000 0.000000 3 1 43
1.228663 2.197655 2.203669 63.500000 41.500000 0.000000 3 1 43
1.228663 2.197655 2.203669 64.500000 41.500000 0.000000 3 1 43
1.228663 2.197655 2.203669 65.500000 41.500000 0.000000 3 1 43
1.228663 2.197655 2.203669 66.500000 41.500000 0.000000 3 1 43
1.228663 2.197655 2.203669 67.500000 41.500000 0.000000 3 1 43
1.228663 2.197655 2.203669 68.500000 41.500000 0.000000 3 1 43
1.228663 2.197655 2.203669 69.500000 41.500000 0.000000 3 1 43
1.228663 2.197655 2.203669 70.500000 41.500000 0.000000 3 1 43
1.228663 2.197655 2.203669 71.500000 41.500000 0.000000 3 1 43
2.001568 1.662294 5.277684 72.500000 41.500000 0.000000 1 1 43
2.001568 1.662294 5.277684 73.500000 41.500000 0.000000 1 1 43
2.001568 1.662294 5.277684 74.500000 41.500000 0.000000 1 1 43
2.001568 1.662294 5.277684 75.500000 41.500000 0.000000 1 1 43
2.001568 1.662294 5.277684 76.500000 41.500000 0.000000 1 1 43
2.001568 1.662294 5.277684 77.500000 41.500000 0.000000 1 1 43
2.001568 1.662294 5.277684 78.500000 41.500000 0.000000 1 1 43
2.001568 1.662294 5.277684 79.500000 41.500000 0.000000 1 1 43
2.001568 1.662294 5.277684 80.500000 41.500000 0.000000 1 1 43
2.001568 1.662294 5.277684 81.500000 41.500000 0.000000 1 1 43
2.001568 1.662294 5.277684 82.500000 41.500000 0.000000 1 1 43
2.001568 1.662294 5.277684 83.500000 41.500000 0.000000 1 1 43
2.001568 1.662294 5.277684 84.500000 41.500000 0.000000 1 1 43
2.001568 1.662294 5.277684 85.500000 41.500000 0.000000 1 1 43
2.001568 1.662294 5.277684 86.500000 41.500000 0.000000 1 1 43
2.001568 1.662294 5.277684 87.500000 41.500000 0.000000 1 1 43
2.001568 1.662294 5.277684 88.500000 41.500000 0.000000 1 1 43
2.001568 1.662294 5.277684 89.500000 41.500000 0.000000 1 1 43
2.001568 1.662294 5.277684 90.500000 41.500000 0.000000 1 1 43
2.001568 1.662294 5.277684 91.500000 41.500000 0.000000 1 1 43
2.001568 1.662294 5.277684 92.500000 41.500000 0.000000 1 1 43
2.001568 1.662294 5.277684 93.500000 41.500000 0.000000 1 1 43
2.001568 1.662294 5.277684 94.500000 41.500000 0.000000 1 1 43
2.001568 1.662294 5.277684 95.500000 41.500000 0.000000 1 1 43
2.001568 1.662294 5.277684 96.500000 41.500000 0.000000 1 1 43
2.001568 1.662294 5.277684 97.500000 41.500000 0.000000 1 1 43
2.001568 1.662294 5.277684 98.500000 41.500000 0.000000 1 1 43
2.001568 1.662294 5.277684 99.500000 41.500000 0.000000 1 1 43
4.801245 1.676940 0.760133 0.500000 42.500000 0.000000 6 1 43
4.801245 1.676940 0.760133 1.500000 42.500000 0.000000 6 1 43
4.801245 1.676940 0.760133 2.500000 42.500000 0.000000 6 1 43
4.801245 1.676940 0.760133 3.500000 42.500000 0.000000 6 1 43
4.801245 1.676940 0.760133 4.500000 42.500000 0.000000 6 1 43
4.801245 1.676940 0.760133 5.500000 42.500000 0.000000 6 1 43
4.801245 1.676940 0.760133 6.500000 42.500000 0.000000 6 1 43
4.801245 1.676940 0.760133 7.500000 42.500000 0.000000 6 1 43
4.801245 1.676940 0.760133 8.500000 42.500000 0.000000 6 1 43
4.801245 1.676940 0.760133 9.500000 42.500000 0.000000 6 1 43
4.801245 1.676940 0.760133 10.500000 42.500000 0.000000 6 1 43
4.801245 1.676940 0.760133 11.500000 42.500000 0.000000 6 1 43
4.801245 1.676940 0.760133 12.500000 42.500000 0.000000 6 1 43
4.801245 1.676940 0.760133 13.500000 42.500000 0.000000 6 1 43
4.801245 1.676940 0.760133 14.500000 42.500000 0.000000 6 1 43
4.801245 1.676940 0.760133 15.500000 42.500000 0.000000 6 1 43
4.801245 1.676940 0.760133 16.500000 42.500000 0.000000 6 1 43
4.801245 1.676940 0.760133 17.500000 42.500000 0.000000 6 1 43
4.801245 1.676940 0.760133 18.500000 42.500000 0.000000 6 1 43
4.801245 1.676940 0.760133 19.500000 42.500000 0.000000 6 1 43
4.801245 1.676940 0.760133 20.500000 42.500000 0.000000 6 1 43
4.801245 1.676940 0.760133 21.500000 42.500000 0.000000 6 1 43
4.801245 1.676940 0.760133 22.500000 42.500000 0.000000 6 1 43
4.801245 1.676940 0.760133 23.500000 42.500000 0.000000 6 1 43
4.801245 1.676940 0.760133 24.500000 42.500000 0.000000 6 1 43
4.801245 1.676940 0.760133 25.500000 42.500000 0.000000 6 1 43
4.801245 1.676940 0.760133 26.500000 42.500000 0.000000 6 1 43
4.801245 1.676940 0.760133 27.500000 42.500000 0.000000 6 1 43
4.801245 1.676940 0.760133 28.500000 42.500000 0.000000 6 1 43
4.801245 1.676940 0.760133 29.500000 42.500000 0.000000 6 1 43
4.801245 1.676940 0.760133 30.500000 42.500000 0.000000 6 1 43
4.801245 1.676940 0.760133 31.500000 42.500000 0.000000 6 1 43
4.801245 1.676940 0.760133 32.500000 42.500000 0.000000 6 1 43
4.801245 1.676940 0.760133 33.500000 42.500000 0.000000 6 1 43
4.801245 1.676940 0.760133 34.500000 42.500000 0.000000 6 1 43
1.491676 2.158323 2.698866 35.500000 42.500000 0.000000 8 1 43
1.491676 2.158323 2.698866 36.500000 42.500000 0.000000 8 1 43
1.491676 2.158323 2.698866 37.500000 42.500000 0.000000 8 1 43
1.491676 2.158323 2.698866 38.500000 42.500000 0.000000 8 1 43
1.491676 2.158323 2.698866 39.500000 42.500000 0.000000 8 1 43
1.491676 2.158323 2.698866 40.500000 42.500000 0.000000 8 1 43
1.491676 2.158323 2.698866 41.500000 42.500000 0.000000 8 1 43
1.491676 2.158323 2.698866 42.500000 42.500000 0.000000 8 1 43
1.491676 2.158323 2.698866 43.500000 42.500000 0.000000 8 1 43
1.491676 2.158323 2.698866 44.500000 42.500000 0.000000 8 1 43
1.491676 2.158323 2.698866 45.500000 42.500000 0.000000 8 1 43
1.491676 2.158323 2.698866 46.500000 42.500000 0.000000 8 1 43
1.491676 2.158323 2.698866 47.500000 42.500000 0.000000 8 1 43
1.491676 2.158323 2.698866 48.500000 42.500000 0.000000 8 1 43
1.491676 2.158323 2.698866 49.500000 42.500000 0.000000 8 1 43
1.491676 2.158323 2.698866 50.500000 42.500000 0.000000 8 1 43
1.491676 2.158323 2.698866 51.500000 42.500000 0.000000 8 1 43
1.491676 2.158323 2.698866 52.500000 42.500000 0.000000 8 1 43
1.491676 2.158323 2.698866 53.500000 42.500000 0.000000 8 1 43
1.228663 2.197655 2.203669 54.500000 42.500000 0.000000 3 1 43
1.228663 2.197655 2.203669 55.500000 42.500000 0.000000 3 1 43
1.228663 2.197655 2.203669 56.500000 42.500000 0.000000 3 1 43
1.228663 2.197655 2.203669 57.500000 42.500000 0.000000 3 1 43
1.228663 2.197655 2.203669 58.500000 42.500000 0.000000 3 1 43
1.228663 2.197655 2.203669 59.500000 42.500000 0.000000 3 1 43
1.228663 2.197655 2.203669 60.500000 42.500000 0.000000 3 1 43
1.228663 2.197655 2.203669 61.500000 42.500000 0.000000 3 1 43
1.228663 2.197655 2.203669 62.500000 42.500000 0.000000 3 1 43
1.228663 2.197655 2.203669 63.500000 42.500000 0.000000 3 1 43
1.228663 2.197655 2.203669 64.500000 42.500000 0.000000 3 1 43
1.228663 2.197655 2.203669 65.500000 42.500000 0.000000 3 1 43
1.228663 2.197655 2.203669 66.500000 42.500000 0.000000 3 1 43
1.228663 2.197655 2.203669 67.500000 42.500000 0.000000 3 1 43
1.228663 2.197655 2.203669 68.500000 42.500000 0.000000 3 1 43
1.228663 2.197655 2.203669 69.500000 42.500000 0.000000 3 1 43
1.228663 2.197655 2.203669 70.500000 42.500000 0.000000 3 1 43
1.228663 2.197655 2.203669 71.500000 42.500000 0.000000 3 1 43
2.001568 1.662294 5.277684 72.500000 42.500000 0.000000 1 1 43
2.001568 1.662294 5.277684 73.500000 42.500000 0.000000 1 1 43
2.001568 1.662294 5.277684 74.500000 42.500000 0.000000 1 1 43
2.001568 1.662294 5.277684 75.500000 42.500000 0.000000 1 1 43
2.001568 1.662294 5.277684 76.500000 42.500000 0.000000 1 1 43
2.001568 1.662294 5.277684 77.500000 42.500000 0.000000 1 1 43
2.001568 1.662294 5.277684 78.500000 42.500000 0.000000 1 1 43
2.001568 1.662294 5.277684 79.500000 42.500000 0.000000 1 1 43
2.001568 1.662294 5.277684 80.500000 42.500000 0.000000 1 1 43
2.001568 1.662294 5.277684 81.500000 42.500000 0.000000 1 1 43
2.001568 1.662294 5.277684 82.500000 42.500000 0.000000 1 1 43
2.001568 1.662294 5.277684 83.500000 42.500000 0.000000 1 1 43
2.001568 1.662294 5.277684 84.500000 42.500000 0.000000 1 1 43
2.001568 1.662294 5.277684 85.500000 42.500000 0.000000 1 1 43
2.001568 1.662294 5.277684 86.500000 42.500000 0.000000 1 1 43
2.001568 1.662294 5.277684 87.500000 42.500000 0.000000 1 1 43
2.001568 1.662294 5.277684 88.500000 42.500000 0.000000 1 1 43
2.001568 1.662294 5.277684 89.500000 42.500000 0.000000 1 1 43
2.001568 1.662294 5.277684 90.500000 42.500000 0.000000 1 1 43
2.001568 1.662294 5.277684 91.500000 42.500000 0.000000 1 1 43
2.001568 1.662294 5.277684 92.500000 42.500000 0.000000 1 1 43
2.001568 1.662294 5.277684 93.500000 42.500000 0.000000 1 1 43
2.001568 1.662294 5.277684 94.500000 42.500000 0.000000 1 1 43
2.001568 1.662294 5.277684 95.500000 42.500000 0.000000 1 1 43
2.001568 1.662294 5.277684 96.500000 42.500000 0.000000 1 1 43
2.001568 1.662294 5.277684 97.500000 42.500000 0.000000 1 1 43
2.001568 1.662294 5.277684 98.500000 42.500000 0.000000 1 1 43
2.001568 1.662294 5.277684 99.500000 42.500000 0.000000 1 1 43
4.801245 1.676940 0.760133 0.500000 43.500000 0.000000 6 1 43
4.801245 1.676940 0.760133 1.500000 43.500000 0.000000 6 1 43
4.801245 1.676940 0.760133 2.500000 43.500000 0.000000 6 1 43
4.801245 1.676940 0.760133 3.500000 43.500000 0.000000 6 1 43
4.801245 1.676940 0.760133 4.500000 43.500000 0.000000 6 1 43
4.801245 1.676940 0.760133 5.500000 43.500000 0.000000 6 1 43
4.801245 1.676940 0.760133 6.500000 43.500000 0.000000 6 1 43
4.801245 1.676940 0.760133 7.500000 43.500000 0.000000 6 1 43
4.801245 1.676940 0.760133 8.500000 43.500000 0.000000 6 1 43
4.801245 1.676940 0.760133 9.500000 43.500000 0.000000 6 1 43
4.801245 1.676940 0.760133 10.500000 43.500000 0.000000 6 1 43
4.801245 1.676940 0.760133 11.500000 43.500000 0.000000 6 1 43
4.801245 1.676940 0.760133 12.500000 43.500000 0.000000 6 1 43
4.801245 1.676940 0.760133 13.500000 43.500000 0.000000 6 1 43
4.801245 1.676940 0.760133 14.500000 43.500000 0.000000 6 1 43
4.801245 1.676940 0.760133 15.500000 43.500000 0.000000 6 1 43
4.801245 1.676940 0.760133 16.500000 43.500000 0.000000 6 1 43
4.801245 1.676940 0.760133 17.500000 43.500000 0.000000 6 1 43
4.801245 1.676940 0.760133 18.500000 43.500000 0.000000 6 1 43
4.801245 1.676940 0.760133 19.500000 43.500000 0.000000 6 1 43
4.801245 1.676940 0.760133 20.500000 43.500000 0.000000 6 1 43
4.801245 1.676940 0.760133 21.500000 43.500000 0.000000 6 1 43
4.801245 1.676940 0.760133 22.500000 43.500000 0.000000 6 1 43
4.801245 1.676940 0.760133 23.500000 43.500000 0.000000 6 1 43
4.801245 1.676940 0.760133 24.500000 43.500000 0.000000 6 1 43
4.801245 1.676940 0.760133 25.500000 43.500000 0.000000 6 1 43
4.801245 1.676940 0.760133 26.500000 43.500000 0.000000 6 1 43
4.801245 1.676940 0.760133 27.500000 43.500000 0.000000 6 1 43
4.801245 1.676940 0.760133 28.500000 43.500000 0.000000 6 1 43
4.801245 1.676940 0.760133 29.500000 43.500000 0.000000 6 1 43
4.801245 1.676940 0.760133 30.500000 43.500000 0.000000 6 1 43
4.801245 1.676940 0.760133 31.500000 43.500000 0.000000 6 1 43
4.801245 1.676940 0.760133 32.500000 43.500000 0.000000 6 1 43
4.801245 1.676940 0.760133 33.500000 43.500000 0.000000 6 1 43
4.801245 1.676940 0.760133 34.500000 43.500000 0.000000 6 1 43
1.095296 1.616067 6.241697 35.500000 43.500000 0.000000 5 1 43
1.095296 1.616067 6.241697 36.500000 43.500000 0.000000 5 1 43
1.095296 1.616067 6.241697 37.500000 43.500000 0.000000 5 1 43
1.095296 1.616067 6.241697 38.500000 43.500000 0.000000 5 1 43
1.095296 1.616067 6.241697 39.500000 43.500000 0.000000 5 1 43
1.095296 1.616067 6.241697 40.500000 43.500000 0.000000 5 1 43
1.095296 1.616067 6.241697 41.500000 43.500000 0.000000 5 1 43
1.095296 1.616067 6.241697 42.500000 43.500000 0.000000 5 1 43
1.095296 1.616067 6.241697 43.500000 43.500000 0.000000 5 1 43
1.095296 1.616067 6.241697 44.500000 43.500000 0.000000 5 1 43
1.491676 2.158323 2.698866 45.500000 43.500000 0.000000 8 1 43
1.491676 2.158323 2.698866 46.500000 43.500000 0.000000 8 1 43
1.491676 2.158323 2.698866 47.500000 43.500000 0.000000 8 1 43
1.491676 2.158323 2.698866 48.500000 43.500000 0.000000 8 1 43
1.095296 1.616067 6.241697 49.500000 43.500000 0.000000 5 1 43
1.095296 1.616067 6.241697 50.500000 43.500000 0.000000 5 1 43
1.095296 1.616067 6.241697 51.500000 43.500000 0.000000 5 1 43
1.095296 1.616067 6.241697 52.500000 43.500000 0.000000 5 1 43
1.095296 1.616067 6.241697 53.500000 43.500000 0.000000 5 1 43
1.228663 2.197655 2.203669 54.500000 43.500000 0.000000 3 1 43
1.228663 2.197655 2.203669 55.500000 43.500000 0.000000 3 1 43
1.228663 2.197655 2.203669 56.500000 43.500000 0.000000 3 1 43
1.228663 2.197655 2.203669 57.500000 43.500000 0.000000 3 1 43
1.228663 2.197655 2.203669 58.500000 43.500000 0.000000 3 1 43
1.228663 2.197655 2.203669 59.500000 43.500000 0.000000 3 1 43
1.228663 2.197655 2.203669 60.500000 43.500000 0.000000 3 1 43
1.228663 2.197655 2.203669 61.500000 43.500000 0.000000 3 1 43
1.228663 2.197655 2.203669 62.500000 43.500000 0.000000 3 1 43
1.228663 2.197655 2.203669 63.500000 43.500000 0.000000 3 1 43
1.228663 2.197655 2.203669 64.500000 43.500000 0.000000 3 1 43
1.228663 2.197655 2.203669 65.500000 43.500000 0.000000 3 1 43
1.228663 2.197655 2.203669 66.500000 43.500000 0.000000 3 1 43
1.228663 2.197655 2.203669 67.500000 43.500000 0.000000 3 1 43
1.228663 2.197655 2.203669 68.500000 43.500000 0.000000 3 1 43
1.228663 2.197655 2.203669 69.500000 43.500000 0.000000 3 1 43
1.228663 2.197655 2.203669 70.500000 43.500000 0.000000 3 1 43
1.228663 2.197655 2.203669 71.500000 43.500000 0.000000 3 1 43
2.001568 1.662294 5.277684 72.500000 43.500000 0.000000 1 1 43
2.001568 1.662294 5.277684 73.500000 43.500000 0.000000 1 1 43
2.001568 1.662294 5.277684 74.500000 43.500000 0.000000 1 1 43
2.001568 1.662294 5.277684 75.500000 43.500000 0.000000 1 1 43
2.001568 1.662294 5.277684 76.500000 43.500000 0.000000 1 1 43
2.001568 1.662294 5.277684 77.500000 43.500000 0.000000 1 1 43
2.001568 1.662294 5.277684 78.500000 43.500000 0.000000 1 1 43
2.001568 1.662294 5.277684 79.500000 43.500000 0.000000 1 1 43
2.001568 1.662294 5.277684 80.500000 43.500000 0.000000 1 1 43
2.001568 1.662294 5.277684 81.500000 43.500000 0.000000 1 1 43
2.001568 1.662294 5.277684 82.500000 43.500000 0.000000 1 1 43
2.001568 1.662294 5.277684 83.500000 43.500000 0.000000 1 1 43
2.001568 1.662294 5.277684 84.500000 43.500000 0.000000 1 1 43
2.001568 1.662294 5.277684 85.500000 43.500000 0.000000 1 1 43
2.001568 1.662294 5.277684 86.500000 43.500000 0.000000 1 1 43
2.001568 1.662294 5.277684 87.500000 43.500000 0.000000 1 1 43
2.001568 1.662294 5.277684 88.500000 43.500000 0.000000 1 1 43
2.001568 1.662294 5.277684 89.500000 43.500000 0.000000 1 1 43
2.001568 1.662294 5.277684 90.500000 43.500000 0.000000 1 1 43
2.001568 1.662294 5.277684 91.500000 43.500000 0.000000 1 1 43
2.001568 1.662294 5.277684 92.500000 43.500000 0.000000 1 1 43
2.001568 1.662294 5.277684 93.500000 43.500000 0.000000 1 1 43
2.001568 1.662294 5.277684 94.500000 43.500000 0.000000 1 1 43
2.001568 1.662294 5.277684 95.500000 43.500000 0.000000 1 1 43
2.001568 1.662294 5.277684 96.500000 43.500000 0.000000 1 1 43
2.001568 1.662294 5.277684 97.500000 43.500000 0.000000 1 1 43
2.001568 1.662294 5.277684 98.500000 43.500000 0.000000 1 1 43
2.001568 1.662294 5.277684 99.500000 43.500000 0.000000 1 1 43
4.801245 1.676940 0.760133 0.500000 44.500000 0.000000 6 1 43
4.801245 1.676940 0.760133 1.500000 44.500000 0.000000 6 1 43
4.801245 1.676940 0.760133 2.500000 44.500000 0.000000 6 1 43
4.801245 1.676940 0.760133 3.500000 44.500000 0.000000 6 1 43
4.801245 1.676940 0.760133 4.500000 44.500000 0.000000 6 1 43
4.801245 1.676940 0.760133 5.500000 44.500000 0.000000 6 1 43
4.801245 1.676940 0.760133 6.500000 44.500000 0.000000 6 1 43
4.801245 1.676940 0.760133 7.500000 44.500000 0.000000 6 1 43
4.801245 1.676940 0.760133 8.500000 44.500000 0.000000 6 1 43
4.801245 1.676940 0.760133 9.500000 44.500000 0.000000 6 1 43
4.801245 1.676940 0.760133 10.500000 44.500000 0.000000 6 1 43
4.801245 1.676940 0.760133 11.500000 44.500000 0.000000 6 1 43
4.801245 1.676940 0.760133 12.500000 44.500000 0.000000 6 1 43
4.801245 1.676940 0.760133 13.500000 44.500000 0.000000 6 1 43
4.801245 1.676940 0.760133 14.500000 44.500000 0.000000 6 1 43
4.801245 1.676940 0.760133 15.500000 44.500000 0.000000 6 1 43
4.801245 1.676940 0.760133 16.500000 44.500000 0.000000 6 1 43
4.801245 1.676940 0.760133 17.500000 44.500000 0.000000 6 1 43
4.801245 1.676940 0.760133 18.500000 44.500000 0.000000 6 1 43
4.801245 1.676940 0.760133 19.500000 44.500000 0.000000 6 1 43
4.801245 1.676940 0.760133 20.500000 44.500000 0.000000 6 1 43
4.801245 1.676940 0.760133 21.500000 44.500000 0.000000 6 1 43
4.801245 1.676940 0.760133 22.500000 44.500000 0.000000 6 1 43
4.801245 1.676940 0.760133 23.500000 44.500000 0.000000 6 1 43
4.801245 1.676940 0.760133 24.500000 44.500000 0.000000 6 1 43
4.801245 1.676940 0.760133 25.500000 44.500000 0.000000 6 1 43
4.801245 1.676940 0.760133 26.500000 44.500000 0.000000 6 1 43
4.801245 1.676940 0.760133 27.500000 44.500000 0.000000 6 1 43
4.801245 1.676940 0.760133 28.500000 44.500000 0.000000 6 1 43
4.801245 1.676940 0.760133 29.500000 44.500000 0.000000 6 1 43
4.801245 1.676940 0.760133 30.500000 44.500000 0.000000 6 1 43
4.801245 1.676940 0.760133 31.500000 44.500000 0.000000 6 1 43
4.801245 1.676940 0.760133 32.500000 44.500000 0.000000 6 1 43
4.801245 1.676940 0.760133 33.500000 44.500000 0.000000 6 1 43
1.095296 1.616067 6.241697 34.500000 44.500000 0.000000 5 1 43
1.095296 1.616067 6.241697 35.500000 44.500000 0.000000 5 1 43
1.095296 1.616067 6.241697 36.500000 44.500000 0.000000 5 1 43
1.095296 1.616067 6.241697 37.500000 44.500000 0.000000 5 1 43
1.095296 1.616067 6.241697 38.500000 44.500000 0.000000 5 1 43
1.095296 1.616067 6.241697 39.500000 44.500000 0.000000 5 1 43
1.095296 1.616067 6.241697 40.500000 44.500000 0.000000 5 1 43
1.095296 1.616067 6.241697 41.500000 44.500000 0.000000 5 1 43
1.095296 1.616067 6.241697 42.500000 44.500000 0.000000 5 1 43
1.095296 1.616067 6.241697 43.500000 44.500000 0.000000 5 1 43
1.095296 1.616067 6.241697 44.500000 44.500000 0.000000 5 1 43
1.095296 1.616067 6.241697 45.500000 44.500000 0.000000 5 1 43
1.095296 1.616067 6.241697 46.500000 44.500000 0.000000 5 1 43
1.095296 1.616067 6.241697 47.500000 44.500000 0.000000 5 1 43
1.095296 1.616067 6.241697 48.500000 44.500000 0.000000 5 1 43
1.095296 1.616067 6.241697 49.500000 44.500000 0.000000 5 1 43
1.095296 1.616067 6.241697 50.500000 44.500000 0.000000 5 1 43
1.095296 1.616067 6.241697 51.500000 44.500000 0.000000 5 1 43
1.095296 1.616067 6.241697 52.500000 44.500000 0.000000 5 1 43
1.095296 1.616067 6.241697 53.500000 44.500000 0.000000 5 1 43
1.228663 2.197655 2.203669 54.500000 44.500000 0.000000 3 1 43
1.228663 2.197655 2.203669 55.500000 44.500000 0.000000 3 1 43
1.228663 2.197655 2.203669 56.500000 44.500000 0.000000 3 1 43
1.228663 2.197655 2.203669 57.500000 44.500000 0.000000 3 1 43
1.228663 2.197655 2.203669 58.500000 44.500000 0.000000 3 1 43
1.228663 2.197655 2.203669 59.500000 44.500000 0.000000 3 1 43
1.228663 2.197655 2.203669 60.500000 44.500000 0.000000 3 1 43
1.228663 2.197655 2.203669 61.500000 44.500000 0.000000 3 1 43
1.228663 2.197655 2.203669 62.500000 44.500000 0.000000 3 1 43
1.228663 2.197655 2.203669 63.500000 44.500000 0.000000 3 1 43
1.228663 2.197655 2.203669 64.500000 44.500000 0.000000 3 1 43
1.228663 2.197655 2.203669 65.500000 44.500000 0.000000 3 1 43
1.228663 2.197655 2.203669 66.500000 44.500000 0.000000 3 1 43
1.228663 2.197655 2.203669 67.500000 44.500000 0.000000 3 1 43
1.228663 2.197655 2.203669 68.500000 44.500000 0.000000 3 1 43
1.228663 2.197655 2.203669 69.500000 44.500000 0.000000 3 1 43
1.228663 2.197655 2.203669 70.500000 44.500000 0.000000 3 1 43
1.228663 2.197655 2.203669 71.500000 44.500000 0.000000 3 1 43
2.001568 1.662294 5.277684 72.500000 44.500000 0.000000 1 1 43
2.001568 1.662294 5.277684 73.500000 44.500000 0.000000 1 1 43
2.001568 1.662294 5.277684 74.500000 44.500000 0.000000 1 1 43
2.001568 1.662294 5.277684 75.500000 44.500000 0.000000 1 1 43
2.001568 1.662294 5.277684 76.500000 44.500000 0.000000 1 1 43
2.001568 1.662294 5.277684 77.500000 44.500000 0.000000 1 1 43
2.001568 1.662294 5.277684 78.500000 44.500000 0.000000 1 1 43
2.001568 1.662294 5.277684 79.500000 44.500000 0.000000 1 1 43
2.001568 1.662294 5.277684 80.500000 44.500000 0.000000 1 1 43
2.001568 1.662294 5.277684 81.500000 44.500000 0.000000 1 1 43
2.001568 1.662294 5.277684 82.500000 44.500000 0.000000 1 1 43
2.001568 1.662294 5.277684 83.500000 44.500000 0.000000 1 1 43
2.001568 1.662294 5.277684 84.500000 44.500000 0.000000 1 1 43
2.001568 1.662294 5.277684 85.500000 44.500000 0.000000 1 1 43
2.001568 1.662294 5.277684 86.500000 44.500000 0.000000 1 1 43
2.001568 1.662294 5.277684 87.500000 44.500000 0.000000 1 1 43
2.001568 1.662294 5.277684 88.500000 44.500000 0.000000 1 1 43
2.001568 1.662294 5.277684 89.500000 44.500000 0.000000 1 1 43
2.001568 1.662294 5.277684 90.500000 44.500000 0.000000 1 1 43
2.001568 1.662294 5.277684 91.500000 44.500000 0.000000 1 1 43
2.001568 1.662294 5.277684 92.500000 44.500000 0.000000 1 1 43
2.001568 1.662294 5.277684 93.500000 44.500000 0.000000 1 1 43
2.001568 1.662294 5.277684 94.500000 44.500000 0.000000 1 1 43
2.001568 1.662294 5.277684 95.500000 44.500000 0.000000 1 1 43
2.001568 1.662294 5.277684 96.500000 44.500000 0.000000 1 1 43
2.001568 1.662294 5.277684 97.500000 44.500000 0.000000 1 1 43
2.001568 1.662294 5.277684 98.500000 44.500000 0.000000 1 1 43
2.001568 1.662294 5.277684 99.500000 44.500000 0.000000 1 1 43
4.801245 1.676940 0.760133 0.500000 45.500000 0.000000 6 1 43
4.801245 1.676940 0.760133 1.500000 45.500000 0.000000 6 1 43
4.801245 1.676940 0.760133 2.500000 45.500000 0.000000 6 1 43
4.801245 1.676940 0.760133 3.500000 45.500000 0.000000 6 1 43
4.801245 1.676940 0.760133 4.500000 45.500000 0.000000 6 1 43
4.801245 1.676940 0.760133 5.500000 45.500000 0.000000 6 1 43
4.801245 1.676940 0.760133 6.500000 45.500000 0.000000 6 1 43
4.801245 1.676940 0.760133 7.500000 45.500000 0.000000 6 1 43
4.801245 1.676940 0.760133 8.500000 45.500000 0.000000 6 1 43
4.801245 1.676940 0.760133 9.500000 45.500000 0.000000 6 1 43
4.801245 1.676940 0.760133 10.500000 45.500000 0.000000 6 1 43
4.801245 1.676940 0.760133 11.500000 45.500000 0.000000 6 1 43
4.801245 1.676940 0.760133 12.500000 45.500000 0.000000 6 1 43
4.801245 1.676940 0.760133 13.500000 45.500000 0.000000 6 1 43
4.801245 1.676940 0.760133 14.500000 45.500000 0.000000 6 1 43
4.801245 1.676940 0.760133 15.500000 45.500000 0.000000 6 1 43
4.801245 1.676940 0.760133 16.500000 45.500000 0.000000 6 1 43
4.801245 1.676940 0.760133 17.500000 45.500000 0.000000 6 1 43
4.801245 1.676940 0.760133 18.500000 45.500000 0.000000 6 1 43
4.801245 1.676940 0.760133 19.500000 45.500000 0.000000 6 1 43
4.801245 1.676940 0.760133 20.500000 45.500000 0.000000 6 1 43
4.801245 1.676940 0.760133 21.500000 45.500000 0.000000 6 1 43
4.801245 1.676940 0.760133 22.500000 45.500000 0.000000 6 1 43
4.801245 1.676940 0.760133 23.500000 45.500000 0.000000 6 1 43
4.801245 1.676940 0.760133 24.500000 45.500000 0.000000 6 1 43
4.801245 1.676940 0.760133 25.500000 45.500000 0.000000 6 1 43
4.801245 1.676940 0.760133 26.500000 45.500000 0.000000 6 1 43
4.801245 1.676940 0.760133 27.500000 45.500000 0.000000 6 1 43
4.801245 1.676940 0.760133 28.500000 45.500000 0.000000 6 1 43
4.801245 1.676940 0.760133 29.500000 45.500000 0.000000 6 1 43
4.801245 1.676940 0.760133 30.500000 45.500000 0.000000 6 1 43
4.801245 1.676940 0.760133 31.500000 45.500000 0.000000 6 1 43
4.801245 1.676940 0.760133 32.500000 45.500000 0.000000 6 1 43
1.095296 1.616067 6.241697 33.500000 45.500000 0.000000 5 1 43
1.095296 1.616067 6.241697 34.500000 45.500000 0.000000 5 1 43
1.095296 1.616067 6.241697 35.500000 45.500000 0.000000 5 1 43
1.095296 1.616067 6.241697 36.500000 45.500000 0.000000 5 1 43
1.095296 1.616067 6.241697 37.500000 45.500000 0.000000 5 1 43
1.095296 1.616067 6.241697 38.500000 45.500000 0.000000 5 1 43
1.095296 1.616067 6.241697 39.500000 45.500000 0.000000 5 1 43
1.095296 1.616067 6.241697 40.500000 45.500000 0.000000 5 1 43
1.095296 1.616067 6.241697 41.500000 45.500000 0.000000 5 1 43
1.095296 1.616067 6.241697 42.500000 45.500000 0.000000 5 1 43
1.095296 1.616067 6.241697 43.500000 45.500000 0.000000 5 1 43
1.095296 1.616067 6.241697 44.500000 45.500000 0.000000 5 1 43
1.095296 1.616067 6.241697 45.500000 45.500000 0.000000 5 1 43
1.095296 1.616067 6.241697 46.500000 45.500000 0.000000 5 1 43
1.095296 1.616067 6.241697 47.500000 45.500000 0.000000 5 1 43
1.095296 1.616067 6.241697 48.500000 45.500000 0.000000 5 1 43
1.095296 1.616067 6.241697 49.500000 45.500000 0.000000 5 1 43
1.095296 1.616067 6.241697 50.500000 45.500000 0.000000 5 1 43
1.095296 1.616067 6.241697 51.500000 45.500000 0.000000 5 1 43
1.095296 1.616067 6.241697 52.500000 45.500000 0.000000 5 1 43
1.095296 1.616067 6.241697 53.500000 45.500000 0.000000 5 1 43
1.095296 1.616067 6.241697 54.500000 45.500000 0.000000 5 1 43
1.228663 2.197655 2.203669 55.500000 45.500000 0.000000 3 1 43
1.228663 2.197655 2.203669 56.500000 45.500000 0.000000 3 1 43
1.228663 2.197655 2.203669 57.500000 45.500000 0.000000 3 1 43
1.228663 2.197655 2.203669 58.500000 45.500000 0.000000 3 1 43
1.228663 2.197655 2.203669 59.500000 45.500000 0.000000 3 1 43
1.228663 2.197655 2.203669 60.500000 45.500000 0.000000 3 1 43
1.228663 2.197655 2.203669 61.500000 45.500000 0.000000 3 1 43
1.228663 2.197655 2.203669 62.500000 45.500000 0.000000 3 1 43
1.228663 2.197655 2.203669 63.500000 45.500000 0.000000 3 1 43
1.228663 2.197655 2.203669 64.500000 45.500000 0.000000 3 1 43
1.228663 2.197655 2.203669 65.500000 45.500000 0.000000 3 1 43
1.228663 2.197655 2.203669 66.500000 45.500000 0.000000 3 1 43
1.228663 2.197655 2.203669 67.500000 45.500000 0.000000 3 1 43
1.228663 2.197655 2.203669 68.500000 45.500000 0.000000 3 1 43
1.228663 2.197655 2.203669 69.500000 45.500000 0.000000 3 1 43
1.228663 2.197655 2.203669 70.500000 45.500000 0.000000 3 1 43
1.228663 2.197655 2.203669 71.500000 45.500000 0.000000 3 1 43
2.001568 1.662294 5.277684 72.500000 45.500000 0.000000 1 1 43
2.001568 1.662294 5.277684 73.500000 45.500000 0.000000 1 1 43
2.001568 1.662294 5.277684 74.500000 45.500000 0.000000 1 1 43
2.001568 1.662294 5.277684 75.500000 45.500000 0.000000 1 1 43
2.001568 1.662294 5.277684 76.500000 45.500000 0.000000 1 1 43
2.001568 1.662294 5.277684 77.500000 45.500000 0.000000 1 1 43
2.001568 1.662294 5.277684 78.500000 45.500000 0.000000 1 1 43
2.001568 1.662294 5.277684 79.500000 45.500000 0.000000 1 1 43
2.001568 1.662294 5.277684 80.500000 45.500000 0.000000 1 1 43
2.001568 1.662294 5.277684 81.500000 45.500000 0.000000 1 1 43
2.001568 1.662294 5.277684 82.500000 45.500000 0.000000 1 1 43
2.001568 1.662294 5.277684 83.500000 45.500000 0.000000 1 1 43
2.001568 1.662294 5.277684 84.500000 45.500000 0.000000 1 1 43
2.001568 1.662294 5.277684 85.500000 45.500000 0.000000 1 1 43
2.001568 1.662294 5.277684 86.500000 45.500000 0.000000 1 1 43
2.001568 1.662294 5.277684 87.500000 45.500000 0.000000 1 1 43
2.001568 1.662294 5.277684 88.500000 45.500000 0.000000 1 1 43
2.001568 1.662294 5.277684 89.500000 45.500000 0.000000 1 1 43
2.001568 1.662294 5.277684 90.500000 45.500000 0.000000 1 1 43
2.001568 1.662294 5.277684 91.500000 45.500000 0.000000 1 1 43
2.001568 1.662294 5.277684 92.500000 45.500000 0.000000 1 1 43
2.001568 1.662294 5.277684 93.500000 45.500000 0.000000 1 1 43
2.001568 1.662294 5.277684 94.500000 45.500000 0.000000 1 1 43
2.001568 1.662294 5.277684 95.500000 45.500000 0.000000 1 1 43
2.001568 1.662294 5.277684 96.500000 45.500000 0.000000 1 1 43
2.001568 1.662294 5.277684 97.500000 45.500000 0.000000 1 1 43
2.001568 1.662294 5.277684 98.500000 45.500000 0.000000 1 1 43
2.001568 1.662294 5.277684 99.500000 45.500000 0.000000 1 1 43
4.801245 1.676940 0.760133 0.500000 46.500000 0.000000 6 1 43
4.801245 1.676940 0.760133 1.500000 46.500000 0.000000 6 1 43
4.801245 1.676940 0.760133 2.500000 46.500000 0.000000 6 1 43
4.801245 1.676940 0.760133 3.500000 46.500000 0.000000 6 1 43
4.801245 1.676940 0.760133 4.500000 46.500000 0.000000 6 1 43
4.801245 1.676940 0.760133 5.500000 46.500000 0.000000 6 1 43
4.801245 1.676940 0.760133 6.500000 46.500000 0.000000 6 1 43
4.801245 1.676940 0.760133 7.500000 46.500000 0.000000 6 1 43
4.801245 1.676940 0.760133 8.500000 46.500000 0.000000 6 1 43
4.801245 1.676940 0.760133 9.500000 46.500000 0.000000 6 1 43
4.801245 1.676940 0.760133 10.500000 46.500000 0.000000 6 1 43
4.801245 1.676940 0.760133 11.500000 46.500000 0.000000 6 1 43
4.801245 1.676940 0.760133 12.500000 46.500000 0.000000 6 1 43
4.801245 1.676940 0.760133 13.500000 46.500000 0.000000 6 1 43
4.801245 1.676940 0.760133 14.500000 46.500000 0.000000 6 1 43
4.801245 1.676940 0.760133 15.500000 46.500000 0.000000 6 1 43
4.801245 1.676940 0.760133 16.500000 46.500000 0.000000 6 1 43
4.801245 1.676940 0.760133 17.500000 46.500000 0.000000 6 1 43
4.801245 1.676940 0.760133 18.500000 46.500000 0.000000 6 1 43
4.801245 1.676940 0.760133 19.500000 46.500000 0.000000 6 1 43
4.801245 1.676940 0.760133 20.500000 46.500000 0.000000 6 1 43
4.801245 1.676940 0.760133 21.500000 46.500000 0.000000 6 1 43
4.801245 1.676940 0.760133 22.500000 46.500000 0.000000 6 1 43
4.801245 1.676940 0.760133 23.500000 46.500000 0.000000 6 1 43
4.801245 1.676940 0.760133 24.500000 46.500000 0.000000 6 1 43
4.801245 1.676940 0.760133 25.500000 46.500000 0.000000 6 1 43
4.801245 1.676940 0.760133 26.500000 46.500000 0.000000 6 1 43
4.801245 1.676940 0.760133 27.500000 46.500000 0.000000 6 1 43
4.801245 1.676940 0.760133 28.500000 46.500000 0.000000 6 1 43
4.801245 1.676940 0.760133 29.500000 46.500000 0.000000 6 1 43
4.801245 1.676940 0.760133 30.500000 46.500000 0.000000 6 1 43
4.801245 1.676940 0.760133 31.500000 46.500000 0.000000 6 1 43
1.095296 1.616067 6.241697 32.500000 46.500000 0.000000 5 1 43
1.095296 1.616067 6.241697 33.500000 46.500000 0.000000 5 1 43
1.095296 1.616067 6.241697 34.500000 46.500000 0.000000 5 1 43
1.095296 1.616067 6.241697 35.500000 46.500000 0.000000 5 1 43
1.095296 1.616067 6.241697 36.500000 46.500000 0.000000 5 1 43
1.095296 1.616067 6.241697 37.500000 46.500000 0.000000 5 1 43
1.095296 1.616067 6.241697 38.500000 46.500000 0.000000 5 1 43
1.095296 1.616067 6.241697 39.500000 46.500000 0.000000 5 1 43
1.095296 1.616067 6.241697 40.500000 46.500000 0.000000 5 1 43
1.095296 1.616067 6.241697 41.500000 46.500000 0.000000 5 1 43
1.095296 1.616067 6.241697 42.500000 46.500000 0.000000 5 1 43
1.095296 1.616067 6.241697 43.500000 46.500000 0.000000 5 1 43
1.095296 1.616067 6.241697 44.500000 46.500000 0.000000 5 1 43
1.095296 1.616067 6.241697 45.500000 46.500000 0.000000 5 1 43
1.095296 1.616067 6.241697 46.500000 46.500000 0.000000 5 1 43
1.095296 1.616067 6.241697 47.500000 46.500000 0.000000 5 1 43
1.095296 1.616067 6.241697 48.500000 46.500000 0.000000 5 1 43
1.095296 1.616067 6.241697 49.500000 46.500000 0.000000 5 1 43
1.095296 1.616067 6.241697 50.500000 46.500000 0.000000 5 1 43
1.095296 1.616067 6.241697 51.500000 46.500000 0.000000 5 1 43
1.095296 1.616067 6.241697 52.500000 46.500000 0.000000 5 1 43
1.095296 1.616067 6.241697 53.500000 46.500000 0.000000 5 1 43
1.095296 1.616067 6.241697 54.500000 46.500000 0.000000 5 1 43
1.095296 1.616067 6.241697 55.500000 46.500000 0.000000 5 1 43
1.228663 2.197655 2.203669 56.500000 46.500000 0.000000 3 1 43
1.228663 2.197655 2.203669 57.500000 46.500000 0.000000 3 1 43
1.228663 2.197655 2.203669 58.500000 46.500000 0.000000 3 1 43
1.228663 2.197655 2.203669 59.500000 46.500000 0.000000 3 1 43
1.228663 2.197655 2.203669 60.500000 46.500000 0.000000 3 1 43
1.228663 2.197655 2.203669 61.500000 46.500000 0.000000 3 1 43
1.228663 2.197655 2.203669 62.500000 46.500000 0.000000 3 1 43
1.228663 2.197655 2.203669 63.500000 46.500000 0.000000 3 1 43
1.228663 2.197655 2.203669 64.500000 46.500000 0.000000 3 1 43
1.228663 2.197655 2.203669 65.500000 46.500000 0.000000 3 1 43
1.228663 2.197655 2.203669 66.500000 46.500000 0.000000 3 1 43
1.228663 2.197655 2.203669 67.500000 46.500000 0.000000 3 1 43
1.228663 2.197655 2.203669 68.500000 46.500000 0.000000 3 1 43
1.228663 2.197655 2.203669 69.500000 46.500000 0.000000 3 1 43
1.228663 2.197655 2.203669 70.500000 46.500000 0.000000 3 1 43
1.228663 2.197655 2.203669 71.500000 46.500000 0.000000 3 1 43
2.001568 1.662294 5.277684 72.500000 46.500000 0.000000 1 1 43
2.001568 1.662294 5.277684 73.500000 46.500000 0.000000 1 1 43
2.001568 1.662294 5.277684 74.500000 46.500000 0.000000 1 1 43
2.001568 1.662294 5.277684 75.500000 46.500000 0.000000 1 1 43
2.001568 1.662294 5.277684 76.500000 46.500000 0.000000 1 1 43
2.001568 1.662294 5.277684 77.500000 46.500000 0.000000 1 1 43
2.001568 1.662294 5.277684 78.500000 46.500000 0.000000 1 1 43
2.001568 1.662294 5.277684 79.500000 46.500000 0.000000 1 1 43
2.001568 1.662294 5.277684 80.500000 46.500000 0.000000 1 1 43
2.001568 1.662294 5.277684 81.500000 46.500000 0.000000 1 1 43
2.001568 1.662294 5.277684 82.500000 46.500000 0.000000 1 1 43
2.001568 1.662294 5.277684 83.500000 46.500000 0.000000 1 1 43
2.001568 1.662294 5.277684 84.500000 46.500000 0.000000 1 1 43
2.001568 1.662294 5.277684 85.500000 46.500000 0.000000 1 1 43
2.001568 1.662294 5.277684 86.500000 46.500000 0.000000 1 1 43
2.001568 1.662294 5.277684 87.500000 46.500000 0.000000 1 1 43
2.001568 1.662294 5.277684 88.500000 46.500000 0.000000 1 1 43
2.001568 1.662294 5.277684 89.500000 46.500000 0.000000 1 1 43
2.001568 1.662294 5.277684 90.500000 46.500000 0.000000 1 1 43
2.001568 1.662294 5.277684 91.500000 46.500000 0.000000 1 1 43
2.001568 1.662294 5.277684 92.500000 46.500000 0.000000 1 1 43
2.001568 1.662294 5.277684 93.500000 46.500000 0.000000 1 1 43
2.001568 1.662294 5.277684 94.500000 46.500000 0.000000 1 1 43
2.001568 1.662294 5.277684 95.500000 46.500000 0.000000 1 1 43
2.001568 1.662294 5.277684 96.500000 46.500000 0.000000 1 1 43
2.001568 1.662294 5.277684 97.500000 46.500000 0.000000 1 1 43
2.001568 1.662294 5.277684 98.500000 46.500000 0.000000 1 1 43
2.001568 1.662294 5.277684 99.500000 46.500000 0.000000 1 1 43
4.801245 1.676940 0.760133 0.500000 47.500000 0.000000 6 1 43
4.801245 1.676940 0.760133 1.500000 47.500000 0.000000 6 1 43
4.801245 1.676940 0.760133 2.500000 47.500000 0.000000 6 1 43
4.801245 1.676940 0.760133 3.500000 47.500000 0.000000 6 1 43
4.801245 1.676940 0.760133 4.500000 47.500000 0.000000 6 1 43
4.801245 1.676940 0.760133 5.500000 47.500000 0.000000 6 1 43
4.801245 1.676940 0.760133 6.500000 47.500000 0.000000 6 1 43
4.801245 1.676940 0.760133 7.500000 47.500000 0.000000 6 1 43
4.801245 1.676940 0.760133 8.500000 47.500000 0.000000 6 1 43
4.801245 1.676940 0.760133 9.500000 47.500000 0.000000 6 1 43
4.801245 1.676940 0.760133 10.500000 47.500000 0.000000 6 1 43
4.801245 1.676940 0.760133 11.500000 47.500000 0.000000 6 1 43
4.801245 1.676940 0.760133 12.500000 47.500000 0.000000 6 1 43
4.801245 1.676940 0.760133 13.500000 47.500000 0.000000 6 1 43
4.801245 1.676940 0.760133 14.500000 47.500000 0.000000 6 1 43
4.801245 1.676940 0.760133 15.500000 47.500000 0.000000 6 1 43
4.801245 1.676940 0.760133 16.500000 47.500000 0.000000 6 1 43
4.801245 1.676940 0.760133 17.500000 47.500000 0.000000 6 1 43
4.801245 1.676940 0.760133 18.500000 47.500000 0.000000 6 1 43
4.801245 1.676940 0.760133 19.500000 47.500000 0.000000 6 1 43
4.801245 1.676940 0.760133 20.500000 47.500000 0.000000 6 1 43
4.801245 1.676940 0.760133 21.500000 47.500000 0.000000 6 1 43
4.801245 1.676940 0.760133 22.500000 47.500000 0.000000 6 1 43
4.801245 1.676940 0.760133 23.500000 47.500000 0.000000 6 1 43
4.801245 1.676940 0.760133 24.500000 47.500000 0.000000 6 1 43
4.801245 1.676940 0.760133 25.500000 47.500000 0.000000 6 1 43
4.801245 1.676940 0.760133 26.500000 47.500000 0.000000 6 1 43
4.801245 1.676940 0.760133 27.500000 47.500000 0.000000 6 1 43
4.801245 1.676940 0.760133 28.500000 47.500000 0.000000 6 1 43
4.801245 1.676940 0.760133 29.500000 47.500000 0.000000 6 1 43
4.801245 1.676940 0.760133 30.500000 47.500000 0.000000 6 1 43
4.801245 1.676940 0.760133 31.500000 47.500000 0.000000 6 1 43
1.095296 1.616067 6.241697 32.500000 47.500000 0.000000 5 1 43
1.095296 1.616067 6.241697 33.500000 47.500000 0.000000 5 1 43
1.095296 1.616067 6.241697 34.500000 47.500000 0.000000 5 1 43
1.095296 1.616067 6.241697 35.500000 47.500000 0.000000 5 1 43
1.095296 1.616067 6.241697 36.500000 47.500000 0.000000 5 1 43
1.095296 1.616067 6.241697 37.500000 47.500000 0.000000 5 1 43
1.095296 1.616067 6.241697 38.500000 47.500000 0.000000 5 1 43
1.095296 1.616067 6.241697 39.500000 47.500000 0.000000 5 1 43
1.095296 1.616067 6.241697 40.500000 47.500000 0.000000 5 1 43
1.095296 1.616067 6.241697 41.500000 47.500000 0.000000 5 1 43
1.095296 1.616067 6.241697 42.500000 47.500000 0.000000 5 1 43
1.095296 1.616067 6.241697 43.500000 47.500000 0.000000 5 1 43
1.095296 1.616067 6.241697 44.500000 47.500000 0.000000 5 1 43
1.095296 1.616067 6.241697 45.500000 47.500000 0.000000 5 1 43
1.095296 1.616067 6.241697 46.500000 47.500000 0.000000 5 1 43
1.095296 1.616067 6.241697 47.500000 47.500000 0.000000 5 1 43
1.095296 1.616067 6.241697 48.500000 47.500000 0.000000 5 1 43
1.095296 1.616067 6.241697 49.500000 47.500000 0.000000 5 1 43
1.095296 1.616067 6.241697 50.500000 47.500000 0.000000 5 1 43
1.095296 1.616067 6.241697 51.500000 47.500000 0.000000 5 1 43
1.095296 1.616067 6.241697 52.500000 47.500000 0.000000 5 1 43
1.095296 1.616067 6.241697 53.500000 47.500000 0.000000 5 1 43
1.095296 1.616067 6.241697 54.500000 47.500000 0.000000 5 1 43
1.095296 1.616067 6.241697 55.500000 47.500000 0.000000 5 1 43
1.095296 1.616067 6.241697 56.500000 47.500000 0.000000 5 1 43
1.228663 2.197655 2.203669 57.500000 47.500000 0.000000 3 1 43
1.228663 2.197655 2.203669 58.500000 47.500000 0.000000 3 1 43
1.228663 2.197655 2.203669 59.500000 47.500000 0.000000 3 1 43
1.228663 2.197655 2.203669 60.500000 47.500000 0.000000 3 1 43
1.228663 2.197655 2.203669 61.500000 47.500000 0.000000 3 1 43
1.228663 2.197655 2.203669 62.500000 47.500000 0.000000 3 1 43
1.228663 2.197655 2.203669 63.500000 47.500000 0.000000 3 1 43
1.228663 2.197655 2.203669 64.500000 47.500000 0.000000 3 1 43
1.228663 2.197655 2.203669 65.500000 47.500000 0.000000 3 1 43
1.228663 2.197655 2.203669 66.500000 47.500000 0.000000 3 1 43
1.228663 2.197655 2.203669 67.500000 47.500000 0.000000 3 1 43
1.228663 2.197655 2.203669 68.500000 47.500000 0.000000 3 1 43
1.228663 2.197655 2.203669 69.500000 47.500000 0.000000 3 1 43
1.228663 2.197655 2.203669 70.500000 47.500000 0.000000 3 1 43
1.228663 2.197655 2.203669 71.500000 47.500000 0.000000 3 1 43
2.001568 1.662294 5.277684 72.500000 47.500000 0.000000 1 1 43
2.001568 1.662294 5.277684 73.500000 47.500000 0.000000 1 1 43
2.001568 1.662294 5.277684 74.500000 47.500000 0.000000 1 1 43
2.001568 1.662294 5.277684 75.500000 47.500000 0.000000 1 1 43
2.001568 1.662294 5.277684 76.500000 47.500000 0.000000 1 1 43
2.001568 1.662294 5.277684 77.500000 47.500000 0.000000 1 1 43
2.001568 1.662294 5.277684 78.500000 47.500000 0.000000 1 1 43
2.001568 1.662294 5.277684 79.500000 47.500000 0.000000 1 1 43
2.001568 1.662294 5.277684 80.500000 47.500000 0.000000 1 1 43
2.001568 1.662294 5.277684 81.500000 47.500000 0.000000 1 1 43
2.001568 1.662294 5.277684 82.500000 47.500000 0.000000 1 1 43
2.001568 1.662294 5.277684 83.500000 47.500000 0.000000 1 1 43
2.001568 1.662294 5.277684 84.500000 47.500000 0.000000 1 1 43
2.001568 1.662294 5.277684 85.500000 47.500000 0.000000 1 1 43
2.001568 1.662294 5.277684 86.500000 47.500000 0.000000 1 1 43
2.001568 1.662294 5.277684 87.500000 47.500000 0.000000 1 1 43
2.001568 1.662294 5.277684 88.500000 47.500000 0.000000 1 1 43
2.001568 1.662294 5.277684 89.500000 47.500000 0.000000 1 1 43
2.001568 1.662294 5.277684 90.500000 47.500000 0.000000 1 1 43
2.001568 1.662294 5.277684 91.500000 47.500000 0.000000 1 1 43
2.001568 1.662294 5.277684 92.500000 47.500000 0.000000 1 1 43
2.001568 1.662294 5.277684 93.500000 47.500000 0.000000 1 1 43
2.001568 1.662294 5.277684 94.500000 47.500000 0.000000 1 1 43
2.001568 1.662294 5.277684 95.500000 47.500000 0.000000 1 1 43
2.001568 1.662294 5.277684 96.500000 47.500000 0.000000 1 1 43
2.001568 1.662294 5.277684 97.500000 47.500000 0.000000 1 1 43
2.001568 1.662294 5.277684 98.500000 47.500000 0.000000 1 1 43
2.001568 1.662294 5.277684 99.500000 47.500000 0.000000 1 1 43
4.801245 1.676940 0.760133 0.500000 48.500000 0.000000 6 1 43
4.801245 1.676940 0.760133 1.500000 48.500000 0.000000 6 1 43
4.801245 1.676940 0.760133 2.500000 48.500000 0.000000 6 1 43
4.801245 1.676940 0.760133 3.500000 48.500000 0.000000 6 1 43
4.801245 1.676940 0.760133 4.500000 48.500000 0.000000 6 1 43
4.801245 1.676940 0.760133 5.500000 48.500000 0.000000 6 1 43
4.801245 1.676940 0.760133 6.500000 48.500000 0.000000 6 1 43
4.801245 1.676940 0.760133 7.500000 48.500000 0.000000 6 1 43
4.801245 1.676940 0.760133 8.500000 48.500000 0.000000 6 1 43
4.801245 1.676940 0.760133 9.500000 48.500000 0.000000 6 1 43
4.801245 1.676940 0.760133 10.500000 48.500000 0.000000 6 1 43
4.801245 1.676940 0.760133 11.500000 48.500000 0.000000 6 1 43
4.801245 1.676940 0.760133 12.500000 48.500000 0.000000 6 1 43
4.801245 1.676940 0.760133 13.500000 48.500000 0.000000 6 1 43
4.801245 1.676940 0.760133 14.500000 48.500000 0.000000 6 1 43
4.801245 1.676940 0.760133 15.500000 48.500000 0.000000 6 1 43
4.801245 1.676940 0.760133 16.500000 48.500000 0.000000 6 1 43
4.801245 1.676940 0.760133 17.500000 48.500000 0.000000 6 1 43
4.801245 1.676940 0.760133 18.500000 48.500000 0.000000 6 1 43
4.801245 1.676940 0.760133 19.500000 48.500000 0.000000 6 1 43
4.801245 1.676940 0.760133 20.500000 48.500000 0.000000 6 1 43
4.801245 1.676940 0.760133 21.500000 48.500000 0.000000 6 1 43
4.801245 1.676940 0.760133 22.500000 48.500000 0.000000 6 1 43
4.801245 1.676940 0.760133 23.500000 48.500000 0.000000 6 1 43
4.801245 1.676940 0.760133 24.500000 48.500000 0.000000 6 1 43
4.801245 1.676940 0.760133 25.500000 48.500000 0.000000 6 1 43
4.801245 1.676940 0.760133 26.500000 48.500000 0.000000 6 1 43
4.801245 1.676940 0.760133 27.500000 48.500000 0.000000 6 1 43
4.801245 1.676940 0.760133 28.500000 48.500000 0.000000 6 1 43
4.801245 1.676940 0.760133 29.500000 48.500000 0.000000 6 1 43
4.801245 1.676940 0.760133 30.500000 48.500000 0.000000 6 1 43
1.095296 1.616067 6.241697 31.500000 48.500000 0.000000 5 1 43
1.095296 1.616067 6.241697 32.500000 48.500000 0.000000 5 1 43
1.095296 1.616067 6.241697 33.500000 48.500000 0.000000 5 1 43
1.095296 1.616067 6.241697 34.500000 48.500000 0.000000 5 1 43
1.095296 1.616067 6.241697 35.500000 48.500000 0.000000 5 1 43
1.095296 1.616067 6.241697 36.500000 48.500000 0.000000 5 1 43
1.095296 1.616067 6.241697 37.500000 48.500000 0.000000 5 1 43
1.095296 1.616067 6.241697 38.500000 48.500000 0.000000 5 1 43
1.095296 1.616067 6.241697 39.500000 48.500000 0.000000 5 1 43
1.095296 1.616067 6.241697 40.500000 48.500000 0.000000 5 1 43
1.095296 1.616067 6.241697 41.500000 48.500000 0.000000 5 1 43
1.095296 1.616067 6.241697 42.500000 48.500000 0.000000 5 1 43
1.095296 1.616067 6.241697 43.500000 48.500000 0.000000 5 1 43
1.095296 1.616067 6.241697 44.500000 48.500000 0.000000 5 1 43
1.095296 1.616067 6.241697 45.500000 48.500000 0.000000 5 1 43
1.095296 1.616067 6.241697 46.500000 48.500000 0.000000 5 1 43
1.095296 1.616067 6.241697 47.500000 48.500000 0.000000 5 1 43
1.095296 1.616067 6.241697 48.500000 48.500000 0.000000 5 1 43
1.095296 1.616067 6.241697 49.500000 48.500000 0.000000 5 1 43
1.095296 1.616067 6.241697 50.500000 48.500000 0.000000 5 1 43
1.095296 1.616067 6.241697 51.500000 48.500000 0.000000 5 1 43
1.095296 1.616067 6.241697 52.500000 48.500000 0.000000 5 1 43
1.095296 1.616067 6.241697 53.500000 48.500000 0.000000 5 1 43
1.095296 1.616067 6.241697 54.500000 48.500000 0.000000 5 1 43
1.095296 1.616067 6.241697 55.500000 48.500000 0.000000 5 1 43
1.095296 1.616067 6.241697 56.500000 48.500000 0.000000 5 1 43
1.228663 2.197655 2.203669 57.500000 48.500000 0.000000 3 1 43
1.228663 2.197655 2.203669 58.500000 48.500000 0.000000 3 1 43
1.228663 2.197655 2.203669 59.500000 48.500000 0.000000 3 1 43
1.228663 2.197655 2.203669 60.500000 48.500000 0.000000 3 1 43
1.228663 2.197655 2.203669 61.500000 48.500000 0.000000 3 1 43
1.228663 2.197655 2.203669 62.500000 48.500000 0.000000 3 1 43
1.228663 2.197655 2.203669 63.500000 48.500000 0.000000 3 1 43
1.228663 2.197655 2.203669 64.500000 48.500000 0.000000 3 1 43
1.228663 2.197655 2.203669 65.500000 48.500000 0.000000 3 1 43
1.228663 2.197655 2.203669 66.500000 48.500000 0.000000 3 1 43
1.228663 2.197655 2.203669 67.500000 48.500000 0.000000 3 1 43
1.228663 2.197655 2.203669 68.500000 48.500000 0.000000 3 1 43
1.228663 2.197655 2.203669 69.500000 48.500000 0.000000 3 1 43
1.228663 2.197655 2.203669 70.500000 48.500000 0.000000 3 1 43
1.228663 2.197655 2.203669 71.500000 48.500000 0.000000 3 1 43
2.001568 1.662294 5.277684 72.500000 48.500000 0.000000 1 1 43
2.001568 1.662294 5.277684 73.500000 48.500000 0.000000 1 1 43
2.001568 1.662294 5.277684 74.500000 48.500000 0.000000 1 1 43
2.001568 1.662294 5.277684 75.500000 48.500000 0.000000 1 1 43
2.001568 1.662294 5.277684 76.500000 48.500000 0.000000 1 1 43
2.001568 1.662294 5.277684 77.500000 48.500000 0.000000 1 1 43
2.001568 1.662294 5.277684 78.500000 48.500000 0.000000 1 1 43
2.001568 1.662294 5.277684 79.500000 48.500000 0.000000 1 1 43
2.001568 1.662294 5.277684 80.500000 48.500000 0.000000 1 1 43
2.001568 1.662294 5.277684 81.500000 48.500000 0.000000 1 1 43
2.001568 1.662294 5.277684 82.500000 48.500000 0.000000 1 1 43
2.001568 1.662294 5.277684 83.500000 48.500000 0.000000 1 1 43
2.001568 1.662294 5.277684 84.500000 48.500000 0.000000 1 1 43
2.001568 1.662294 5.277684 85.500000 48.500000 0.000000 1 1 43
2.001568 1.662294 5.277684 86.500000 48.500000 0.000000 1 1 43
2.001568 1.662294 5.277684 87.500000 48.500000 0.000000 1 1 43
2.001568 1.662294 5.277684 88.500000 48.500000 0.000000 1 1 43
2.001568 1.662294 5.277684 89.500000 48.500000 0.000000 1 1 43
2.001568 1.662294 5.277684 90.500000 48.500000 0.000000 1 1 43
2.001568 1.662294 5.277684 91.500000 48.500000 0.000000 1 1 43
2.001568 1.662294 5.277684 92.500000 48.500000 0.000000 1 1 43
2.001568 1.662294 5.277684 93.500000 48.500000 0.000000 1 1 43
2.001568 1.662294 5.277684 94.500000 48.500000 0.000000 1 1 43
2.001568 1.662294 5.277684 95.500000 48.500000 0.000000 1 1 43
2.001568 1.662294 5.277684 96.500000 48.500000 0.000000 1 1 43
2.001568 1.662294 5.277684 97.500000 48.500000 0.000000 1 1 43
2.001568 1.662294 5.277684 98.500000 48.500000 0.000000 1 1 43
2.001568 1.662294 5.277684 99.500000 48.500000 0.000000 1 1 43
4.801245 1.676940 0.760133 0.500000 49.500000 0.000000 6 1 43
4.801245 1.676940 0.760133 1.500000 49.500000 0.000000 6 1 43
4.801245 1.676940 0.760133 2.500000 49.500000 0.000000 6 1 43
4.801245 1.676940 0.760133 3.500000 49.500000 0.000000 6 1 43
4.801245 1.676940 0.760133 4.500000 49.500000 0.000000 6 1 43
4.801245 1.676940 0.760133 5.500000 49.500000 0.000000 6 1 43
4.801245 1.676940 0.760133 6.500000 49.500000 0.000000 6 1 43
4.801245 1.676940 0.760133 7.500000 49.500000 0.000000 6 1 43
4.801245 1.676940 0.760133 8.500000 49.500000 0.000000 6 1 43
4.801245 1.676940 0.760133 9.500000 49.500000 0.000000 6 1 43
4.801245 1.676940 0.760133 10.500000 49.500000 0.000000 6 1 43
4.801245 1.676940 0.760133 11.500000 49.500000 0.000000 6 1 43
4.801245 1.676940 0.760133 12.500000 49.500000 0.000000 6 1 43
4.801245 1.676940 0.760133 13.500000 49.500000 0.000000 6 1 43
4.801245 1.676940 0.760133 14.500000 49.500000 0.000000 6 1 43
4.801245 1.676940 0.760133 15.500000 49.500000 0.000000 6 1 43
4.801245 1.676940 0.760133 16.500000 49.500000 0.000000 6 1 43
4.801245 1.676940 0.760133 17.500000 49.500000 0.000000 6 1 43
4.801245 1.676940 0.760133 18.500000 49.500000 0.000000 6 1 43
4.801245 1.676940 0.760133 19.500000 49.500000 0.000000 6 1 43
4.801245 1.676940 0.760133 20.500000 49.500000 0.000000 6 1 43
4.801245 1.676940 0.760133 21.500000 49.500000 0.000000 6 1 43
4.801245 1.676940 0.760133 22.500000 49.500000 0.000000 6 1 43
4.801245 1.676940 0.760133 23.500000 49.500000 0.000000 6 1 43
4.801245 1.676940 0.760133 24.500000 49.500000 0.000000 6 1 43
4.801245 1.676940 0.760133 25.500000 49.500000 0.000000 6 1 43
4.801245 1.676940 0.760133 26.500000 49.500000 0.000000 6 1 43
4.801245 1.676940 0.760133 27.500000 49.500000 0.000000 6 1 43
4.801245 1.676940 0.760133 28.500000 49.500000 0.000000 6 1 43
4.801245 1.676940 0.760133 29.500000 49.500000 0.000000 6 1 43
1.095296 1.616067 6.241697 30.500000 49.500000 0.000000 5 1 43
1.095296 1.616067 6.241697 31.500000 49.500000 0.000000 5 1 43
1.095296 1.616067 6.241697 32.500000 49.500000 0.000000 5 1 43
1.095296 1.616067 6.241697 33.500000 49.500000 0.000000 5 1 43
1.095296 1.616067 6.241697 34.500000 49.500000 0.000000 5 1 43
1.095296 1.616067 6.241697 35.500000 49.500000 0.000000 5 1 43
1.095296 1.616067 6.241697 36.500000 49.500000 0.000000 5 1 43
1.095296 1.616067 6.241697 37.500000 49.500000 0.000000 5 1 43
1.095296 1.616067 6.241697 38.500000 49.500000 0.000000 5 1 43
1.095296 1.616067 6.241697 39.500000 49.500000 0.000000 5 1 43
1.095296 1.616067 6.241697 40.500000 49.500000 0.000000 5 1 43
1.095296 1.616067 6.241697 41.500000 49.500000 0.000000 5 1 43
1.095296 1.616067 6.241697 42.500000 49.500000 0.000000 5 1 43
1.095296 1.616067 6.241697 43.500000 49.500000 0.000000 5 1 43
1.095296 1.616067 6.241697 44.500000 49.500000 0.000000 5 1 43
1.095296 1.616067 6.241697 45.500000 49.500000 0.000000 5 1 43
1.095296 1.616067 6.241697 46.500000 49.500000 0.000000 5 1 43
1.095296 1.616067 6.241697 47.500000 49.500000 0.000000 5 1 43
1.095296 1.616067 6.241697 48.500000 49.500000 0.000000 5 1 43
1.095296 1.616067 6.241697 49.500000 49.500000 0.000000 5 1 43
1.095296 1.616067 6.241697 50.500000 49.500000 0.000000 5 1 43
1.095296 1.616067 6.241697 51.500000 49.500000 0.000000 5 1 43
1.095296 1.616067 6.241697 52.500000 49.500000 0.000000 5 1 43
1.095296 1.616067 6.241697 53.500000 49.500000 0.000000 5 1 43
1.095296 1.616067 6.241697 54.500000 49.500000 0.000000 5 1 43
1.095296 1.616067 6.241697 55.500000 49.500000 0.000000 5 1 43
1.095296 1.616067 6.241697 56.500000 49.500000 0.000000 5 1 43
1.095296 1.616067 6.241697 57.500000 49.500000 0.000000 5 1 43
1.228663 2.197655 2.203669 58.500000 49.500000 0.000000 3 1 43
1.228663 2.197655 2.203669 59.500000 49.500000 0.000000 3 1 43
1.228663 2.197655 2.203669 60.500000 49.500000 0.000000 3 1 43
1.228663 2.197655 2.203669 61.500000 49.500000 0.000000 3 1 43
1.228663 2.197655 2.203669 62.500000 49.500000 0.000000 3 1 43
1.228663 2.197655 2.203669 63.500000 49.500000 0.000000 3 1 43
1.228663 2.197655 2.203669 64.500000 49.500000 0.000000 3 1 43
1.228663 2.197655 2.203669 65.500000 49.500000 0.000000 3 1 43
1.228663 2.197655 2.203669 66.500000 49.500000 0.000000 3 1 43
1.228663 2.197655 2.203669 67.500000 49.500000 0.000000 3 1 43
1.228663 2.197655 2.203669 68.500000 49.500000 0.000000 3 1 43
1.228663 2.197655 2.203669 69.500000 49.500000 0.000000 3 1 43
1.228663 2.197655 2.203669 70.500000 49.500000 0.000000 3 1 43
1.228663 2.197655 2.203669 71.500000 49.500000 0.000000 3 1 43
5.173207 1.026998 3.613387 72.500000 49.500000 0.000000 2 1 43
5.173207 1.026998 3.613387 73.500000 49.500000 0.000000 2 1 43
2.001568 1.662294 5.277684 74.500000 49.500000 0.000000 1 1 43
2.001568 1.662294 5.277684 75.500000 49.500000 0.000000 1 1 43
2.001568 1.662294 5.277684 76.500000 49.500000 0.000000 1 1 43
2.001568 1.662294 5.277684 77.500000 49.500000 0.000000 1 1 43
2.001568 1.662294 5.277684 78.500000 49.500000 0.000000 1 1 43
2.001568 1.662294 5.277684 79.500000 49.500000 0.000000 1 1 43
2.001568 1.662294 5.277684 80.500000 49.500000 0.000000 1 1 43
2.001568 1.662294 5.277684 81.500000 49.500000 0.000000 1 1 43
2.001568 1.662294 5.277684 82.500000 49.500000 0.000000 1 1 43
2.001568 1.662294 5.277684 83.500000 49.500000 0.000000 1 1 43
2.001568 1.662294 5.277684 84.500000 49.500000 0.000000 1 1 43
2.001568 1.662294 5.277684 85.500000 49.500000 0.000000 1 1 43
2.001568 1.662294 5.277684 86.500000 49.500000 0.000000 1 1 43
2.001568 1.662294 5.277684 87.500000 49.500000 0.000000 1 1 43
2.001568 1.662294 5.277684 88.500000 49.500000 0.000000 1 1 43
2.001568 1.662294 5.277684 89.500000 49.500000 0.000000 1 1 43
2.001568 1.662294 5.277684 90.500000 49.500000 0.000000 1 1 43
2.001568 1.662294 5.277684 91.500000 49.500000 0.000000 1 1 43
2.001568 1.662294 5.277684 92.500000 49.500000 0.000000 1 1 43
2.001568 1.662294 5.277684 93.500000 49.500000 0.000000 1 1 43
2.001568 1.662294 5.277684 94.500000 49.500000 0.000000 1 1 43
2.001568 1.662294 5.277684 95.500000 49.500000 0.000000 1 1 43
2.001568 1.662294 5.277684 96.500000 49.500000 0.000000 1 1 43
2.001568 1.662294 5.277684 97.500000 49.500000 0.000000 1 1 43
2.001568 1.662294 5.277684 98.500000 49.500000 0.000000 1 1 43
2.001568 1.662294 5.277684 99.500000 49.500000 0.000000 1 1 43
4.801245 1.676940 0.760133 0.500000 50.500000 0.000000 6 1 43
4.801245 1.676940 0.760133 1.500000 50.500000 0.000000 6 1 43
4.801245 1.676940 0.760133 2.500000 50.500000 0.000000 6 1 43
4.801245 1.676940 0.760133 3.500000 50.500000 0.000000 6 1 43
4.801245 1.676940 0.760133 4.500000 50.500000 0.000000 6 1 43
4.801245 1.676940 0.760133 5.500000 50.500000 0.000000 6 1 43
4.801245 1.676940 0.760133 6.500000 50.500000 0.000000 6 1 43
4.801245 1.676940 0.760133 7.500000 50.500000 0.000000 6 1 43
4.801245 1.676940 0.760133 8.500000 50.500000 0.000000 6 1 43
4.801245 1.676940 0.760133 9.500000 50.500000 0.000000 6 1 43
4.801245 1.676940 0.760133 10.500000 50.500000 0.000000 6 1 43
4.801245 1.676940 0.760133 11.500000 50.500000 0.000000 6 1 43
4.801245 1.676940 0.760133 12.500000 50.500000 0.000000 6 1 43
4.801245 1.676940 0.760133 13.500000 50.500000 0.000000 6 1 43
4.801245 1.676940 0.760133 14.500000 50.500000 0.000000 6 1 43
4.801245 1.676940 0.760133 15.500000 50.500000 0.000000 6 1 43
4.801245 1.676940 0.760133 16.500000 50.500000 0.000000 6 1 43
4.801245 1.676940 0.760133 17.500000 50.500000 0.000000 6 1 43
4.801245 1.676940 0.760133 18.500000 50.500000 0.000000 6 1 43
4.801245 1.676940 0.760133 19.500000 50.500000 0.000000 6 1 43
4.801245 1.676940 0.760133 20.500000 50.500000 0.000000 6 1 43
4.801245 1.676940 0.760133 21.500000 50.500000 0.000000 6 1 43
4.801245 1.676940 0.760133 22.500000 50.500000 0.000000 6 1 43
4.801245 1.676940 0.760133 23.500000 50.500000 0.000000 6 1 43
4.801245 1.676940 0.760133 24.500000 50.500000 0.000000 6 1 43
4.801245 1.676940 0.760133 25.500000 50.500000 0.000000 6 1 43
4.801245 1.676940 0.760133 26.500000 50.500000 0.000000 6 1 43
4.801245 1.676940 0.760133 27.500000 50.500000 0.000000 6 1 43
4.801245 1.676940 0.760133 28.500000 50.500000 0.000000 6 1 43
4.801245 1.676940 0.760133 29.500000 50.500000 0.000000 6 1 43
1.095296 1.616067 6.241697 30.500000 50.500000 0.000000 5 1 43
1.095296 1.616067 6.241697 31.500000 50.500000 0.000000 5 1 43
1.095296 1.616067 6.241697 32.500000 50.500000 0.000000 5 1 43
1.095296 1.616067 6.241697 33.500000 50.500000 0.000000 5 1 43
1.095296 1.616067 6.241697 34.500000 50.500000 0.000000 5 1 43
1.095296 1.616067 6.241697 35.500000 50.500000 0.000000 5 1 43
1.095296 1.616067 6.241697 36.500000 50.500000 0.000000 5 1 43
1.095296 1.616067 6.241697 37.500000 50.500000 0.000000 5 1 43
1.095296 1.616067 6.241697 38.500000 50.500000 0.000000 5 1 43
1.095296 1.616067 6.241697 39.500000 50.500000 0.000000 5 1 43
1.095296 1.616067 6.241697 40.500000 50.500000 0.000000 5 1 43
1.095296 1.616067 6.241697 41.500000 50.500000 0.000000 5 1 43
1.095296 1.616067 6.241697 42.500000 50.500000 0.000000 5 1 43
1.095296 1.616067 6.241697 43.500000 50.500000 0.000000 5 1 43
1.095296 1.616067 6.241697 44.500000 50.500000 0.000000 5 1 43
1.095296 1.616067 6.241697 45.500000 50.500000 0.000000 5 1 43
1.095296 1.616067 6.241697 46.500000 50.500000 0.000000 5 1 43
1.095296 1.616067 6.241697 47.500000 50.500000 0.000000 5 1 43
1.095296 1.616067 6.241697 48.500000 50.500000 0.000000 5 1 43
1.095296 1.616067 6.241697 49.500000 50.500000 0.000000 5 1 43
1.095296 1.616067 6.241697 50.500000 50.500000 0.000000 5 1 43
1.095296 1.616067 6.241697 51.500000 50.500000 0.000000 5 1 43
1.095296 1.616067 6.241697 52.500000 50.500000 0.000000 5 1 43
1.095296 1.616067 6.241697 53.500000 50.500000 0.000000 5 1 43
1.095296 1.616067 6.241697 54.500000 50.500000 0.000000 5 1 43
1.095296 1.616067 6.241697 55.500000 50.500000 0.000000 5 1 43
1.095296 1.616067 6.241697 56.500000 50.500000 0.000000 5 1 43
1.095296 1.616067 6.241697 57.500000 50.500000 0.000000 5 1 43
1.228663 2.197655 2.203669 58.500000 50.500000 0.000000 3 1 43
1.228663 2.197655 2.203669 59.500000 50.500000 0.000000 3 1 43
1.228663 2.197655 2.203669 60.500000 50.500000 0.000000 3 1 43
1.228663 2.197655 2.203669 61.500000 50.500000 0.000000 3 1 43
1.228663 2.197655 2.203669 62.500000 50.500000 0.000000 3 1 43
1.228663 2.197655 2.203669 63.500000 50.500000 0.000000 3 1 43
1.228663 2.197655 2.203669 64.500000 50.500000 0.000000 3 1 43
1.228663 2.197655 2.203669 65.500000 50.500000 0.000000 3 1 43
1.228663 2.197655 2.203669 66.500000 50.500000 0.000000 3 1 43
1.228663 2.197655 2.203669 67.500000 50.500000 0.000000 3 1 43
1.228663 2.197655 2.203669 68.500000 50.500000 0.000000 3 1 43
1.228663 2.197655 2.203669 69.500000 50.500000 0.000000 3 1 43
1.228663 2.197655 2.203669 70.500000 50.500000 0.000000 3 1 43
5.173207 1.026998 3.613387 71.500000 50.500000 0.000000 2 1 43
5.173207 1.026998 3.613387 72.500000 50.500000 0.000000 2 1 43
5.173207 1.026998 3.613387 73.500000 50.500000 0.000000 2 1 43
5.173207 1.026998 3.613387 74.500000 50.500000 0.000000 2 1 43
5.173207 1.026998 3.613387 75.500000 50.500000 0.000000 2 1 43
5.173207 1.026998 3.613387 76.500000 50.500000 0.000000 2 1 43
5.173207 1.026998 3.613387 77.500000 50.500000 0.000000 2 1 43
5.173207 1.026998 3.613387 78.500000 50.500000 0.000000 2 1 43
5.173207 1.026998 3.613387 79.500000 50.500000 0.000000 2 1 43
2.001568 1.662294 5.277684 80.500000 50.500000 0.000000 1 1 43
2.001568 1.662294 5.277684 81.500000 50.500000 0.000000 1 1 43
2.001568 1.662294 5.277684 82.500000 50.500000 0.000000 1 1 43
2.001568 1.662294 5.277684 83.500000 50.500000 0.000000 1 1 43
2.001568 1.662294 5.277684 84.500000 50.500000 0.000000 1 1 43
2.001568 1.662294 5.277684 85.500000 50.500000 0.000000 1 1 43
2.001568 1.662294 5.277684 86.500000 50.500000 0.000000 1 1 43
2.001568 1.662294 5.277684 87.500000 50.500000 0.000000 1 1 43
2.001568 1.662294 5.277684 88.500000 50.500000 0.000000 1 1 43
2.001568 1.662294 5.277684 89.500000 50.500000 0.000000 1 1 43
2.001568 1.662294 5.277684 90.500000 50.500000 0.000000 1 1 43
2.001568 1.662294 5.277684 91.500000 50.500000 0.000000 1 1 43
2.001568 1.662294 5.277684 92.500000 50.500000 0.000000 1 1 43
2.001568 1.662294 5.277684 93.500000 50.500000 0.000000 1 1 43
2.001568 1.662294 5.277684 94.500000 50.500000 0.000000 1 1 43
2.001568 1.662294 5.277684 95.500000 50.500000 0.000000 1 1 43
2.001568 1.662294 5.277684 96.500000 50.500000 0.000000 1 1 43
2.001568 1.662294 5.277684 97.500000 50.500000 0.000000 1 1 43
2.001568 1.662294 5.277684 98.500000 50.500000 0.000000 1 1 43
2.001568 1.662294 5.277684 99.500000 50.500000 0.000000 1 1 43
4.801245 1.676940 0.760133 0.500000 51.500000 0.000000 6 1 43
4.801245 1.676940 0.760133 1.500000 51.500000 0.000000 6 1 43
4.801245 1.676940 0.760133 2.500000 51.500000 0.000000 6 1 43
4.801245 1.676940 0.760133 3.500000 51.500000 0.000000 6 1 43
4.801245 1.676940 0.760133 4.500000 51.500000 0.000000 6 1 43
4.801245 1.676940 0.760133 5.500000 51.500000 0.000000 6 1 43
4.801245 1.676940 0.760133 6.500000 51.500000 0.000000 6 1 43
4.801245 1.676940 0.760133 7.500000 51.500000 0.000000 6 1 43
4.801245 1.676940 0.760133 8.500000 51.500000 0.000000 6 1 43
4.801245 1.676940 0.760133 9.500000 51.500000 0.000000 6 1 43
4.801245 1.676940 0.760133 10.500000 51.500000 0.000000 6 1 43
4.801245 1.676940 0.760133 11.500000 51.500000 0.000000 6 1 43
4.801245 1.676940 0.760133 12.500000 51.500000 0.000000 6 1 43
4.801245 1.676940 0.760133 13.500000 51.500000 0.000000 6 1 43
4.801245 1.676940 0.760133 14.500000 51.500000 0.000000 6 1 43
4.801245 1.676940 0.760133 15.500000 51.500000 0.000000 6 1 43
4.801245 1.676940 0.760133 16.500000 51.500000 0.000000 6 1 43
4.801245 1.676940 0.760133 17.500000 51.500000 0.000000 6 1 43
4.801245 1.676940 0.760133 18.500000 51.500000 0.000000 6 1 43
4.801245 1.676940 0.760133 19.500000 51.500000 0.000000 6 1 43
4.801245 1.676940 0.760133 20.500000 51.500000 0.000000 6 1 43
4.801245 1.676940 0.760133 21.500000 51.500000 0.000000 6 1 43
4.801245 1.676940 0.760133 22.500000 51.500000 0.000000 6 1 43
4.801245 1.676940 0.760133 23.500000 51.500000 0.000000 6 1 43
4.801245 1.676940 0.760133 24.500000 51.500000 0.000000 6 1 43
4.801245 1.676940 0.760133 25.500000 51.500000 0.000000 6 1 43
4.801245 1.676940 0.760133 26.500000 51.500000 0.000000 6 1 43
4.801245 1.676940 0.760133 27.500000 51.500000 0.000000 6 1 43
4.801245 1.676940 0.760133 28.500000 51.500000 0.000000 6 1 43
4.801245 1.676940 0.760133 29.500000 51.500000 0.000000 6 1 43
1.095296 1.616067 6.241697 30.500000 51.500000 0.000000 5 1 43
1.095296 1.616067 6.241697 31.500000 51.500000 0.000000 5 1 43
1.095296 1.616067 6.241697 32.500000 51.500000 0.000000 5 1 43
1.095296 1.616067 6.241697 33.500000 51.500000 0.000000 5 1 43
1.095296 1.616067 6.241697 34.500000 51.500000 0.000000 5 1 43
1.095296 1.616067 6.241697 35.500000 51.500000 0.000000 5 1 43
1.095296 1.616067 6.241697 36.500000 51.500000 0.000000 5 1 43
1.095296 1.616067 6.241697 37.500000 51.500000 0.000000 5 1 43
1.095296 1.616067 6.241697 38.500000 51.500000 0.000000 5 1 43
1.095296 1.616067 6.241697 39.500000 51.500000 0.000000 5 1 43
1.095296 1.616067 6.241697 40.500000 51.500000 0.000000 5 1 43
1.095296 1.616067 6.241697 41.500000 51.500000 0.000000 5 1 43
1.095296 1.616067 6.241697 42.500000 51.500000 0.000000 5 1 43
1.095296 1.616067 6.241697 43.500000 51.500000 0.000000 5 1 43
1.095296 1.616067 6.241697 44.500000 51.500000 0.000000 5 1 43
1.095296 1.616067 6.241697 45.500000 51.500000 0.000000 5 1 43
1.095296 1.616067 6.241697 46.500000 51.500000 0.000000 5 1 43
1.095296 1.616067 6.241697 47.500000 51.500000 0.000000 5 1 43
1.095296 1.616067 6.241697 48.500000 51.500000 0.000000 5 1 43
1.095296 1.616067 6.241697 49.500000 51.500000 0.000000 5 1 43
1.095296 1.616067 6.241697 50.500000 51.500000 0.000000 5 1 43
1.095296 1.616067 6.241697 51.500000 51.500000 0.000000 5 1 43
1.095296 1.616067 6.241697 52.500000 51.500000 0.000000 5 1 43
1.095296 1.616067 6.241697 53.500000 51.500000 0.000000 5 1 43
1.095296 1.616067 6.241697 54.500000 51.500000 0.000000 5 1 43
1.095296 1.616067 6.241697 55.500000 51.500000 0.000000 5 1 43
1.095296 1.616067 6.241697 56.500000 51.500000 0.000000 5 1 43
1.095296 1.616067 6.241697 57.500000 51.500000 0.000000 5 1 43
1.095296 1.616067 6.241697 58.500000 51.500000 0.000000 5 1 43
1.228663 2.197655 2.203669 59.500000 51.500000 0.000000 3 1 43
1.228663 2.197655 2.203669 60.500000 51.500000 0.000000 3 1 43
1.228663 2.197655 2.203669 61.500000 51.500000 0.000000 3 1 43
1.228663 2.197655 2.203669 62.500000 51.500000 0.000000 3 1 43
1.228663 2.197655 2.203669 63.500000 51.500000 0.000000 3 1 43
1.228663 2.197655 2.203669 64.500000 51.500000 0.000000 3 1 43
1.228663 2.197655 2.203669 65.500000 51.500000 0.000000 3 1 43
1.228663 2.197655 2.203669 66.500000 51.500000 0.000000 3 1 43
1.228663 2.197655 2.203669 67.500000 51.500000 0.000000 3 1 43
1.228663 2.197655 2.203669 68.500000 51.500000 0.000000 3 1 43
1.228663 2.197655 2.203669 69.500000 51.500000 0.000000 3 1 43
5.173207 1.026998 3.613387 70.500000 51.500000 0.000000 2 1 43
5.173207 1.026998 3.613387 71.500000 51.500000 0.000000 2 1 43
5.173207 1.026998 3.613387 72.500000 51.500000 0.000000 2 1 43
5.173207 1.026998 3.613387 73.500000 51.500000 0.000000 2 1 43
5.173207 1.026998 3.613387 74.500000 51.500000 0.000000 2 1 43
5.173207 1.026998 3.613387 75.500000 51.500000 0.000000 2 1 43
5.173207 1.026998 3.613387 76.500000 51.500000 0.000000 2 1 43
5.173207 1.026998 3.613387 77.500000 51.500000 0.000000 2 1 43
5.173207 1.026998 3.613387 78.500000 51.500000 0.000000 2 1 43
5.173207 1.026998 3.613387 79.500000 51.500000 0.000000 2 1 43
5.173207 1.026998 3.613387 80.500000 51.500000 0.000000 2 1 43
5.173207 1.026998 3.613387 81.500000 51.500000 0.000000 2 1 43
5.173207 1.026998 3.613387 82.500000 51.500000 0.000000 2 1 43
5.173207 1.026998 3.613387 83.500000 51.500000 0.000000 2 1 43
5.173207 1.026998 3.613387 84.500000 51.500000 0.000000 2 1 43
5.173207 1.026998 3.613387 85.500000 51.500000 0.000000 2 1 43
5.173207 1.026998 3.613387 86.500000 51.500000 0.000000 2 1 43
5.173207 1.026998 3.613387 87.500000 51.500000 0.000000 2 1 43
5.173207 1.026998 3.613387 88.500000 51.500000 0.000000 2 1 43
5.173207 1.026998 3.613387 89.500000 51.500000 0.000000 2 1 43
5.173207 1.026998 3.613387 90.500000 51.500000 0.000000 2 1 43
5.173207 1.026998 3.613387 91.500000 51.500000 0.000000 2 1 43
5.173207 1.026998 3.613387 92.500000 51.500000 0.000000 2 1 43
5.173207 1.026998 3.613387 93.500000 51.500000 0.000000 2 1 43
5.173207 1.026998 3.613387 94.500000 51.500000 0.000000 2 1 43
5.173207 1.026998 3.613387 95.500000 51.500000 0.000000 2 1 43
5.173207 1.026998 3.613387 96.500000 51.500000 0.000000 2 1 43
5.173207 1.026998 3.613387 97.500000 51.500000 0.000000 2 1 43
5.173207 1.026998 3.613387 98.500000 51.500000 0.000000 2 1 43
5.173207 1.026998 3.613387 99.500000 51.500000 0.000000 2 1 43
4.801245 1.676940 0.760133 0.500000 52.500000 0.000000 6 1 43
4.801245 1.676940 0.760133 1.500000 52.500000 0.000000 6 1 43
4.801245 1.676940 0.760133 2.500000 52.500000 0.000000 6 1 43
4.801245 1.676940 0.760133 3.500000 52.500000 0.000000 6 1 43
4.801245 1.676940 0.760133 4.500000 52.500000 0.000000 6 1 43
4.801245 1.676940 0.760133 5.500000 52.500000 0.000000 6 1 43
4.801245 1.676940 0.760133 6.500000 52.500000 0.000000 6 1 43
4.801245 1.676940 0.760133 7.500000 52.500000 0.000000 6 1 43
4.801245 1.676940 0.760133 8.500000 52.500000 0.000000 6 1 43
4.801245 1.676940 0.760133 9.500000 52.500000 0.000000 6 1 43
4.801245 1.676940 0.760133 10.500000 52.500000 0.000000 6 1 43
4.801245 1.676940 0.760133 11.500000 52.500000 0.000000 6 1 43
4.801245 1.676940 0.760133 12.500000 52.500000 0.000000 6 1 43
4.801245 1.676940 0.760133 13.500000 52.500000 0.000000 6 1 43
4.801245 1.676940 0.760133 14.500000 52.500000 0.000000 6 1 43
4.801245 1.676940 0.760133 15.500000 52.500000 0.000000 6 1 43
4.801245 1.676940 0.760133 16.500000 52.500000 0.000000 6 1 43
4.801245 1.676940 0.760133 17.500000 52.500000 0.000000 6 1 43
4.801245 1.676940 0.760133 18.500000 52.500000 0.000000 6 1 43
4.801245 1.676940 0.760133 19.500000 52.500000 0.000000 6 1 43
4.801245 1.676940 0.760133 20.500000 52.500000 0.000000 6 1 43
4.801245 1.676940 0.760133 21.500000 52.500000 0.000000 6 1 43
4.801245 1.676940 0.760133 22.500000 52.500000 0.000000 6 1 43
4.801245 1.676940 0.760133 23.500000 52.500000 0.000000 6 1 43
4.801245 1.676940 0.760133 24.500000 52.500000 0.000000 6 1 43
4.801245 1.676940 0.760133 25.500000 52.500000 0.000000 6 1 43
4.801245 1.676940 0.760133 26.500000 52.500000 0.000000 6 1 43
4.801245 1.676940 0.760133 27.500000 52.500000 0.000000 6 1 43
4.801245 1.676940 0.760133 28.500000 52.500000 0.000000 6 1 43
1.095296 1.616067 6.241697 29.500000 52.500000 0.000000 5 1 43
1.095296 1.616067 6.241697 30.500000 52.500000 0.000000 5 1 43
1.095296 1.616067 6.241697 31.500000 52.500000 0.000000 5 1 43
1.095296 1.616067 6.241697 32.500000 52.500000 0.000000 5 1 43
1.095296 1.616067 6.241697 33.500000 52.500000 0.000000 5 1 43
1.095296 1.616067 6.241697 34.500000 52.500000 0.000000 5 1 43
1.095296 1.616067 6.241697 35.500000 52.500000 0.000000 5 1 43
1.095296 1.616067 6.241697 36.500000 52.500000 0.000000 5 1 43
1.095296 1.616067 6.241697 37.500000 52.500000 0.000000 5 1 43
1.095296 1.616067 6.241697 38.500000 52.500000 0.000000 5 1 43
1.095296 1.616067 6.241697 39.500000 52.500000 0.000000 5 1 43
1.095296 1.616067 6.241697 40.500000 52.500000 0.000000 5 1 43
1.095296 1.616067 6.241697 41.500000 52.500000 0.000000 5 1 43
1.095296 1.616067 6.241697 42.500000 52.500000 0.000000 5 1 43
1.095296 1.616067 6.241697 43.500000 52.500000 0.000000 5 1 43
1.095296 1.616067 6.241697 44.500000 52.500000 0.000000 5 1 43
1.095296 1.616067 6.241697 45.500000 52.500000 0.000000 5 1 43
1.095296 1.616067 6.241697 46.500000 52.500000 0.000000 5 1 43
1.095296 1.616067 6.241697 47.500000 52.500000 0.000000 5 1 43
1.095296 1.616067 6.241697 48.500000 52.500000 0.000000 5 1 43
1.095296 1.616067 6.241697 49.500000 52.500000 0.000000 5 1 43
1.095296 1.616067 6.241697 50.500000 52.500000 0.000000 5 1 43
1.095296 1.616067 6.241697 51.500000 52.500000 0.000000 5 1 43
1.095296 1.616067 6.241697 52.500000 52.500000 0.000000 5 1 43
1.095296 1.616067 6.241697 53.500000 52.500000 0.000000 5 1 43
1.095296 1.616067 6.241697 54.500000 52.500000 0.000000 5 1 43
1.095296 1.616067 6.241697 55.500000 52.500000 0.000000 5 1 43
1.095296 1.616067 6.241697 56.500000 52.500000 0.000000 5 1 43
1.095296 1.616067 6.241697 57.500000 52.500000 0.000000 5 1 43
1.095296 1.616067 6.241697 58.500000 52.500000 0.000000 5 1 43
1.228663 2.197655 2.203669 59.500000 52.500000 0.000000 3 1 43
1.228663 2.197655 2.203669 60.500000 52.500000 0.000000 3 1 43
1.228663 2.197655 2.203669 61.500000 52.500000 0.000000 3 1 43
1.228663 2.197655 2.203669 62.500000 52.500000 0.000000 3 1 43
1.228663 2.197655 2.203669 63.500000 52.500000 0.000000 3 1 43
1.228663 2.197655 2.203669 64.500000 52.500000 0.000000 3 1 43
1.228663 2.197655 2.203669 65.500000 52.500000 0.000000 3 1 43
1.228663 2.197655 2.203669 66.500000 52.500000 0.000000 3 1 43
1.228663 2.197655 2.203669 67.500000 52.500000 0.000000 3 1 43
1.228663 2.197655 2.203669 68.500000 52.500000 0.000000 3 1 43
5.173207 1.026998 3.613387 69.500000 52.500000 0.000000 2 1 43
5.173207 1.026998 3.613387 70.500000 52.500000 0.000000 2 1 43
5.173207 1.026998 3.613387 71.500000 52.500000 0.000000 2 1 43
5.173207 1.026998 3.613387 72.500000 52.500000 0.000000 2 1 43
5.173207 1.026998 3.613387 73.500000 52.500000 0.000000 2 1 43
5.173207 1.026998 3.613387 74.500000 52.500000 0.000000 2 1 43
5.173207 1.026998 3.613387 75.500000 52.500000 0.000000 2 1 43
5.173207 1.026998 3.613387 76.500000 52.500000 0.000000 2 1 43
5.173207 1.026998 3.613387 77.500000 52.500000 0.000000 2 1 43
5.173207 1.026998 3.613387 78.500000 52.500000 0.000000 2 1 43
5.173207 1.026998 3.613387 79.500000 52.500000 0.000000 2 1 43
5.173207 1.026998 3.613387 80.500000 52.500000 0.000000 2 1 43
5.173207 1.026998 3.613387 81.500000 52.500000 0.000000 2 1 43
5.173207 1.026998 3.613387 82.500000 52.500000 0.000000 2 1 43
5.173207 1.026998 3.613387 83.500000 52.500000 0.000000 2 1 43
5.173207 1.026998 3.613387 84.500000 52.500000 0.000000 2 1 43
5.173207 1.026998 3.613387 85.500000 52.500000 0.000000 2 1 43
5.173207 1.026998 3.613387 86.500000 52.500000 0.000000 2 1 43
5.173207 1.026998 3.613387 87.500000 52.500000 0.000000 2 1 43
5.173207 1.026998 3.613387 88.500000 52.500000 0.000000 2 1 43
5.173207 1.026998 3.613387 89.500000 52.500000 0.000000 2 1 43
5.173207 1.026998 3.613387 90.500000 52.500000 0.000000 2 1 43
5.173207 1.026998 3.613387 91.500000 52.500000 0.000000 2 1 43
5.173207 1.026998 3.613387 92.500000 52.500000 0.000000 2 1 43
5.173207 1.026998 3.613387 93.500000 52.500000 0.000000 2 1 43
5.173207 1.026998 3.613387 94.500000 52.500000 0.000000 2 1 43
5.173207 1.026998 3.613387 95.500000 52.500000 0.000000 2 1 43
5.173207 1.026998 3.613387 96.500000 52.500000 0.000000 2 1 43
5.173207 1.026998 3.613387 97.500000 52.500000 0.000000 2 1 43
5.173207 1.026998 3.613387 98.500000 52.500000 0.000000 2 1 43
5.173207 1.026998 3.613387 99.500000 52.500000 0.000000 2 1 43
4.801245 1.676940 0.760133 0.500000 53.500000 0.000000 6 1 43
4.801245 1.676940 0.760133 1.500000 53.500000 0.000000 6 1 43
4.801245 1.676940 0.760133 2.500000 53.500000 0.000000 6 1 43
4.801245 1.676940 0.760133 3.500000 53.500000 0.000000 6 1 43
4.801245 1.676940 0.760133 4.500000 53.500000 0.000000 6 1 43
4.801245 1.676940 0.760133 5.500000 53.500000 0.000000 6 1 43
4.801245 1.676940 0.760133 6.500000 53.500000 0.000000 6 1 43
4.801245 1.676940 0.760133 7.500000 53.500000 0.000000 6 1 43
4.801245 1.676940 0.760133 8.500000 53.500000 0.000000 6 1 43
4.801245 1.676940 0.760133 9.500000 53.500000 0.000000 6 1 43
4.801245 1.676940 0.760133 10.500000 53.500000 0.000000 6 1 43
4.801245 1.676940 0.760133 11.500000 53.500000 0.000000 6 1 43
4.801245 1.676940 0.760133 12.500000 53.500000 0.000000 6 1 43
4.801245 1.676940 0.760133 13.500000 53.500000 0.000000 6 1 43
4.801245 1.676940 0.760133 14.500000 53.500000 0.000000 6 1 43
4.801245 1.676940 0.760133 15.500000 53.500000 0.000000 6 1 43
4.801245 1.676940 0.760133 16.500000 53.500000 0.000000 6 1 43
4.801245 1.676940 0.760133 17.500000 53.500000 0.000000 6 1 43
4.801245 1.676940 0.760133 18.500000 53.500000 0.000000 6 1 43
4.801245 1.676940 0.760133 19.500000 53.500000 0.000000 6 1 43
4.801245 1.676940 0.760133 20.500000 53.500000 0.000000 6 1 43
4.801245 1.676940 0.760133 21.500000 53.500000 0.000000 6 1 43
4.801245 1.676940 0.760133 22.500000 53.500000 0.000000 6 1 43
4.801245 1.676940 0.760133 23.500000 53.500000 0.000000 6 1 43
4.801245 1.676940 0.760133 24.500000 53.500000 0.000000 6 1 43
4.801245 1.676940 0.760133 25.500000 53.500000 0.000000 6 1 43
4.801245 1.676940 0.760133 26.500000 53.500000 0.000000 6 1 43
4.801245 1.676940 0.760133 27.500000 53.500000 0.000000 6 1 43
4.801245 1.676940 0.760133 28.500000 53.500000 0.000000 6 1 43
1.095296 1.616067 6.241697 29.500000 53.500000 0.000000 5 1 43
1.095296 1.616067 6.241697 30.500000 53.500000 0.000000 5 1 43
1.095296 1.616067 6.241697 31.500000 53.500000 0.000000 5 1 43
1.095296 1.616067 6.241697 32.500000 53.500000 0.000000 5 1 43
1.095296 1.616067 6.241697 33.500000 53.500000 0.000000 5 1 43
1.095296 1.616067 6.241697 34.500000 53.500000 0.000000 5 1 43
1.095296 1.616067 6.241697 35.500000 53.500000 0.000000 5 1 43
1.095296 1.616067 6.241697 36.500000 53.500000 0.000000 5 1 43
1.095296 1.616067 6.241697 37.500000 53.500000 0.000000 5 1 43
1.095296 1.616067 6.241697 38.500000 53.500000 0.000000 5 1 43
1.095296 1.616067 6.241697 39.500000 53.500000 0.000000 5 1 43
1.095296 1.616067 6.241697 40.500000 53.500000 0.000000 5 1 43
1.095296 1.616067 6.241697 41.500000 53.500000 0.000000 5 1 43
1.095296 1.616067 6.241697 42.500000 53.500000 0.000000 5 1 43
1.095296 1.616067 6.241697 43.500000 53.500000 0.000000 5 1 43
1.095296 1.616067 6.241697 44.500000 53.500000 0.000000 5 1 43
1.095296 1.616067 6.241697 45.500000 53.500000 0.000000 5 1 43
1.095296 1.616067 6.241697 46.500000 53.500000 0.000000 5 1 43
1.095296 1.616067 6.241697 47.500000 53.500000 0.000000 5 1 43
1.095296 1.616067 6.241697 48.500000 53.500000 0.000000 5 1 43
1.095296 1.616067 6.241697 49.500000 53.500000 0.000000 5 1 43
1.095296 1.616067 6.241697 50.500000 53.500000 0.000000 5 1 43
1.095296 1.616067 6.241697 51.500000 53.500000 0.000000 5 1 43
1.095296 1.616067 6.241697 52.500000 53.500000 0.000000 5 1 43
1.095296 1.616067 6.241697 53.500000 53.500000 0.000000 5 1 43
1.095296 1.616067 6.241697 54.500000 53.500000 0.000000 5 1 43
1.095296 1.616067 6.241697 55.500000 53.500000 0.000000 5 1 43
1.095296 1.616067 6.241697 56.500000 53.500000 0.000000 5 1 43
1.095296 1.616067 6.241697 57.500000 53.500000 0.000000 5 1 43
1.095296 1.616067 6.241697 58.500000 53.500000 0.000000 5 1 43
1.228663 2.197655 2.203669 59.500000 53.500000 0.000000 3 1 43
1.228663 2.197655 2.203669 60.500000 53.500000 0.000000 3 1 43
1.228663 2.197655 2.203669 61.500000 53.500000 0.000000 3 1 43
1.228663 2.197655 2.203669 62.500000 53.500000 0.000000 3 1 43
1.228663 2.197655 2.203669 63.500000 53.500000 0.000000 3 1 43
1.228663 2.197655 2.203669 64.500000 53.500000 0.000000 3 1 43
1.228663 2.197655 2.203669 65.500000 53.500000 0.000000 3 1 43
1.228663 2.197655 2.203669 66.500000 53.500000 0.000000 3 1 43
1.228663 2.197655 2.203669 67.500000 53.500000 0.000000 3 1 43
5.173207 1.026998 3.613387 68.500000 53.500000 0.000000 2 1 43
5.173207 1.026998 3.613387 69.500000 53.500000 0.000000 2 1 43
5.173207 1.026998 3.613387 70.500000 53.500000 0.000000 2 1 43
5.173207 1.026998 3.613387 71.500000 53.500000 0.000000 2 1 43
5.173207 1.026998 3.613387 72.500000 53.500000 0.000000 2 1 43
5.173207 1.026998 3.613387 73.500000 53.500000 0.000000 2 1 43
5.173207 1.026998 3.613387 74.500000 53.500000 0.000000 2 1 43
5.173207 1.026998 3.613387 75.500000 53.500000 0.000000 2 1 43
5.173207 1.026998 3.613387 76.500000 53.500000 0.000000 2 1 43
5.173207 1.026998 3.613387 77.500000 53.500000 0.000000 2 1 43
5.173207 1.026998 3.613387 78.500000 53.500000 0.000000 2 1 43
5.173207 1.026998 3.613387 79.500000 53.500000 0.000000 2 1 43
5.173207 1.026998 3.613387 80.500000 53.500000 0.000000 2 1 43
5.173207 1.026998 3.613387 81.500000 53.500000 0.000000 2 1 43
5.173207 1.026998 3.613387 82.500000 53.500000 0.000000 2 1 43
5.173207 1.026998 3.613387 83.500000 53.500000 0.000000 2 1 43
5.173207 1.026998 3.613387 84.500000 53.500000 0.000000 2 1 43
5.173207 1.026998 3.613387 85.500000 53.500000 0.000000 2 1 43
5.173207 1.026998 3.613387 86.500000 53.500000 0.000000 2 1 43
5.173207 1.026998 3.613387 87.500000 53.500000 0.000000 2 1 43
5.173207 1.026998 3.613387 88.500000 53.500000 0.000000 2 1 43
5.173207 1.026998 3.613387 89.500000 53.500000 0.000000 2 1 43
5.173207 1.026998 3.613387 90.500000 53.500000 0.000000 2 1 43
5.173207 1.026998 3.613387 91.500000 53.500000 0.000000 2 1 43
5.173207 1.026998 3.613387 92.500000 53.500000 0.000000 2 1 43
5.173207 1.026998 3.613387 93.500000 53.500000 0.000000 2 1 43
5.173207 1.026998 3.613387 94.500000 53.500000 0.000000 2 1 43
5.173207 1.026998 3.613387 95.500000 53.500000 0.000000 2 1 43
5.173207 1.026998 3.613387 96.500000 53.500000 0.000000 2 1 43
5.173207 1.026998 3.613387 97.500000 53.500000 0.000000 2 1 43
5.173207 1.026998 3.613387 98.500000 53.500000 0.000000 2 1 43
5.173207 1.026998 3.613387 99.500000 53.500000 0.000000 2 1 43
4.801245 1.676940 0.760133 0.500000 54.500000 0.000000 6 1 43
4.801245 1.676940 0.760133 1.500000 54.500000 0.000000 6 1 43
4.801245 1.676940 0.760133 2.500000 54.500000 0.000000 6 1 43
4.801245 1.676940 0.760133 3.500000 54.500000 0.000000 6 1 43
4.801245 1.676940 0.760133 4.500000 54.500000 0.000000 6 1 43
4.801245 1.676940 0.760133 5.500000 54.500000 0.000000 6 1 43
4.801245 1.676940 0.760133 6.500000 54.500000 0.000000 6 1 43
4.801245 1.676940 0.760133 7.500000 54.500000 0.000000 6 1 43
4.801245 1.676940 0.760133 8.500000 54.500000 0.000000 6 1 43
4.801245 1.676940 0.760133 9.500000 54.500000 0.000000 6 1 43
4.801245 1.676940 0.760133 10.500000 54.500000 0.000000 6 1 43
4.801245 1.676940 0.760133 11.500000 54.500000 0.000000 6 1 43
4.801245 1.676940 0.760133 12.500000 54.500000 0.000000 6 1 43
4.801245 1.676940 0.760133 13.500000 54.500000 0.000000 6 1 43
4.801245 1.676940 0.760133 14.500000 54.500000 0.000000 6 1 43
4.801245 1.676940 0.760133 15.500000 54.500000 0.000000 6 1 43
4.801245 1.676940 0.760133 16.500000 54.500000 0.000000 6 1 43
4.801245 1.676940 0.760133 17.500000 54.500000 0.000000 6 1 43
4.801245 1.676940 0.760133 18.500000 54.500000 0.000000 6 1 43
4.801245 1.676940 0.760133 19.500000 54.500000 0.000000 6 1 43
4.801245 1.676940 0.760133 20.500000 54.500000 0.000000 6 1 43
4.801245 1.676940 0.760133 21.500000 54.500000 0.000000 6 1 43
4.801245 1.676940 0.760133 22.500000 54.500000 0.000000 6 1 43
4.801245 1.676940 0.760133 23.500000 54.500000 0.000000 6 1 43
4.801245 1.676940 0.760133 24.500000 54.500000 0.000000 6 1 43
4.801245 1.676940 0.760133 25.500000 54.500000 0.000000 6 1 43
4.801245 1.676940 0.760133 26.500000 54.500000 0.000000 6 1 43
4.801245 1.676940 0.760133 27.500000 54.500000 0.000000 6 1 43
4.801245 1.676940 0.760133 28.500000 54.500000 0.000000 6 1 43
1.095296 1.616067 6.241697 29.500000 54.500000 0.000000 5 1 43
1.095296 1.616067 6.241697 30.500000 54.500000 0.000000 5 1 43
1.095296 1.616067 6.241697 31.500000 54.500000 0.000000 5 1 43
1.095296 1.616067 6.241697 32.500000 54.500000 0.000000 5 1 43
1.095296 1.616067 6.241697 33.500000 54.500000 0.000000 5 1 43
1.095296 1.616067 6.241697 34.500000 54.500000 0.000000 5 1 43
1.095296 1.616067 6.241697 35.500000 54.500000 0.000000 5 1 43
1.095296 1.616067 6.241697 36.500000 54.500000 0.000000 5 1 43
1.095296 1.616067 6.241697 37.500000 54.500000 0.000000 5 1 43
1.095296 1.616067 6.241697 38.500000 54.500000 0.000000 5 1 43
1.095296 1.616067 6.241697 39.500000 54.500000 0.000000 5 1 43
1.095296 1.616067 6.241697 40.500000 54.500000 0.000000 5 1 43
1.095296 1.616067 6.241697 41.500000 54.500000 0.000000 5 1 43
1.095296 1.616067 6.241697 42.500000 54.500000 0.000000 5 1 43
1.095296 1.616067 6.241697 43.500000 54.500000 0.000000 5 1 43
1.095296 1.616067 6.241697 44.500000 54.500000 0.000000 5 1 43
1.095296 1.616067 6.241697 45.500000 54.500000 0.000000 5 1 43
1.095296 1.616067 6.241697 46.500000 54.500000 0.000000 5 1 43
1.095296 1.616067 6.241697 47.500000 54.500000 0.000000 5 1 43
1.095296 1.616067 6.241697 48.500000 54.500000 0.000000 5 1 43
1.095296 1.616067 6.241697 49.500000 54.500000 0.000000 5 1 43
1.095296 1.616067 6.241697 50.500000 54.500000 0.000000 5 1 43
1.095296 1.616067 6.241697 51.500000 54.500000 0.000000 5 1 43
1.095296 1.616067 6.241697 52.500000 54.500000 0.000000 5 1 43
1.095296 1.616067 6.241697 53.500000 54.500000 0.000000 5 1 43
1.095296 1.616067 6.241697 54.500000 54.500000 0.000000 5 1 43
1.095296 1.616067 6.241697 55.500000 54.500000 0.000000 5 1 43
1.095296 1.616067 6.241697 56.500000 54.500000 0.000000 5 1 43
1.095296 1.616067 6.241697 57.500000 54.500000 0.000000 5 1 43
1.095296 1.616067 6.241697 58.500000 54.500000 0.000000 5 1 43
1.228663 2.197655 2.203669 59.500000 54.500000 0.000000 3 1 43
1.228663 2.197655 2.203669 60.500000 54.500000 0.000000 3 1 43
1.228663 2.197655 2.203669 61.500000 54.500000 0.000000 3 1 43
1.228663 2.197655 2.203669 62.500000 54.500000 0.000000 3 1 43
1.228663 2.197655 2.203669 63.500000 54.500000 0.000000 3 1 43
1.228663 2.197655 2.203669 64.500000 54.500000 0.000000 3 1 43
1.228663 2.197655 2.203669 65.500000 54.500000 0.000000 3 1 43
1.228663 2.197655 2.203669 66.500000 54.500000 0.000000 3 1 43
5.173207 1.026998 3.613387 67.500000 54.500000 0.000000 2 1 43
5.173207 1.026998 3.613387 68.500000 54.500000 0.000000 2 1 43
5.173207 1.026998 3.613387 69.500000 54.500000 0.000000 2 1 43
5.173207 1.026998 3.613387 70.500000 54.500000 0.000000 2 1 43
5.173207 1.026998 3.613387 71.500000 54.500000 0.000000 2 1 43
5.173207 1.026998 3.613387 72.500000 54.500000 0.000000 2 1 43
5.173207 1.026998 3.613387 73.500000 54.500000 0.000000 2 1 43
5.173207 1.026998 3.613387 74.500000 54.500000 0.000000 2 1 43
5.173207 1.026998 3.613387 75.500000 54.500000 0.000000 2 1 43
5.173207 1.026998 3.613387 76.500000 54.500000 0.000000 2 1 43
5.173207 1.026998 3.613387 77.500000 54.500000 0.000000 2 1 43
5.173207 1.026998 3.613387 78.500000 54.500000 0.000000 2 1 43
5.173207 1.026998 3.613387 79.500000 54.500000 0.000000 2 1 43
5.173207 1.026998 3.613387 80.500000 54.500000 0.000000 2 1 43
5.173207 1.026998 3.613387 81.500000 54.500000 0.000000 2 1 43
5.173207 1.026998 3.613387 82.500000 54.500000 0.000000 2 1 43
5.173207 1.026998 3.613387 83.500000 54.500000 0.000000 2 1 43
5.173207 1.026998 3.613387 84.500000 54.500000 0.000000 2 1 43
5.173207 1.026998 3.613387 85.500000 54.500000 0.000000 2 1 43
5.173207 1.026998 3.613387 86.500000 54.500000 0.000000 2 1 43
5.173207 1.026998 3.613387 87.500000 54.500000 0.000000 2 1 43
5.173207 1.026998 3.613387 88.500000 54.500000 0.000000 2 1 43
5.173207 1.026998 3.613387 89.500000 54.500000 0.000000 2 1 43
5.173207 1.026998 3.613387 90.500000 54.500000 0.000000 2 1 43
5.173207 1.026998 3.613387 91.500000 54.500000 0.000000 2 1 43
5.173207 1.026998 3.613387 92.500000 54.500000 0.000000 2 1 43
5.173207 1.026998 3.613387 93.500000 54.500000 0.000000 2 1 43
5.173207 1.026998 3.613387 94.500000 54.500000 0.000000 2 1 43
5.173207 1.026998 3.613387 95.500000 54.500000 0.000000 2 1 43
5.173207 1.026998 3.613387 96.500000 54.500000 0.000000 2 1 43
5.173207 1.026998 3.613387 97.500000 54.500000 0.000000 2 1 43
5.173207 1.026998 3.613387 98.500000 54.500000 0.000000 2 1 43
5.173207 1.026998 3.613387 99.500000 54.500000 0.000000 2 1 43
4.801245 1.676940 0.760133 0.500000 55.500000 0.000000 6 1 43
4.801245 1.676940 0.760133 1.500000 55.500000 0.000000 6 1 43
4.801245 1.676940 0.760133 2.500000 55.500000 0.000000 6 1 43
4.801245 1.676940 0.760133 3.500000 55.500000 0.000000 6 1 43
4.801245 1.676940 0.760133 4.500000 55.500000 0.000000 6 1 43
4.801245 1.676940 0.760133 5.500000 55.500000 0.000000 6 1 43
4.801245 1.676940 0.760133 6.500000 55.500000 0.000000 6 1 43
4.801245 1.676940 0.760133 7.500000 55.500000 0.000000 6 1 43
4.801245 1.676940 0.760133 8.500000 55.500000 0.000000 6 1 43
4.801245 1.676940 0.760133 9.500000 55.500000 0.000000 6 1 43
4.801245 1.676940 0.760133 10.500000 55.500000 0.000000 6 1 43
4.801245 1.676940 0.760133 11.500000 55.500000 0.000000 6 1 43
4.801245 1.676940 0.760133 12.500000 55.500000 0.000000 6 1 43
4.801245 1.676940 0.760133 13.500000 55.500000 0.000000 6 1 43
4.801245 1.676940 0.760133 14.500000 55.500000 0.000000 6 1 43
4.801245 1.676940 0.760133 15.500000 55.500000 0.000000 6 1 43
4.801245 1.676940 0.760133 16.500000 55.500000 0.000000 6 1 43
4.801245 1.676940 0.760133 17.500000 55.500000 0.000000 6 1 43
4.801245 1.676940 0.760133 18.500000 55.500000 0.000000 6 1 43
4.801245 1.676940 0.760133 19.500000 55.500000 0.000000 6 1 43
4.801245 1.676940 0.760133 20.500000 55.500000 0.000000 6 1 43
4.801245 1.676940 0.760133 21.500000 55.500000 0.000000 6 1 43
4.801245 1.676940 0.760133 22.500000 55.500000 0.000000 6 1 43
4.801245 1.676940 0.760133 23.500000 55.500000 0.000000 6 1 43
4.801245 1.676940 0.760133 24.500000 55.500000 0.000000 6 1 43
4.801245 1.676940 0.760133 25.500000 55.500000 0.000000 6 1 43
4.801245 1.676940 0.760133 26.500000 55.500000 0.000000 6 1 43
4.801245 1.676940 0.760133 27.500000 55.500000 0.000000 6 1 43
4.801245 1.676940 0.760133 28.500000 55.500000 0.000000 6 1 43
1.095296 1.616067 6.241697 29.500000 55.500000 0.000000 5 1 43
1.095296 1.616067 6.241697 30.500000 55.500000 0.000000 5 1 43
1.095296 1.616067 6.241697 31.500000 55.500000 0.000000 5 1 43
1.095296 1.616067 6.241697 32.500000 55.500000 0.000000 5 1 43
1.095296 1.616067 6.241697 33.500000 55.500000 0.000000 5 1 43
1.095296 1.616067 6.241697 34.500000 55.500000 0.000000 5 1 43
1.095296 1.616067 6.241697 35.500000 55.500000 0.000000 5 1 43
1.095296 1.616067 6.241697 36.500000 55.500000 0.000000 5 1 43
1.095296 1.616067 6.241697 37.500000 55.500000 0.000000 5 1 43
1.095296 1.616067 6.241697 38.500000 55.500000 0.000000 5 1 43
1.095296 1.616067 6.241697 39.500000 55.500000 0.000000 5 1 43
1.095296 1.616067 6.241697 40.500000 55.500000 0.000000 5 1 43
1.095296 1.616067 6.241697 41.500000 55.500000 0.000000 5 1 43
1.095296 1.616067 6.241697 42.500000 55.500000 0.000000 5 1 43
1.095296 1.616067 6.241697 43.500000 55.500000 0.000000 5 1 43
1.095296 1.616067 6.241697 44.500000 55.500000 0.000000 5 1 43
1.095296 1.616067 6.241697 45.500000 55.500000 0.000000 5 1 43
1.095296 1.616067 6.241697 46.500000 55.500000 0.000000 5 1 43
1.095296 1.616067 6.241697 47.500000 55.500000 0.000000 5 1 43
1.095296 1.616067 6.241697 48.500000 55.500000 0.000000 5 1 43
1.095296 1.616067 6.241697 49.500000 55.500000 0.000000 5 1 43
1.095296 1.616067 6.241697 50.500000 55.500000 0.000000 5 1 43
1.095296 1.616067 6.241697 51.500000 55.500000 0.000000 5 1 43
1.095296 1.616067 6.241697 52.500000 55.500000 0.000000 5 1 43
1.095296 1.616067 6.241697 53.500000 55.500000 0.000000 5 1 43
1.095296 1.616067 6.241697 54.500000 55.500000 0.000000 5 1 43
1.095296 1.616067 6.241697 55.500000 55.500000 0.000000 5 1 43
1.095296 1.616067 6.241697 56.500000 55.500000 0.000000 5 1 43
1.095296 1.616067 6.241697 57.500000 55.500000 0.000000 5 1 43
1.095296 1.616067 6.241697 58.500000 55.500000 0.000000 5 1 43
1.228663 2.197655 2.203669 59.500000 55.500000 0.000000 3 1 43
1.228663 2.197655 2.203669 60.500000 55.500000 0.000000 3 1 43
1.228663 2.197655 2.203669 61.500000 55.500000 0.000000 3 1 43
1.228663 2.197655 2.203669 62.500000 55.500000 0.000000 3 1 43
1.228663 2.197655 2.203669 63.500000 55.500000 0.000000 3 1 43
1.228663 2.197655 2.203669 64.500000 55.500000 0.000000 3 1 43
5.173207 1.026998 3.613387 65.500000 55.500000 0.000000 2 1 43
5.173207 1.026998 3.613387 66.500000 55.500000 0.000000 2 1 43
5.173207 1.026998 3.613387 67.500000 55.500000 0.000000 2 1 43
5.173207 1.026998 3.613387 68.500000 55.500000 0.000000 2 1 43
5.173207 1.026998 3.613387 69.500000 55.500000 0.000000 2 1 43
5.173207 1.026998 3.613387 70.500000 55.500000 0.000000 2 1 43
5.173207 1.026998 3.613387 71.500000 55.500000 0.000000 2 1 43
5.173207 1.026998 3.613387 72.500000 55.500000 0.000000 2 1 43
5.173207 1.026998 3.613387 73.500000 55.500000 0.000000 2 1 43
5.173207 1.026998 3.613387 74.500000 55.500000 0.000000 2 1 43
5.173207 1.026998 3.613387 75.500000 55.500000 0.000000 2 1 43
5.173207 1.026998 3.613387 76.500000 55.500000 0.000000 2 1 43
5.173207 1.026998 3.613387 77.500000 55.500000 0.000000 2 1 43
5.173207 1.026998 3.613387 78.500000 55.500000 0.000000 2 1 43
5.173207 1.026998 3.613387 79.500000 55.500000 0.000000 2 1 43
5.173207 1.026998 3.613387 80.500000 55.500000 0.000000 2 1 43
5.173207 1.026998 3.613387 81.500000 55.500000 0.000000 2 1 43
5.173207 1.026998 3.613387 82.500000 55.500000 0.000000 2 1 43
5.173207 1.026998 3.613387 83.500000 55.500000 0.000000 2 1 43
5.173207 1.026998 3.613387 84.500000 55.500000 0.000000 2 1 43
5.173207 1.026998 3.613387 85.500000 55.500000 0.000000 2 1 43
5.173207 1.026998 3.613387 86.500000 55.500000 0.000000 2 1 43
5.173207 1.026998 3.613387 87.500000 55.500000 0.000000 2 1 43
5.173207 1.026998 3.613387 88.500000 55.500000 0.000000 2 1 43
5.173207 1.026998 3.613387 89.500000 55.500000 0.000000 2 1 43
5.173207 1.026998 3.613387 90.500000 55.500000 0.000000 2 1 43
5.173207 1.026998 3.613387 91.500000 55.500000 0.000000 2 1 43
5.173207 1.026998 3.613387 92.500000 55.500000 0.000000 2 1 43
5.173207 1.026998 3.613387 93.500000 55.500000 0.000000 2 1 43
5.173207 1.026998 3.613387 94.500000 55.500000 0.000000 2 1 43
5.173207 1.026998 3.613387 95.500000 55.500000 0.000000 2 1 43
5.173207 1.026998 3.613387 96.500000 55.500000 0.000000 2 1 43
5.173207 1.026998 3.613387 97.500000 55.500000 0.000000 2 1 43
5.173207 1.026998 3.613387 98.500000 55.500000 0.000000 2 1 43
5.173207 1.026998 3.613387 99.500000 55.500000 0.000000 2 1 43
4.801245 1.676940 0.760133 0.500000 56.500000 0.000000 6 1 43
4.801245 1.676940 0.760133 1.500000 56.500000 0.000000 6 1 43
4.801245 1.676940 0.760133 2.500000 56.500000 0.000000 6 1 43
4.801245 1.676940 0.760133 3.500000 56.500000 0.000000 6 1 43
4.801245 1.676940 0.760133 4.500000 56.500000 0.000000 6 1 43
4.801245 1.676940 0.760133 5.500000 56.500000 0.000000 6 1 43
4.801245 1.676940 0.760133 6.500000 56.500000 0.000000 6 1 43
4.801245 1.676940 0.760133 7.500000 56.500000 0.000000 6 1 43
4.801245 1.676940 0.760133 8.500000 56.500000 0.000000 6 1 43
4.801245 1.676940 0.760133 9.500000 56.500000 0.000000 6 1 43
4.801245 1.676940 0.760133 10.500000 56.500000 0.000000 6 1 43
4.801245 1.676940 0.760133 11.500000 56.500000 0.000000 6 1 43
4.801245 1.676940 0.760133 12.500000 56.500000 0.000000 6 1 43
4.801245 1.676940 0.760133 13.500000 56.500000 0.000000 6 1 43
4.801245 1.676940 0.760133 14.500000 56.500000 0.000000 6 1 43
4.801245 1.676940 0.760133 15.500000 56.500000 0.000000 6 1 43
4.801245 1.676940 0.760133 16.500000 56.500000 0.000000 6 1 43
4.801245 1.676940 0.760133 17.500000 56.500000 0.000000 6 1 43
4.801245 1.676940 0.760133 18.500000 56.500000 0.000000 6 1 43
4.801245 1.676940 0.760133 19.500000 56.500000 0.000000 6 1 43
4.801245 1.676940 0.760133 20.500000 56.500000 0.000000 6 1 43
4.801245 1.676940 0.760133 21.500000 56.500000 0.000000 6 1 43
4.801245 1.676940 0.760133 22.500000 56.500000 0.000000 6 1 43
4.801245 1.676940 0.760133 23.500000 56.500000 0.000000 6 1 43
4.801245 1.676940 0.760133 24.500000 56.500000 0.000000 6 1 43
4.801245 1.676940 0.760133 25.500000 56.500000 0.000000 6 1 43
4.801245 1.676940 0.760133 26.500000 56.500000 0.000000 6 1 43
4.801245 1.676940 0.760133 27.500000 56.500000 0.000000 6 1 43
4.801245 1.676940 0.760133 28.500000 56.500000 0.000000 6 1 43
1.095296 1.616067 6.241697 29.500000 56.500000 0.000000 5 1 43
1.095296 1.616067 6.241697 30.500000 56.500000 0.000000 5 1 43
1.095296 1.616067 6.241697 31.500000 56.500000 0.000000 5 1 43
1.095296 1.616067 6.241697 32.500000 56.500000 0.000000 5 1 43
1.095296 1.616067 6.241697 33.500000 56.500000 0.000000 5 1 43
1.095296 1.616067 6.241697 34.500000 56.500000 0.000000 5 1 43
1.095296 1.616067 6.241697 35.500000 56.500000 0.000000 5 1 43
1.095296 1.616067 6.241697 36.500000 56.500000 0.000000 5 1 43
1.095296 1.616067 6.241697 37.500000 56.500000 0.000000 5 1 43
1.095296 1.616067 6.241697 38.500000 56.500000 0.000000 5 1 43
1.095296 1.616067 6.241697 39.500000 56.500000 0.000000 5 1 43
1.095296 1.616067 6.241697 40.500000 56.500000 0.000000 5 1 43
1.095296 1.616067 6.241697 41.500000 56.500000 0.000000 5 1 43
1.095296 1.616067 6.241697 42.500000 56.500000 0.000000 5 1 43
1.095296 1.616067 6.241697 43.500000 56.500000 0.000000 5 1 43
1.095296 1.616067 6.241697 44.500000 56.500000 0.000000 5 1 43
1.095296 1.616067 6.241697 45.500000 56.500000 0.000000 5 1 43
1.095296 1.616067 6.241697 46.500000 56.500000 0.000000 5 1 43
1.095296 1.616067 6.241697 47.500000 56.500000 0.000000 5 1 43
1.095296 1.616067 6.241697 48.500000 56.500000 0.000000 5 1 43
1.095296 1.616067 6.241697 49.500000 56.500000 0.000000 5 1 43
1.095296 1.616067 6.241697 50.500000 56.500000 0.000000 5 1 43
1.095296 1.616067 6.241697 51.500000 56.500000 0.000000 5 1 43
1.095296 1.616067 6.241697 52.500000 56.500000 0.000000 5 1 43
1.095296 1.616067 6.241697 53.500000 56.500000 0.000000 5 1 43
1.095296 1.616067 6.241697 54.500000 56.500000 0.000000 5 1 43
1.095296 1.616067 6.241697 55.500000 56.500000 0.000000 5 1 43
1.095296 1.616067 6.241697 56.500000 56.500000 0.000000 5 1 43
1.095296 1.616067 6.241697 57.500000 56.500000 0.000000 5 1 43
1.095296 1.616067 6.241697 58.500000 56.500000 0.000000 5 1 43
1.228663 2.197655 2.203669 59.500000 56.500000 0.000000 3 1 43
1.228663 2.197655 2.203669 60.500000 56.500000 0.000000 3 1 43
1.228663 2.197655 2.203669 61.500000 56.500000 0.000000 3 1 43
1.228663 2.197655 2.203669 62.500000 56.500000 0.000000 3 1 43
1.228663 2.197655 2.203669 63.500000 56.500000 0.000000 3 1 43
5.173207 1.026998 3.613387 64.500000 56.500000 0.000000 2 1 43
5.173207 1.026998 3.613387 65.500000 56.500000 0.000000 2 1 43
5.173207 1.026998 3.613387 66.500000 56.500000 0.000000 2 1 43
5.173207 1.026998 3.613387 67.500000 56.500000 0.000000 2 1 43
5.173207 1.026998 3.613387 68.500000 56.500000 0.000000 2 1 43
5.173207 1.026998 3.613387 69.500000 56.500000 0.000000 2 1 43
5.173207 1.026998 3.613387 70.500000 56.500000 0.000000 2 1 43
5.173207 1.026998 3.613387 71.500000 56.500000 0.000000 2 1 43
5.173207 1.026998 3.613387 72.500000 56.500000 0.000000 2 1 43
5.173207 1.026998 3.613387 73.500000 56.500000 0.000000 2 1 43
5.173207 1.026998 3.613387 74.500000 56.500000 0.000000 2 1 43
5.173207 1.026998 3.613387 75.500000 56.500000 0.000000 2 1 43
5.173207 1.026998 3.613387 76.500000 56.500000 0.000000 2 1 43
5.173207 1.026998 3.613387 77.500000 56.500000 0.000000 2 1 43
5.173207 1.026998 3.613387 78.500000 56.500000 0.000000 2 1 43
5.173207 1.026998 3.613387 79.500000 56.500000 0.000000 2 1 43
5.173207 1.026998 3.613387 80.500000 56.500000 0.000000 2 1 43
5.173207 1.026998 3.613387 81.500000 56.500000 0.000000 2 1 43
5.173207 1.026998 3.613387 82.500000 56.500000 0.000000 2 1 43
5.173207 1.026998 3.613387 83.500000 56.500000 0.000000 2 1 43
5.173207 1.026998 3.613387 84.500000 56.500000 0.000000 2 1 43
5.173207 1.026998 3.613387 85.500000 56.500000 0.000000 2 1 43
5.173207 1.026998 3.613387 86.500000 56.500000 0.000000 2 1 43
5.173207 1.026998 3.613387 87.500000 56.500000 0.000000 2 1 43
5.173207 1.026998 3.613387 88.500000 56.500000 0.000000 2 1 43
5.173207 1.026998 3.613387 89.500000 56.500000 0.000000 2 1 43
5.173207 1.026998 3.613387 90.500000 56.500000 0.000000 2 1 43
5.173207 1.026998 3.613387 91.500000 56.500000 0.000000 2 1 43
5.173207 1.026998 3.613387 92.500000 56.500000 0.000000 2 1 43
5.173207 1.026998 3.613387 93.500000 56.500000 0.000000 2 1 43
5.173207 1.026998 3.613387 94.500000 56.500000 0.000000 2 1 43
5.173207 1.026998 3.613387 95.500000 56.500000 0.000000 2 1 43
5.173207 1.026998 3.613387 96.500000 56.500000 0.000000 2 1 43
5.173207 1.026998 3.613387 97.500000 56.500000 0.000000 2 1 43
5.173207 1.026998 3.613387 98.500000 56.500000 0.000000 2 1 43
5.173207 1.026998 3.613387 99.500000 56.500000 0.000000 2 1 43
4.801245 1.676940 0.760133 0.500000 57.500000 0.000000 6 1 43
4.801245 1.676940 0.760133 1.500000 57.500000 0.000000 6 1 43
4.801245 1.676940 0.760133 2.500000 57.500000 0.000000 6 1 43
4.801245 1.676940 0.760133 3.500000 57.500000 0.000000 6 1 43
4.801245 1.676940 0.760133 4.500000 57.500000 0.000000 6 1 43
4.801245 1.676940 0.760133 5.500000 57.500000 0.000000 6 1 43
4.801245 1.676940 0.760133 6.500000 57.500000 0.000000 6 1 43
4.801245 1.676940 0.760133 7.500000 57.500000 0.000000 6 1 43
4.801245 1.676940 0.760133 8.500000 57.500000 0.000000 6 1 43
4.801245 1.676940 0.760133 9.500000 57.500000 0.000000 6 1 43
4.801245 1.676940 0.760133 10.500000 57.500000 0.000000 6 1 43
4.801245 1.676940 0.760133 11.500000 57.500000 0.000000 6 1 43
4.801245 1.676940 0.760133 12.500000 57.500000 0.000000 6 1 43
4.801245 1.676940 0.760133 13.500000 57.500000 0.000000 6 1 43
4.801245 1.676940 0.760133 14.500000 57.500000 0.000000 6 1 43
4.801245 1.676940 0.760133 15.500000 57.500000 0.000000 6 1 43
4.801245 1.676940 0.760133 16.500000 57.500000 0.000000 6 1 43
4.801245 1.676940 0.760133 17.500000 57.500000 0.000000 6 1 43
4.801245 1.676940 0.760133 18.500000 57.500000 0.000000 6 1 43
4.801245 1.676940 0.760133 19.500000 57.500000 0.000000 6 1 43
4.801245 1.676940 0.760133 20.500000 57.500000 0.000000 6 1 43
4.801245 1.676940 0.760133 21.500000 57.500000 0.000000 6 1 43
4.801245 1.676940 0.760133 22.500000 57.500000 0.000000 6 1 43
4.801245 1.676940 0.760133 23.500000 57.500000 0.000000 6 1 43
4.801245 1.676940 0.760133 24.500000 57.500000 0.000000 6 1 43
4.801245 1.676940 0.760133 25.500000 57.500000 0.000000 6 1 43
4.801245 1.676940 0.760133 26.500000 57.500000 0.000000 6 1 43
4.801245 1.676940 0.760133 27.500000 57.500000 0.000000 6 1 43
4.801245 1.676940 0.760133 28.500000 57.500000 0.000000 6 1 43
1.095296 1.616067 6.241697 29.500000 57.500000 0.000000 5 1 43
1.095296 1.616067 6.241697 30.500000 57.500000 0.000000 5 1 43
1.095296 1.616067 6.241697 31.500000 57.500000 0.000000 5 1 43
1.095296 1.616067 6.241697 32.500000 57.500000 0.000000 5 1 43
1.095296 1.616067 6.241697 33.500000 57.500000 0.000000 5 1 43
1.095296 1.616067 6.241697 34.500000 57.500000 0.000000 5 1 43
1.095296 1.616067 6.241697 35.500000 57.500000 0.000000 5 1 43
1.095296 1.616067 6.241697 36.500000 57.500000 0.000000 5 1 43
1.095296 1.616067 6.241697 37.500000 57.500000 0.000000 5 1 43
1.095296 1.616067 6.241697 38.500000 57.500000 0.000000 5 1 43
1.095296 1.616067 6.241697 39.500000 57.500000 0.000000 5 1 43
1.095296 1.616067 6.241697 40.500000 57.500000 0.000000 5 1 43
1.095296 1.616067 6.241697 41.500000 57.500000 0.000000 5 1 43
1.095296 1.616067 6.241697 42.500000 57.500000 0.000000 5 1 43
1.095296 1.616067 6.241697 43.500000 57.500000 0.000000 5 1 43
1.095296 1.616067 6.241697 44.500000 57.500000 0.000000 5 1 43
1.095296 1.616067 6.241697 45.500000 57.500000 0.000000 5 1 43
1.095296 1.616067 6.241697 46.500000 57.500000 0.000000 5 1 43
1.095296 1.616067 6.241697 47.500000 57.500000 0.000000 5 1 43
1.095296 1.616067 6.241697 48.500000 57.500000 0.000000 5 1 43
1.095296 1.616067 6.241697 49.500000 57.500000 0.000000 5 1 43
1.095296 1.616067 6.241697 50.500000 57.500000 0.000000 5 1 43
1.095296 1.616067 6.241697 51.500000 57.500000 0.000000 5 1 43
1.095296 1.616067 6.241697 52.500000 57.500000 0.000000 5 1 43
1.095296 1.616067 6.241697 53.500000 57.500000 0.000000 5 1 43
1.095296 1.616067 6.241697 54.500000 57.500000 0.000000 5 1 43
1.095296 1.616067 6.241697 55.500000 57.500000 0.000000 5 1 43
1.095296 1.616067 6.241697 56.500000 57.500000 0.000000 5 1 43
1.095296 1.616067 6.241697 57.500000 57.500000 0.000000 5 1 43
1.095296 1.616067 6.241697 58.500000 57.500000 0.000000 5 1 43
1.228663 2.197655 2.203669 59.500000 57.500000 0.000000 3 1 43
1.228663 2.197655 2.203669 60.500000 57.500000 0.000000 3 1 43
5.173207 1.026998 3.613387 61.500000 57.500000 0.000000 2 1 43
5.173207 1.026998 3.613387 62.500000 57.500000 0.000000 2 1 43
5.173207 1.026998 3.613387 63.500000 57.500000 0.000000 2 1 43
5.173207 1.026998 3.613387 64.500000 57.500000 0.000000 2 1 43
5.173207 1.026998 3.613387 65.500000 57.500000 0.000000 2 1 43
5.173207 1.026998 3.613387 66.500000 57.500000 0.000000 2 1 43
5.173207 1.026998 3.613387 67.500000 57.500000 0.000000 2 1 43
5.173207 1.026998 3.613387 68.500000 57.500000 0.000000 2 1 43
5.173207 1.026998 3.613387 69.500000 57.500000 0.000000 2 1 43
5.173207 1.026998 3.613387 70.500000 57.500000 0.000000 2 1 43
5.173207 1.026998 3.613387 71.500000 57.500000 0.000000 2 1 43
5.173207 1.026998 3.613387 72.500000 57.500000 0.000000 2 1 43
5.173207 1.026998 3.613387 73.500000 57.500000 0.000000 2 1 43
5.173207 1.026998 3.613387 74.500000 57.500000 0.000000 2 1 43
5.173207 1.026998 3.613387 75.500000 57.500000 0.000000 2 1 43
5.173207 1.026998 3.613387 76.500000 57.500000 0.000000 2 1 43
5.173207 1.026998 3.613387 77.500000 57.500000 0.000000 2 1 43
5.173207 1.026998 3.613387 78.500000 57.500000 0.000000 2 1 43
5.173207 1.026998 3.613387 79.500000 57.500000 0.000000 2 1 43
5.173207 1.026998 3.613387 80.500000 57.500000 0.000000 2 1 43
5.173207 1.026998 3.613387 81.500000 57.500000 0.000000 2 1 43
5.173207 1.026998 3.613387 82.500000 57.500000 0.000000 2 1 43
5.173207 1.026998 3.613387 83.500000 57.500000 0.000000 2 1 43
5.173207 1.026998 3.613387 84.500000 57.500000 0.000000 2 1 43
5.173207 1.026998 3.613387 85.500000 57.500000 0.000000 2 1 43
5.173207 1.026998 3.613387 86.500000 57.500000 0.000000 2 1 43
5.173207 1.026998 3.613387 87.500000 57.500000 0.000000 2 1 43
5.173207 1.026998 3.613387 88.500000 57.500000 0.000000 2 1 43
5.173207 1.026998 3.613387 89.500000 57.500000 0.000000 2 1 43
5.173207 1.026998 3.613387 90.500000 57.500000 0.000000 2 1 43
5.173207 1.026998 3.613387 91.500000 57.500000 0.000000 2 1 43
5.173207 1.026998 3.613387 92.500000 57.500000 0.000000 2 1 43
5.173207 1.026998 3.613387 93.500000 57.500000 0.000000 2 1 43
5.173207 1.026998 3.613387 94.500000 57.500000 0.000000 2 1 43
5.173207 1.026998 3.613387 95.500000 57.500000 0.000000 2 1 43
5.173207 1.026998 3.613387 96.500000 57.500000 0.000000 2 1 43
5.173207 1.026998 3.613387 97.500000 57.500000 0.000000 2 1 43
5.173207 1.026998 3.613387 98.500000 57.500000 0.000000 2 1 43
5.173207 1.026998 3.613387 99.500000 57.500000 0.000000 2 1 43
4.801245 1.676940 0.760133 0.500000 58.500000 0.000000 6 1 43
4.801245 1.676940 0.760133 1.500000 58.500000 0.000000 6 1 43
4.801245 1.676940 0.760133 2.500000 58.500000 0.000000 6 1 43
4.801245 1.676940 0.760133 3.500000 58.500000 0.000000 6 1 43
4.801245 1.676940 0.760133 4.500000 58.500000 0.000000 6 1 43
4.801245 1.676940 0.760133 5.500000 58.500000 0.000000 6 1 43
4.801245 1.676940 0.760133 6.500000 58.500000 0.000000 6 1 43
4.801245 1.676940 0.760133 7.500000 58.500000 0.000000 6 1 43
4.801245 1.676940 0.760133 8.500000 58.500000 0.000000 6 1 43
4.801245 1.676940 0.760133 9.500000 58.500000 0.000000 6 1 43
4.801245 1.676940 0.760133 10.500000 58.500000 0.000000 6 1 43
4.801245 1.676940 0.760133 11.500000 58.500000 0.000000 6 1 43
4.801245 1.676940 0.760133 12.500000 58.500000 0.000000 6 1 43
4.801245 1.676940 0.760133 13.500000 58.500000 0.000000 6 1 43
4.801245 1.676940 0.760133 14.500000 58.500000 0.000000 6 1 43
4.801245 1.676940 0.760133 15.500000 58.500000 0.000000 6 1 43
4.801245 1.676940 0.760133 16.500000 58.500000 0.000000 6 1 43
4.801245 1.676940 0.760133 17.500000 58.500000 0.000000 6 1 43
4.801245 1.676940 0.760133 18.500000 58.500000 0.000000 6 1 43
4.801245 1.676940 0.760133 19.500000 58.500000 0.000000 6 1 43
4.801245 1.676940 0.760133 20.500000 58.500000 0.000000 6 1 43
4.801245 1.676940 0.760133 21.500000 58.500000 0.000000 6 1 43
4.801245 1.676940 0.760133 22.500000 58.500000 0.000000 6 1 43
4.801245 1.676940 0.760133 23.500000 58.500000 0.000000 6 1 43
4.801245 1.676940 0.760133 24.500000 58.500000 0.000000 6 1 43
4.801245 1.676940 0.760133 25.500000 58.500000 0.000000 6 1 43
4.801245 1.676940 0.760133 26.500000 58.500000 0.000000 6 1 43
4.801245 1.676940 0.760133 27.500000 58.500000 0.000000 6 1 43
4.801245 1.676940 0.760133 28.500000 58.500000 0.000000 6 1 43
1.095296 1.616067 6.241697 29.500000 58.500000 0.000000 5 1 43
1.095296 1.616067 6.241697 30.500000 58.500000 0.000000 5 1 43
1.095296 1.616067 6.241697 31.500000 58.500000 0.000000 5 1 43
1.095296 1.616067 6.241697 32.500000 58.500000 0.000000 5 1 43
1.095296 1.616067 6.241697 33.500000 58.500000 0.000000 5 1 43
1.095296 1.616067 6.241697 34.500000 58.500000 0.000000 5 1 43
1.095296 1.616067 6.241697 35.500000 58.500000 0.000000 5 1 43
1.095296 1.616067 6.241697 36.500000 58.500000 0.000000 5 1 43
1.095296 1.616067 6.241697 37.500000 58.500000 0.000000 5 1 43
1.095296 1.616067 6.241697 38.500000 58.500000 0.000000 5 1 43
1.095296 1.616067 6.241697 39.500000 58.500000 0.000000 5 1 43
1.095296 1.616067 6.241697 40.500000 58.500000 0.000000 5 1 43
1.095296 1.616067 6.241697 41.500000 58.500000 0.000000 5 1 43
1.095296 1.616067 6.241697 42.500000 58.500000 0.000000 5 1 43
1.095296 1.616067 6.241697 43.500000 58.500000 0.000000 5 1 43
1.095296 1.616067 6.241697 44.500000 58.500000 0.000000 5 1 43
1.095296 1.616067 6.241697 45.500000 58.500000 0.000000 5 1 43
1.095296 1.616067 6.241697 46.500000 58.500000 0.000000 5 1 43
1.095296 1.616067 6.241697 47.500000 58.500000 0.000000 5 1 43
1.095296 1.616067 6.241697 48.500000 58.500000 0.000000 5 1 43
1.095296 1.616067 6.241697 49.500000 58.500000 0.000000 5 1 43
1.095296 1.616067 6.241697 50.500000 58.500000 0.000000 5 1 43
1.095296 1.616067 6.241697 51.500000 58.500000 0.000000 5 1 43
1.095296 1.616067 6.241697 52.500000 58.500000 0.000000 5 1 43
1.095296 1.616067 6.241697 53.500000 58.500000 0.000000 5 1 43
1.095296 1.616067 6.241697 54.500000 58.500000 0.000000 5 1 43
1.095296 1.616067 6.241697 55.500000 58.500000 0.000000 5 1 43
1.095296 1.616067 6.241697 56.500000 58.500000 0.000000 5 1 43
1.095296 1.616067 6.241697 57.500000 58.500000 0.000000 5 1 43
1.095296 1.616067 6.241697 58.500000 58.500000 0.000000 5 1 43
5.173207 1.026998 3.613387 59.500000 58.500000 0.000000 2 1 43
5.173207 1.026998 3.613387 60.500000 58.500000 0.000000 2 1 43
5.173207 1.026998 3.613387 61.500000 58.500000 0.000000 2 1 43
5.173207 1.026998 3.613387 62.500000 58.500000 0.000000 2 1 43
5.173207 1.026998 3.613387 63.500000 58.500000 0.000000 2 1 43
5.173207 1.026998 3.613387 64.500000 58.500000 0.000000 2 1 43
5.173207 1.026998 3.613387 65.500000 58.500000 0.000000 2 1 43
5.173207 1.026998 3.613387 66.500000 58.500000 0.000000 2 1 43
5.173207 1.026998 3.613387 67.500000 58.500000 0.000000 2 1 43
5.173207 1.026998 3.613387 68.500000 58.500000 0.000000 2 1 43
5.173207 1.026998 3.613387 69.500000 58.500000 0.000000 2 1 43
5.173207 1.026998 3.613387 70.500000 58.500000 0.000000 2 1 43
5.173207 1.026998 3.613387 71.500000 58.500000 0.000000 2 1 43
5.173207 1.026998 3.613387 72.500000 58.500000 0.000000 2 1 43
5.173207 1.026998 3.613387 73.500000 58.500000 0.000000 2 1 43
5.173207 1.026998 3.613387 74.500000 58.500000 0.000000 2 1 43
5.173207 1.026998 3.613387 75.500000 58.500000 0.000000 2 1 43
5.173207 1.026998 3.613387 76.500000 58.500000 0.000000 2 1 43
5.173207 1.026998 3.613387 77.500000 58.500000 0.000000 2 1 43
5.173207 1.026998 3.613387 78.500000 58.500000 0.000000 2 1 43
5.173207 1.026998 3.613387 79.500000 58.500000 0.000000 2 1 43
5.173207 1.026998 3.613387 80.500000 58.500000 0.000000 2 1 43
5.173207 1.026998 3.613387 81.500000 58.500000 0.000000 2 1 43
5.173207 1.026998 3.613387 82.500000 58.500000 0.000000 2 1 43
5.173207 1.026998 3.613387 83.500000 58.500000 0.000000 2 1 43
5.173207 1.026998 3.613387 84.500000 58.500000 0.000000 2 1 43
5.173207 1.026998 3.613387 85.500000 58.500000 0.000000 2 1 43
5.173207 1.026998 3.613387 86.500000 58.500000 0.000000 2 1 43
5.173207 1.026998 3.613387 87.500000 58.500000 0.000000 2 1 43
5.173207 1.026998 3.613387 88.500000 58.500000 0.000000 2 1 43
5.173207 1.026998 3.613387 89.500000 58.500000 0.000000 2 1 43
5.173207 1.026998 3.613387 90.500000 58.500000 0.000000 2 1 43
5.173207 1.026998 3.613387 91.500000 58.500000 0.000000 2 1 43
5.173207 1.026998 3.613387 92.500000 58.500000 0.000000 2 1 43
5.173207 1.026998 3.613387 93.500000 58.500000 0.000000 2 1 43
5.173207 1.026998 3.613387 94.500000 58.500000 0.000000 2 1 43
5.173207 1.026998 3.613387 95.500000 58.500000 0.000000 2 1 43
5.173207 1.026998 3.613387 96.500000 58.500000 0.000000 2 1 43
5.173207 1.026998 3.613387 97.500000 58.500000 0.000000 2 1 43
5.173207 1.026998 3.613387 98.500000 58.500000 0.000000 2 1 43
5.173207 1.026998 3.613387 99.500000 58.500000 0.000000 2 1 43
4.801245 1.676940 0.760133 0.500000 59.500000 0.000000 6 1 43
4.801245 1.676940 0.760133 1.500000 59.500000 0.000000 6 1 43
4.801245 1.676940 0.760133 2.500000 59.500000 0.000000 6 1 43
4.801245 1.676940 0.760133 3.500000 59.500000 0.000000 6 1 43
4.801245 1.676940 0.760133 4.500000 59.500000 0.000000 6 1 43
4.801245 1.676940 0.760133 5.500000 59.500000 0.000000 6 1 43
4.801245 1.676940 0.760133 6.500000 59.500000 0.000000 6 1 43
4.801245 1.676940 0.760133 7.500000 59.500000 0.000000 6 1 43
4.801245 1.676940 0.760133 8.500000 59.500000 0.000000 6 1 43
4.801245 1.676940 0.760133 9.500000 59.500000 0.000000 6 1 43
4.801245 1.676940 0.760133 10.500000 59.500000 0.000000 6 1 43
4.801245 1.676940 0.760133 11.500000 59.500000 0.000000 6 1 43
4.801245 1.676940 0.760133 12.500000 59.500000 0.000000 6 1 43
4.801245 1.676940 0.760133 13.500000 59.500000 0.000000 6 1 43
4.801245 1.676940 0.760133 14.500000 59.500000 0.000000 6 1 43
4.801245 1.676940 0.760133 15.500000 59.500000 0.000000 6 1 43
4.801245 1.676940 0.760133 16.500000 59.500000 0.000000 6 1 43
4.801245 1.676940 0.760133 17.500000 59.500000 0.000000 6 1 43
4.801245 1.676940 0.760133 18.500000 59.500000 0.000000 6 1 43
4.801245 1.676940 0.760133 19.500000 59.500000 0.000000 6 1 43
4.801245 1.676940 0.760133 20.500000 59.500000 0.000000 6 1 43
4.801245 1.676940 0.760133 21.500000 59.500000 0.000000 6 1 43
4.801245 1.676940 0.760133 22.500000 59.500000 0.000000 6 1 43
4.801245 1.676940 0.760133 23.500000 59.500000 0.000000 6 1 43
4.801245 1.676940 0.760133 24.500000 59.500000 0.000000 6 1 43
4.801245 1.676940 0.760133 25.500000 59.500000 0.000000 6 1 43
4.801245 1.676940 0.760133 26.500000 59.500000 0.000000 6 1 43
4.801245 1.676940 0.760133 27.500000 59.500000 0.000000 6 1 43
4.801245 1.676940 0.760133 28.500000 59.500000 0.000000 6 1 43
1.095296 1.616067 6.241697 29.500000 59.500000 0.000000 5 1 43
1.095296 1.616067 6.241697 30.500000 59.500000 0.000000 5 1 43
1.095296 1.616067 6.241697 31.500000 59.500000 0.000000 5 1 43
1.095296 1.616067 6.241697 32.500000 59.500000 0.000000 5 1 43
1.095296 1.616067 6.241697 33.500000 59.500000 0.000000 5 1 43
1.095296 1.616067 6.241697 34.500000 59.500000 0.000000 5 1 43
1.095296 1.616067 6.241697 35.500000 59.500000 0.000000 5 1 43
1.095296 1.616067 6.241697 36.500000 59.500000 0.000000 5 1 43
1.095296 1.616067 6.241697 37.500000 59.500000 0.000000 5 1 43
1.095296 1.616067 6.241697 38.500000 59.500000 0.000000 5 1 43
1.095296 1.616067 6.241697 39.500000 59.500000 0.000000 5 1 43
1.095296 1.616067 6.241697 40.500000 59.500000 0.000000 5 1 43
1.095296 1.616067 6.241697 41.500000 59.500000 0.000000 5 1 43
1.095296 1.616067 6.241697 42.500000 59.500000 0.000000 5 1 43
1.095296 1.616067 6.241697 43.500000 59.500000 0.000000 5 1 43
1.095296 1.616067 6.241697 44.500000 59.500000 0.000000 5 1 43
1.095296 1.616067 6.241697 45.500000 59.500000 0.000000 5 1 43
1.095296 1.616067 6.241697 46.500000 59.500000 0.000000 5 1 43
1.095296 1.616067 6.241697 47.500000 59.500000 0.000000 5 1 43
1.095296 1.616067 6.241697 48.500000 59.500000 0.000000 5 1 43
1.095296 1.616067 6.241697 49.500000 59.500000 0.000000 5 1 43
1.095296 1.616067 6.241697 50.500000 59.500000 0.000000 5 1 43
1.095296 1.616067 6.241697 51.500000 59.500000 0.000000 5 1 43
1.095296 1.616067 6.241697 52.500000 59.500000 0.000000 5 1 43
1.095296 1.616067 6.241697 53.500000 59.500000 0.000000 5 1 43
1.095296 1.616067 6.241697 54.500000 59.500000 0.000000 5 1 43
1.095296 1.616067 6.241697 55.500000 59.500000 0.000000 5 1 43
1.095296 1.616067 6.241697 56.500000 59.500000 0.000000 5 1 43
1.095296 1.616067 6.241697 57.500000 59.500000 0.000000 5 1 43
1.095296 1.616067 6.241697 58.500000 59.500000 0.000000 5 1 43
5.173207 1.026998 3.613387 59.500000 59.500000 0.000000 2 1 43
5.173207 1.026998 3.613387 60.500000 59.500000 0.000000 2 1 43
5.173207 1.026998 3.613387 61.500000 59.500000 0.000000 2 1 43
5.173207 1.026998 3.613387 62.500000 59.500000 0.000000 2 1 43
5.173207 1.026998 3.613387 63.500000 59.500000 0.000000 2 1 43
5.173207 1.026998 3.613387 64.500000 59.500000 0.000000 2 1 43
5.173207 1.026998 3.613387 65.500000 59.500000 0.000000 2 1 43
5.173207 1.026998 3.613387 66.500000 59.500000 0.000000 2 1 43
5.173207 1.026998 3.613387 67.500000 59.500000 0.000000 2 1 43
5.173207 1.026998 3.613387 68.500000 59.500000 0.000000 2 1 43
5.173207 1.026998 3.613387 69.500000 59.500000 0.000000 2 1 43
5.173207 1.026998 3.613387 70.500000 59.500000 0.000000 2 1 43
5.173207 1.026998 3.613387 71.500000 59.500000 0.000000 2 1 43
5.173207 1.026998 3.613387 72.500000 59.500000 0.000000 2 1 43
5.173207 1.026998 3.613387 73.500000 59.500000 0.000000 2 1 43
5.173207 1.026998 3.613387 74.500000 59.500000 0.000000 2 1 43
5.173207 1.026998 3.613387 75.500000 59.500000 0.000000 2 1 43
5.173207 1.026998 3.613387 76.500000 59.500000 0.000000 2 1 43
5.173207 1.026998 3.613387 77.500000 59.500000 0.000000 2 1 43
5.173207 1.026998 3.613387 78.500000 59.500000 0.000000 2 1 43
5.173207 1.026998 3.613387 79.500000 59.500000 0.000000 2 1 43
5.173207 1.026998 3.613387 80.500000 59.500000 0.000000 2 1 43
5.173207 1.026998 3.613387 81.500000 59.500000 0.000000 2 1 43
5.173207 1.026998 3.613387 82.500000 59.500000 0.000000 2 1 43
5.173207 1.026998 3.613387 83.500000 59.500000 0.000000 2 1 43
5.173207 1.026998 3.613387 84.500000 59.500000 0.000000 2 1 43
5.173207 1.026998 3.613387 85.500000 59.500000 0.000000 2 1 43
5.173207 1.026998 3.613387 86.500000 59.500000 0.000000 2 1 43
5.173207 1.026998 3.613387 87.500000 59.500000 0.000000 2 1 43
5.173207 1.026998 3.613387 88.500000 59.500000 0.000000 2 1 43
5.173207 1.026998 3.613387 89.500000 59.500000 0.000000 2 1 43
5.173207 1.026998 3.613387 90.500000 59.500000 0.000000 2 1 43
5.173207 1.026998 3.613387 91.500000 59.500000 0.000000 2 1 43
5.173207 1.026998 3.613387 92.500000 59.500000 0.000000 2 1 43
5.173207 1.026998 3.613387 93.500000 59.500000 0.000000 2 1 43
5.173207 1.026998 3.613387 94.500000 59.500000 0.000000 2 1 43
5.173207 1.026998 3.613387 95.500000 59.500000 0.000000 2 1 43
5.173207 1.026998 3.613387 96.500000 59.500000 0.000000 2 1 43
5.173207 1.026998 3.613387 97.500000 59.500000 0.000000 2 1 43
5.173207 1.026998 3.613387 98.500000 59.500000 0.000000 2 1 43
5.173207 1.026998 3.613387 99.500000 59.500000 0.000000 2 1 43
4.801245 1.676940 0.760133 0.500000 60.500000 0.000000 6 1 43
4.801245 1.676940 0.760133 1.500000 60.500000 0.000000 6 1 43
4.801245 1.676940 0.760133 2.500000 60.500000 0.000000 6 1 43
4.801245 1.676940 0.760133 3.500000 60.500000 0.000000 6 1 43
4.801245 1.676940 0.760133 4.500000 60.500000 0.000000 6 1 43
4.801245 1.676940 0.760133 5.500000 60.500000 0.000000 6 1 43
4.801245 1.676940 0.760133 6.500000 60.500000 0.000000 6 1 43
4.801245 1.676940 0.760133 7.500000 60.500000 0.000000 6 1 43
4.801245 1.676940 0.760133 8.500000 60.500000 0.000000 6 1 43
4.801245 1.676940 0.760133 9.500000 60.500000 0.000000 6 1 43
4.801245 1.676940 0.760133 10.500000 60.500000 0.000000 6 1 43
4.801245 1.676940 0.760133 11.500000 60.500000 0.000000 6 1 43
4.801245 1.676940 0.760133 12.500000 60.500000 0.000000 6 1 43
4.801245 1.676940 0.760133 13.500000 60.500000 0.000000 6 1 43
4.801245 1.676940 0.760133 14.500000 60.500000 0.000000 6 1 43
4.801245 1.676940 0.760133 15.500000 60.500000 0.000000 6 1 43
4.801245 1.676940 0.760133 16.500000 60.500000 0.000000 6 1 43
4.801245 1.676940 0.760133 17.500000 60.500000 0.000000 6 1 43
4.801245 1.676940 0.760133 18.500000 60.500000 0.000000 6 1 43
4.801245 1.676940 0.760133 19.500000 60.500000 0.000000 6 1 43
4.801245 1.676940 0.760133 20.500000 60.500000 0.000000 6 1 43
4.801245 1.676940 0.760133 21.500000 60.500000 0.000000 6 1 43
4.801245 1.676940 0.760133 22.500000 60.500000 0.000000 6 1 43
4.801245 1.676940 0.760133 23.500000 60.500000 0.000000 6 1 43
4.801245 1.676940 0.760133 24.500000 60.500000 0.000000 6 1 43
4.801245 1.676940 0.760133 25.500000 60.500000 0.000000 6 1 43
4.801245 1.676940 0.760133 26.500000 60.500000 0.000000 6 1 43
4.801245 1.676940 0.760133 27.500000 60.500000 0.000000 6 1 43
4.801245 1.676940 0.760133 28.500000 60.500000 0.000000 6 1 43
1.095296 1.616067 6.241697 29.500000 60.500000 0.000000 5 1 43
1.095296 1.616067 6.241697 30.500000 60.500000 0.000000 5 1 43
1.095296 1.616067 6.241697 31.500000 60.500000 0.000000 5 1 43
1.095296 1.616067 6.241697 32.500000 60.500000 0.000000 5 1 43
1.095296 1.616067 6.241697 33.500000 60.500000 0.000000 5 1 43
1.095296 1.616067 6.241697 34.500000 60.500000 0.000000 5 1 43
1.095296 1.616067 6.241697 35.500000 60.500000 0.000000 5 1 43
1.095296 1.616067 6.241697 36.500000 60.500000 0.000000 5 1 43
1.095296 1.616067 6.241697 37.500000 60.500000 0.000000 5 1 43
1.095296 1.616067 6.241697 38.500000 60.500000 0.000000 5 1 43
1.095296 1.616067 6.241697 39.500000 60.500000 0.000000 5 1 43
1.095296 1.616067 6.241697 40.500000 60.500000 0.000000 5 1 43
1.095296 1.616067 6.241697 41.500000 60.500000 0.000000 5 1 43
1.095296 1.616067 6.241697 42.500000 60.500000 0.000000 5 1 43
1.095296 1.616067 6.241697 43.500000 60.500000 0.000000 5 1 43
1.095296 1.616067 6.241697 44.500000 60.500000 0.000000 5 1 43
1.095296 1.616067 6.241697 45.500000 60.500000 0.000000 5 1 43
1.095296 1.616067 6.241697 46.500000 60.500000 0.000000 5 1 43
1.095296 1.616067 6.241697 47.500000 60.500000 0.000000 5 1 43
1.095296 1.616067 6.241697 48.500000 60.500000 0.000000 5 1 43
1.095296 1.616067 6.241697 49.500000 60.500000 0.000000 5 1 43
1.095296 1.616067 6.241697 50.500000 60.500000 0.000000 5 1 43
1.095296 1.616067 6.241697 51.500000 60.500000 0.000000 5 1 43
1.095296 1.616067 6.241697 52.500000 60.500000 0.000000 5 1 43
1.095296 1.616067 6.241697 53.500000 60.500000 0.000000 5 1 43
1.095296 1.616067 6.241697 54.500000 60.500000 0.000000 5 1 43
1.095296 1.616067 6.241697 55.500000 60.500000 0.000000 5 1 43
1.095296 1.616067 6.241697 56.500000 60.500000 0.000000 5 1 43
1.095296 1.616067 6.241697 57.500000 60.500000 0.000000 5 1 43
5.173207 1.026998 3.613387 58.500000 60.500000 0.000000 2 1 43
5.173207 1.026998 3.613387 59.500000 60.500000 0.000000 2 1 43
5.173207 1.026998 3.613387 60.500000 60.500000 0.000000 2 1 43
5.173207 1.026998 3.613387 61.500000 60.500000 0.000000 2 1 43
5.173207 1.026998 3.613387 62.500000 60.500000 0.000000 2 1 43
5.173207 1.026998 3.613387 63.500000 60.500000 0.000000 2 1 43
5.173207 1.026998 3.613387 64.500000 60.500000 0.000000 2 1 43
5.173207 1.026998 3.613387 65.500000 60.500000 0.000000 2 1 43
5.173207 1.026998 3.613387 66.500000 60.500000 0.000000 2 1 43
5.173207 1.026998 3.613387 67.500000 60.500000 0.000000 2 1 43
5.173207 1.026998 3.613387 68.500000 60.500000 0.000000 2 1 43
5.173207 1.026998 3.613387 69.500000 60.500000 0.000000 2 1 43
5.173207 1.026998 3.613387 70.500000 60.500000 0.000000 2 1 43
5.173207 1.026998 3.613387 71.500000 60.500000 0.000000 2 1 43
5.173207 1.026998 3.613387 72.500000 60.500000 0.000000 2 1 43
5.173207 1.026998 3.613387 73.500000 60.500000 0.000000 2 1 43
5.173207 1.026998 3.613387 74.500000 60.500000 0.000000 2 1 43
5.173207 1.026998 3.613387 75.500000 60.500000 0.000000 2 1 43
5.173207 1.026998 3.613387 76.500000 60.500000 0.000000 2 1 43
5.173207 1.026998 3.613387 77.500000 60.500000 0.000000 2 1 43
5.173207 1.026998 3.613387 78.500000 60.500000 0.000000 2 1 43
5.173207 1.026998 3.613387 79.500000 60.500000 0.000000 2 1 43
5.173207 1.026998 3.613387 80.500000 60.500000 0.000000 2 1 43
5.173207 1.026998 3.613387 81.500000 60.500000 0.000000 2 1 43
5.173207 1.026998 3.613387 82.500000 60.500000 0.000000 2 1 43
5.173207 1.026998 3.613387 83.500000 60.500000 0.000000 2 1 43
5.173207 1.026998 3.613387 84.500000 60.500000 0.000000 2 1 43
5.173207 1.026998 3.613387 85.500000 60.500000 0.000000 2 1 43
5.173207 1.026998 3.613387 86.500000 60.500000 0.000000 2 1 43
5.173207 1.026998 3.613387 87.500000 60.500000 0.000000 2 1 43
5.173207 1.026998 3.613387 88.500000 60.500000 0.000000 2 1 43
5.173207 1.026998 3.613387 89.500000 60.500000 0.000000 2 1 43
5.173207 1.026998 3.613387 90.500000 60.500000 0.000000 2 1 43
5.173207 1.026998 3.613387 91.500000 60.500000 0.000000 2 1 43
5.173207 1.026998 3.613387 92.500000 60.500000 0.000000 2 1 43
5.173207 1.026998 3.613387 93.500000 60.500000 0.000000 2 1 43
5.173207 1.026998 3.613387 94.500000 60.500000 0.000000 2 1 43
5.173207 1.026998 3.613387 95.500000 60.500000 0.000000 2 1 43
5.173207 1.026998 3.613387 96.500000 60.500000 0.000000 2 1 43
5.173207 1.026998 3.613387 97.500000 60.500000 0.000000 2 1 43
5.173207 1.026998 3.613387 98.500000 60.500000 0.000000 2 1 43
5.173207 1.026998 3.613387 99.500000 60.500000 0.000000 2 1 43
4.801245 1.676940 0.760133 0.500000 61.500000 0.000000 6 1 43
4.801245 1.676940 0.760133 1.500000 61.500000 0.000000 6 1 43
4.801245 1.676940 0.760133 2.500000 61.500000 0.000000 6 1 43
4.801245 1.676940 0.760133 3.500000 61.500000 0.000000 6 1 43
4.801245 1.676940 0.760133 4.500000 61.500000 0.000000 6 1 43
4.801245 1.676940 0.760133 5.500000 61.500000 0.000000 6 1 43
4.801245 1.676940 0.760133 6.500000 61.500000 0.000000 6 1 43
4.801245 1.676940 0.760133 7.500000 61.500000 0.000000 6 1 43
4.801245 1.676940 0.760133 8.500000 61.500000 0.000000 6 1 43
4.801245 1.676940 0.760133 9.500000 61.500000 0.000000 6 1 43
4.801245 1.676940 0.760133 10.500000 61.500000 0.000000 6 1 43
4.801245 1.676940 0.760133 11.500000 61.500000 0.000000 6 1 43
4.801245 1.676940 0.760133 12.500000 61.500000 0.000000 6 1 43
4.801245 1.676940 0.760133 13.500000 61.500000 0.000000 6 1 43
4.801245 1.676940 0.760133 14.500000 61.500000 0.000000 6 1 43
4.801245 1.676940 0.760133 15.500000 61.500000 0.000000 6 1 43
4.801245 1.676940 0.760133 16.500000 61.500000 0.000000 6 1 43
4.801245 1.676940 0.760133 17.500000 61.500000 0.000000 6 1 43
4.801245 1.676940 0.760133 18.500000 61.500000 0.000000 6 1 43
4.801245 1.676940 0.760133 19.500000 61.500000 0.000000 6 1 43
4.801245 1.676940 0.760133 20.500000 61.500000 0.000000 6 1 43
4.801245 1.676940 0.760133 21.500000 61.500000 0.000000 6 1 43
4.801245 1.676940 0.760133 22.500000 61.500000 0.000000 6 1 43
4.801245 1.676940 0.760133 23.500000 61.500000 0.000000 6 1 43
4.801245 1.676940 0.760133 24.500000 61.500000 0.000000 6 1 43
4.801245 1.676940 0.760133 25.500000 61.500000 0.000000 6 1 43
4.801245 1.676940 0.760133 26.500000 61.500000 0.000000 6 1 43
4.801245 1.676940 0.760133 27.500000 61.500000 0.000000 6 1 43
4.801245 1.676940 0.760133 28.500000 61.500000 0.000000 6 1 43
1.095296 1.616067 6.241697 29.500000 61.500000 0.000000 5 1 43
1.095296 1.616067 6.241697 30.500000 61.500000 0.000000 5 1 43
1.095296 1.616067 6.241697 31.500000 61.500000 0.000000 5 1 43
1.095296 1.616067 6.241697 32.500000 61.500000 0.000000 5 1 43
1.095296 1.616067 6.241697 33.500000 61.500000 0.000000 5 1 43
1.095296 1.616067 6.241697 34.500000 61.500000 0.000000 5 1 43
1.095296 1.616067 6.241697 35.500000 61.500000 0.000000 5 1 43
1.095296 1.616067 6.241697 36.500000 61.500000 0.000000 5 1 43
1.095296 1.616067 6.241697 37.500000 61.500000 0.000000 5 1 43
1.095296 1.616067 6.241697 38.500000 61.500000 0.000000 5 1 43
1.095296 1.616067 6.241697 39.500000 61.500000 0.000000 5 1 43
1.095296 1.616067 6.241697 40.500000 61.500000 0.000000 5 1 43
1.095296 1.616067 6.241697 41.500000 61.500000 0.000000 5 1 43
1.095296 1.616067 6.241697 42.500000 61.500000 0.000000 5 1 43
1.095296 1.616067 6.241697 43.500000 61.500000 0.000000 5 1 43
1.095296 1.616067 6.241697 44.500000 61.500000 0.000000 5 1 43
1.095296 1.616067 6.241697 45.500000 61.500000 0.000000 5 1 43
1.095296 1.616067 6.241697 46.500000 61.500000 0.000000 5 1 43
1.095296 1.616067 6.241697 47.500000 61.500000 0.000000 5 1 43
1.095296 1.616067 6.241697 48.500000 61.500000 0.000000 5 1 43
1.095296 1.616067 6.241697 49.500000 61.500000 0.000000 5 1 43
1.095296 1.616067 6.241697 50.500000 61.500000 0.000000 5 1 43
1.095296 1.616067 6.241697 51.500000 61.500000 0.000000 5 1 43
1.095296 1.616067 6.241697 52.500000 61.500000 0.000000 5 1 43
1.095296 1.616067 6.241697 53.500000 61.500000 0.000000 5 1 43
1.095296 1.616067 6.241697 54.500000 61.500000 0.000000 5 1 43
1.095296 1.616067 6.241697 55.500000 61.500000 0.000000 5 1 43
1.095296 1.616067 6.241697 56.500000 61.500000 0.000000 5 1 43
5.173207 1.026998 3.613387 57.500000 61.500000 0.000000 2 1 43
5.173207 1.026998 3.613387 58.500000 61.500000 0.000000 2 1 43
5.173207 1.026998 3.613387 59.500000 61.500000 0.000000 2 1 43
5.173207 1.026998 3.613387 60.500000 61.500000 0.000000 2 1 43
5.173207 1.026998 3.613387 61.500000 61.500000 0.000000 2 1 43
5.173207 1.026998 3.613387 62.500000 61.500000 0.000000 2 1 43
5.173207 1.026998 3.613387 63.500000 61.500000 0.000000 2 1 43
5.173207 1.026998 3.613387 64.500000 61.500000 0.000000 2 1 43
5.173207 1.026998 3.613387 65.500000 61.500000 0.000000 2 1 43
5.173207 1.026998 3.613387 66.500000 61.500000 0.000000 2 1 43
5.173207 1.026998 3.613387 67.500000 61.500000 0.000000 2 1 43
5.173207 1.026998 3.613387 68.500000 61.500000 0.000000 2 1 43
5.173207 1.026998 3.613387 69.500000 61.500000 0.000000 2 1 43
5.173207 1.026998 3.613387 70.500000 61.500000 0.000000 2 1 43
5.173207 1.026998 3.613387 71.500000 61.500000 0.000000 2 1 43
5.173207 1.026998 3.613387 72.500000 61.500000 0.000000 2 1 43
5.173207 1.026998 3.613387 73.500000 61.500000 0.000000 2 1 43
5.173207 1.026998 3.613387 74.500000 61.500000 0.000000 2 1 43
5.173207 1.026998 3.613387 75.500000 61.500000 0.000000 2 1 43
5.173207 1.026998 3.613387 76.500000 61.500000 0.000000 2 1 43
5.173207 1.026998 3.613387 77.500000 61.500000 0.000000 2 1 43
5.173207 1.026998 3.613387 78.500000 61.500000 0.000000 2 1 43
5.173207 1.026998 3.613387 79.500000 61.500000 0.000000 2 1 43
5.173207 1.026998 3.613387 80.500000 61.500000 0.000000 2 1 43
5.173207 1.026998 3.613387 81.500000 61.500000 0.000000 2 1 43
5.173207 1.026998 3.613387 82.500000 61.500000 0.000000 2 1 43
5.173207 1.026998 3.613387 83.500000 61.500000 0.000000 2 1 43
5.173207 1.026998 3.613387 84.500000 61.500000 0.000000 2 1 43
5.173207 1.026998 3.613387 85.500000 61.500000 0.000000 2 1 43
5.173207 1.026998 3.613387 86.500000 61.500000 0.000000 2 1 43
5.173207 1.026998 3.613387 87.500000 61.500000 0.000000 2 1 43
5.173207 1.026998 3.613387 88.500000 61.500000 0.000000 2 1 43
5.173207 1.026998 3.613387 89.500000 61.500000 0.000000 2 1 43
5.173207 1.026998 3.613387 90.500000 61.500000 0.000000 2 1 43
5.173207 1.026998 3.613387 91.500000 61.500000 0.000000 2 1 43
5.173207 1.026998 3.613387 92.500000 61.500000 0.000000 2 1 43
5.173207 1.026998 3.613387 93.500000 61.500000 0.000000 2 1 43
5.173207 1.026998 3.613387 94.500000 61.500000 0.000000 2 1 43
5.173207 1.026998 3.613387 95.500000 61.500000 0.000000 2 1 43
5.173207 1.026998 3.613387 96.500000 61.500000 0.000000 2 1 43
5.173207 1.026998 3.613387 97.500000 61.500000 0.000000 2 1 43
5.173207 1.026998 3.613387 98.500000 61.500000 0.000000 2 1 43
5.173207 1.026998 3.613387 99.500000 61.500000 0.000000 2 1 43
4.801245 1.676940 0.760133 0.500000 62.500000 0.000000 6 1 43
4.801245 1.676940 0.760133 1.500000 62.500000 0.000000 6 1 43
4.801245 1.676940 0.760133 2.500000 62.500000 0.000000 6 1 43
4.801245 1.676940 0.760133 3.500000 62.500000 0.000000 6 1 43
4.801245 1.676940 0.760133 4.500000 62.500000 0.000000 6 1 43
4.801245 1.676940 0.760133 5.500000 62.500000 0.000000 6 1 43
4.801245 1.676940 0.760133 6.500000 62.500000 0.000000 6 1 43
4.801245 1.676940 0.760133 7.500000 62.500000 0.000000 6 1 43
4.801245 1.676940 0.760133 8.500000 62.500000 0.000000 6 1 43
4.801245 1.676940 0.760133 9.500000 62.500000 0.000000 6 1 43
4.801245 1.676940 0.760133 10.500000 62.500000 0.000000 6 1 43
4.801245 1.676940 0.760133 11.500000 62.500000 0.000000 6 1 43
4.801245 1.676940 0.760133 12.500000 62.500000 0.000000 6 1 43
4.801245 1.676940 0.760133 13.500000 62.500000 0.000000 6 1 43
4.801245 1.676940 0.760133 14.500000 62.500000 0.000000 6 1 43
4.801245 1.676940 0.760133 15.500000 62.500000 0.000000 6 1 43
4.801245 1.676940 0.760133 16.500000 62.500000 0.000000 6 1 43
4.801245 1.676940 0.760133 17.500000 62.500000 0.000000 6 1 43
4.801245 1.676940 0.760133 18.500000 62.500000 0.000000 6 1 43
4.801245 1.676940 0.760133 19.500000 62.500000 0.000000 6 1 43
4.801245 1.676940 0.760133 20.500000 62.500000 0.000000 6 1 43
4.801245 1.676940 0.760133 21.500000 62.500000 0.000000 6 1 43
4.801245 1.676940 0.760133 22.500000 62.500000 0.000000 6 1 43
4.801245 1.676940 0.760133 23.500000 62.500000 0.000000 6 1 43
4.801245 1.676940 0.760133 24.500000 62.500000 0.000000 6 1 43
4.801245 1.676940 0.760133 25.500000 62.500000 0.000000 6 1 43
4.801245 1.676940 0.760133 26.500000 62.500000 0.000000 6 1 43
4.801245 1.676940 0.760133 27.500000 62.500000 0.000000 6 1 43
0.822538 1.621784 0.968628 28.500000 62.500000 0.000000 4 1 43
0.822538 1.621784 0.968628 29.500000 62.500000 0.000000 4 1 43
0.822538 1.621784 0.968628 30.500000 62.500000 0.000000 4 1 43
0.822538 1.621784 0.968628 31.500000 62.500000 0.000000 4 1 43
0.822538 1.621784 0.968628 32.500000 62.500000 0.000000 4 1 43
0.822538 1.621784 0.968628 33.500000 62.500000 0.000000 4 1 43
0.822538 1.621784 0.968628 34.500000 62.500000 0.000000 4 1 43
0.822538 1.621784 0.968628 35.500000 62.500000 0.000000 4 1 43
0.822538 1.621784 0.968628 36.500000 62.500000 0.000000 4 1 43
0.822538 1.621784 0.968628 37.500000 62.500000 0.000000 4 1 43
0.822538 1.621784 0.968628 38.500000 62.500000 0.000000 4 1 43
0.822538 1.621784 0.968628 39.500000 62.500000 0.000000 4 1 43
0.822538 1.621784 0.968628 40.500000 62.500000 0.000000 4 1 43
0.822538 1.621784 0.968628 41.500000 62.500000 0.000000 4 1 43
1.095296 1.616067 6.241697 42.500000 62.500000 0.000000 5 1 43
1.095296 1.616067 6.241697 43.500000 62.500000 0.000000 5 1 43
1.095296 1.616067 6.241697 44.500000 62.500000 0.000000 5 1 43
1.095296 1.616067 6.241697 45.500000 62.500000 0.000000 5 1 43
1.095296 1.616067 6.241697 46.500000 62.500000 0.000000 5 1 43
1.095296 1.616067 6.241697 47.500000 62.500000 0.000000 5 1 43
1.095296 1.616067 6.241697 48.500000 62.500000 0.000000 5 1 43
1.095296 1.616067 6.241697 49.500000 62.500000 0.000000 5 1 43
1.095296 1.616067 6.241697 50.500000 62.500000 0.000000 5 1 43
1.095296 1.616067 6.241697 51.500000 62.500000 0.000000 5 1 43
1.095296 1.616067 6.241697 52.500000 62.500000 0.000000 5 1 43
1.095296 1.616067 6.241697 53.500000 62.500000 0.000000 5 1 43
1.095296 1.616067 6.241697 54.500000 62.500000 0.000000 5 1 43
1.095296 1.616067 6.241697 55.500000 62.500000 0.000000 5 1 43
1.095296 1.616067 6.241697 56.500000 62.500000 0.000000 5 1 43
5.173207 1.026998 3.613387 57.500000 62.500000 0.000000 2 1 43
5.173207 1.026998 3.613387 58.500000 62.500000 0.000000 2 1 43
5.173207 1.026998 3.613387 59.500000 62.500000 0.000000 2 1 43
5.173207 1.026998 3.613387 60.500000 62.500000 0.000000 2 1 43
5.173207 1.026998 3.613387 61.500000 62.500000 0.000000 2 1 43
5.173207 1.026998 3.613387 62.500000 62.500000 0.000000 2 1 43
5.173207 1.026998 3.613387 63.500000 62.500000 0.000000 2 1 43
5.173207 1.026998 3.613387 64.500000 62.500000 0.000000 2 1 43
5.173207 1.026998 3.613387 65.500000 62.500000 0.000000 2 1 43
5.173207 1.026998 3.613387 66.500000 62.500000 0.000000 2 1 43
5.173207 1.026998 3.613387 67.500000 62.500000 0.000000 2 1 43
5.173207 1.026998 3.613387 68.500000 62.500000 0.000000 2 1 43
5.173207 1.026998 3.613387 69.500000 62.500000 0.000000 2 1 43
5.173207 1.026998 3.613387 70.500000 62.500000 0.000000 2 1 43
5.173207 1.026998 3.613387 71.500000 62.500000 0.000000 2 1 43
5.173207 1.026998 3.613387 72.500000 62.500000 0.000000 2 1 43
5.173207 1.026998 3.613387 73.500000 62.500000 0.000000 2 1 43
5.173207 1.026998 3.613387 74.500000 62.500000 0.000000 2 1 43
5.173207 1.026998 3.613387 75.500000 62.500000 0.000000 2 1 43
5.173207 1.026998 3.613387 76.500000 62.500000 0.000000 2 1 43
5.173207 1.026998 3.613387 77.500000 62.500000 0.000000 2 1 43
5.173207 1.026998 3.613387 78.500000 62.500000 0.000000 2 1 43
5.173207 1.026998 3.613387 79.500000 62.500000 0.000000 2 1 43
5.173207 1.026998 3.613387 80.500000 62.500000 0.000000 2 1 43
5.173207 1.026998 3.613387 81.500000 62.500000 0.000000 2 1 43
5.173207 1.026998 3.613387 82.500000 62.500000 0.000000 2 1 43
5.173207 1.026998 3.613387 83.500000 62.500000 0.000000 2 1 43
5.173207 1.026998 3.613387 84.500000 62.500000 0.000000 2 1 43
5.173207 1.026998 3.613387 85.500000 62.500000 0.000000 2 1 43
5.173207 1.026998 3.613387 86.500000 62.500000 0.000000 2 1 43
5.173207 1.026998 3.613387 87.500000 62.500000 0.000000 2 1 43
5.173207 1.026998 3.613387 88.500000 62.500000 0.000000 2 1 43
5.173207 1.026998 3.613387 89.500000 62.500000 0.000000 2 1 43
5.173207 1.026998 3.613387 90.500000 62.500000 0.000000 2 1 43
5.173207 1.026998 3.613387 91.500000 62.500000 0.000000 2 1 43
5.173207 1.026998 3.613387 92.500000 62.500000 0.000000 2 1 43
5.173207 1.026998 3.613387 93.500000 62.500000 0.000000 2 1 43
5.173207 1.026998 3.613387 94.500000 62.500000 0.000000 2 1 43
5.173207 1.026998 3.613387 95.500000 62.500000 0.000000 2 1 43
5.173207 1.026998 3.613387 96.500000 62.500000 0.000000 2 1 43
5.173207 1.026998 3.613387 97.500000 62.500000 0.000000 2 1 43
5.173207 1.026998 3.613387 98.500000 62.500000 0.000000 2 1 43
5.173207 1.026998 3.613387 99.500000 62.500000 0.000000 2 1 43
4.801245 1.676940 0.760133 0.500000 63.500000 0.000000 6 1 43
4.801245 1.676940 0.760133 1.500000 63.500000 0.000000 6 1 43
4.801245 1.676940 0.760133 2.500000 63.500000 0.000000 6 1 43
4.801245 1.676940 0.760133 3.500000 63.500000 0.000000 6 1 43
4.801245 1.676940 0.760133 4.500000 63.500000 0.000000 6 1 43
4.801245 1.676940 0.760133 5.500000 63.500000 0.000000 6 1 43
4.801245 1.676940 0.760133 6.500000 63.500000 0.000000 6 1 43
4.801245 1.676940 0.760133 7.500000 63.500000 0.000000 6 1 43
4.801245 1.676940 0.760133 8.500000 63.500000 0.000000 6 1 43
4.801245 1.676940 0.760133 9.500000 63.500000 0.000000 6 1 43
4.801245 1.676940 0.760133 10.500000 63.500000 0.000000 6 1 43
4.801245 1.676940 0.760133 11.500000 63.500000 0.000000 6 1 43
4.801245 1.676940 0.760133 12.500000 63.500000 0.000000 6 1 43
4.801245 1.676940 0.760133 13.500000 63.500000 0.000000 6 1 43
4.801245 1.676940 0.760133 14.500000 63.500000 0.000000 6 1 43
4.801245 1.676940 0.760133 15.500000 63.500000 0.000000 6 1 43
4.801245 1.676940 0.760133 16.500000 63.500000 0.000000 6 1 43
4.801245 1.676940 0.760133 17.500000 63.500000 0.000000 6 1 43
4.801245 1.676940 0.760133 18.500000 63.500000 0.000000 6 1 43
4.801245 1.676940 0.760133 19.500000 63.500000 0.000000 6 1 43
4.801245 1.676940 0.760133 20.500000 63.500000 0.000000 6 1 43
4.801245 1.676940 0.760133 21.500000 63.500000 0.000000 6 1 43
4.801245 1.676940 0.760133 22.500000 63.500000 0.000000 6 1 43
4.801245 1.676940 0.760133 23.500000 63.500000 0.000000 6 1 43
4.801245 1.676940 0.760133 24.500000 63.500000 0.000000 6 1 43
4.801245 1.676940 0.760133 25.500000 63.500000 0.000000 6 1 43
4.801245 1.676940 0.760133 26.500000 63.500000 0.000000 6 1 43
0.822538 1.621784 0.968628 27.500000 63.500000 0.000000 4 1 43
0.822538 1.621784 0.968628 28.500000 63.500000 0.000000 4 1 43
0.822538 1.621784 0.968628 29.500000 63.500000 0.000000 4 1 43
0.822538 1.621784 0.968628 30.500000 63.500000 0.000000 4 1 43
0.822538 1.621784 0.968628 31.500000 63.500000 0.000000 4 1 43
0.822538 1.621784 0.968628 32.500000 63.500000 0.000000 4 1 43
0.822538 1.621784 0.968628 33.500000 63.500000 0.000000 4 1 43
0.822538 1.621784 0.968628 34.500000 63.500000 0.000000 4 1 43
0.822538 1.621784 0.968628 35.500000 63.500000 0.000000 4 1 43
0.822538 1.621784 0.968628 36.500000 63.500000 0.000000 4 1 43
0.822538 1.621784 0.968628 37.500000 63.500000 0.000000 4 1 43
0.822538 1.621784 0.968628 38.500000 63.500000 0.000000 4 1 43
0.822538 1.621784 0.968628 39.500000 63.500000 0.000000 4 1 43
0.822538 1.621784 0.968628 40.500000 63.500000 0.000000 4 1 43
0.822538 1.621784 0.968628 41.500000 63.500000 0.000000 4 1 43
0.822538 1.621784 0.968628 42.500000 63.500000 0.000000 4 1 43
0.822538 1.621784 0.968628 43.500000 63.500000 0.000000 4 1 43
1.095296 1.616067 6.241697 44.500000 63.500000 0.000000 5 1 43
1.095296 1.616067 6.241697 45.500000 63.500000 0.000000 5 1 43
1.095296 1.616067 6.241697 46.500000 63.500000 0.000000 5 1 43
1.095296 1.616067 6.241697 47.500000 63.500000 0.000000 5 1 43
1.095296 1.616067 6.241697 48.500000 63.500000 0.000000 5 1 43
1.095296 1.616067 6.241697 49.500000 63.500000 0.000000 5 1 43
1.095296 1.616067 6.241697 50.500000 63.500000 0.000000 5 1 43
1.095296 1.616067 6.241697 51.500000 63.500000 0.000000 5 1 43
1.095296 1.616067 6.241697 52.500000 63.500000 0.000000 5 1 43
1.095296 1.616067 6.241697 53.500000 63.500000 0.000000 5 1 43
1.095296 1.616067 6.241697 54.500000 63.500000 0.000000 5 1 43
1.095296 1.616067 6.241697 55.500000 63.500000 0.000000 5 1 43
5.173207 1.026998 3.613387 56.500000 63.500000 0.000000 2 1 43
5.173207 1.026998 3.613387 57.500000 63.500000 0.000000 2 1 43
5.173207 1.026998 3.613387 58.500000 63.500000 0.000000 2 1 43
5.173207 1.026998 3.613387 59.500000 63.500000 0.000000 2 1 43
5.173207 1.026998 3.613387 60.500000 63.500000 0.000000 2 1 43
5.173207 1.026998 3.613387 61.500000 63.500000 0.000000 2 1 43
5.173207 1.026998 3.613387 62.500000 63.500000 0.000000 2 1 43
5.173207 1.026998 3.613387 63.500000 63.500000 0.000000 2 1 43
5.173207 1.026998 3.613387 64.500000 63.500000 0.000000 2 1 43
5.173207 1.026998 3.613387 65.500000 63.500000 0.000000 2 1 43
5.173207 1.026998 3.613387 66.500000 63.500000 0.000000 2 1 43
5.173207 1.026998 3.613387 67.500000 63.500000 0.000000 2 1 43
5.173207 1.026998 3.613387 68.500000 63.500000 0.000000 2 1 43
5.173207 1.026998 3.613387 69.500000 63.500000 0.000000 2 1 43
5.173207 1.026998 3.613387 70.500000 63.500000 0.000000 2 1 43
5.173207 1.026998 3.613387 71.500000 63.500000 0.000000 2 1 43
5.173207 1.026998 3.613387 72.500000 63.500000 0.000000 2 1 43
5.173207 1.026998 3.613387 73.500000 63.500000 0.000000 2 1 43
5.173207 1.026998 3.613387 74.500000 63.500000 0.000000 2 1 43
5.173207 1.026998 3.613387 75.500000 63.500000 0.000000 2 1 43
5.173207 1.026998 3.613387 76.500000 63.500000 0.000000 2 1 43
5.173207 1.026998 3.613387 77.500000 63.500000 0.000000 2 1 43
5.173207 1.026998 3.613387 78.500000 63.500000 0.000000 2 1 43
5.173207 1.026998 3.613387 79.500000 63.500000 0.000000 2 1 43
5.173207 1.026998 3.613387 80.500000 63.500000 0.000000 2 1 43
5.173207 1.026998 3.613387 81.500000 63.500000 0.000000 2 1 43
5.173207 1.026998 3.613387 82.500000 63.500000 0.000000 2 1 43
5.173207 1.026998 3.613387 83.500000 63.500000 0.000000 2 1 43
5.173207 1.026998 3.613387 84.500000 63.500000 0.000000 2 1 43
5.173207 1.026998 3.613387 85.500000 63.500000 0.000000 2 1 43
5.173207 1.026998 3.613387 86.500000 63.500000 0.000000 2 1 43
5.173207 1.026998 3.613387 87.500000 63.500000 0.000000 2 1 43
5.173207 1.026998 3.613387 88.500000 63.500000 0.000000 2 1 43
5.173207 1.026998 3.613387 89.500000 63.500000 0.000000 2 1 43
5.173207 1.026998 3.613387 90.500000 63.500000 0.000000 2 1 43
5.173207 1.026998 3.613387 91.500000 63.500000 0.000000 2 1 43
5.173207 1.026998 3.613387 92.500000 63.500000 0.000000 2 1 43
5.173207 1.026998 3.613387 93.500000 63.500000 0.000000 2 1 43
5.173207 1.026998 3.613387 94.500000 63.500000 0.000000 2 1 43
5.173207 1.026998 3.613387 95.500000 63.500000 0.000000 2 1 43
5.173207 1.026998 3.613387 96.500000 63.500000 0.000000 2 1 43
5.173207 1.026998 3.613387 97.500000 63.500000 0.000000 2 1 43
5.173207 1.026998 3.613387 98.500000 63.500000 0.000000 2 1 43
5.173207 1.026998 3.613387 99.500000 63.500000 0.000000 2 1 43
4.801245 1.676940 0.760133 0.500000 64.500000 0.000000 6 1 43
4.801245 1.676940 0.760133 1.500000 64.500000 0.000000 6 1 43
4.801245 1.676940 0.760133 2.500000 64.500000 0.000000 6 1 43
4.801245 1.676940 0.760133 3.500000 64.500000 0.000000 6 1 43
4.801245 1.676940 0.760133 4.500000 64.500000 0.000000 6 1 43
4.801245 1.676940 0.760133 5.500000 64.500000 0.000000 6 1 43
4.801245 1.676940 0.760133 6.500000 64.500000 0.000000 6 1 43
4.801245 1.676940 0.760133 7.500000 64.500000 0.000000 6 1 43
4.801245 1.676940 0.760133 8.500000 64.500000 0.000000 6 1 43
4.801245 1.676940 0.760133 9.500000 64.500000 0.000000 6 1 43
4.801245 1.676940 0.760133 10.500000 64.500000 0.000000 6 1 43
4.801245 1.676940 0.760133 11.500000 64.500000 0.000000 6 1 43
4.801245 1.676940 0.760133 12.500000 64.500000 0.000000 6 1 43
4.801245 1.676940 0.760133 13.500000 64.500000 0.000000 6 1 43
4.801245 1.676940 0.760133 14.500000 64.500000 0.000000 6 1 43
4.801245 1.676940 0.760133 15.500000 64.500000 0.000000 6 1 43
4.801245 1.676940 0.760133 16.500000 64.500000 0.000000 6 1 43
4.801245 1.676940 0.760133 17.500000 64.500000 0.000000 6 1 43
4.801245 1.676940 0.760133 18.500000 64.500000 0.000000 6 1 43
4.801245 1.676940 0.760133 19.500000 64.500000 0.000000 6 1 43
4.801245 1.676940 0.760133 20.500000 64.500000 0.000000 6 1 43
4.801245 1.676940 0.760133 21.500000 64.500000 0.000000 6 1 43
4.801245 1.676940 0.760133 22.500000 64.500000 0.000000 6 1 43
4.801245 1.676940 0.760133 23.500000 64.500000 0.000000 6 1 43
4.801245 1.676940 0.760133 24.500000 64.500000 0.000000 6 1 43
4.801245 1.676940 0.760133 25.500000 64.500000 0.000000 6 1 43
0.822538 1.621784 0.968628 26.500000 64.500000 0.000000 4 1 43
0.822538 1.621784 0.968628 27.500000 64.500000 0.000000 4 1 43
0.822538 1.621784 0.968628 28.500000 64.500000 0.000000 4 1 43
0.822538 1.621784 0.968628 29.500000 64.500000 0.000000 4 1 43
0.822538 1.621784 0.968628 30.500000 64.500000 0.000000 4 1 43
0.822538 1.621784 0.968628 31.500000 64.500000 0.000000 4 1 43
0.822538 1.621784 0.968628 32.500000 64.500000 0.000000 4 1 43
0.822538 1.621784 0.968628 33.500000 64.500000 0.000000 4 1 43
0.822538 1.621784 0.968628 34.500000 64.500000 0.000000 4 1 43
0.822538 1.621784 0.968628 35.500000 64.500000 0.000000 4 1 43
0.822538 1.621784 0.968628 36.500000 64.500000 0.000000 4 1 43
0.822538 1.621784 0.968628 37.500000 64.500000 0.000000 4 1 43
0.822538 1.621784 0.968628 38.500000 64.500000 0.000000 4 1 43
0.822538 1.621784 0.968628 39.500000 64.500000 0.000000 4 1 43
0.822538 1.621784 0.968628 40.500000 64.500000 0.000000 4 1 43
0.822538 1.621784 0.968628 41.500000 64.500000 0.000000 4 1 43
0.822538 1.621784 0.968628 42.500000 64.500000 0.000000 4 1 43
0.822538 1.621784 0.968628 43.500000 64.500000 0.000000 4 1 43
0.822538 1.621784 0.968628 44.500000 64.500000 0.000000 4 1 43
0.822538 1.621784 0.968628 45.500000 64.500000 0.000000 4 1 43
0.822538 1.621784 0.968628 46.500000 64.500000 0.000000 4 1 43
0.822538 1.621784 0.968628 47.500000 64.500000 0.000000 4 1 43
1.095296 1.616067 6.241697 48.500000 64.500000 0.000000 5 1 43
1.095296 1.616067 6.241697 49.500000 64.500000 0.000000 5 1 43
1.095296 1.616067 6.241697 50.500000 64.500000 0.000000 5 1 43
1.095296 1.616067 6.241697 51.500000 64.500000 0.000000 5 1 43
1.095296 1.616067 6.241697 52.500000 64.500000 0.000000 5 1 43
1.095296 1.616067 6.241697 53.500000 64.500000 0.000000 5 1 43
1.095296 1.616067 6.241697 54.500000 64.500000 0.000000 5 1 43
4.932389 1.483221 0.152955 55.500000 64.500000 0.000000 0 1 43
4.932389 1.483221 0.152955 56.500000 64.500000 0.000000 0 1 43
5.173207 1.026998 3.613387 57.500000 64.500000 0.000000 2 1 43
5.173207 1.026998 3.613387 58.500000 64.500000 0.000000 2 1 43
5.173207 1.026998 3.613387 59.500000 64.500000 0.000000 2 1 43
5.173207 1.026998 3.613387 60.500000 64.500000 0.000000 2 1 43
5.173207 1.026998 3.613387 61.500000 64.500000 0.000000 2 1 43
5.173207 1.026998 3.613387 62.500000 64.500000 0.000000 2 1 43
5.173207 1.026998 3.613387 63.500000 64.500000 0.000000 2 1 43
5.173207 1.026998 3.613387 64.500000 64.500000 0.000000 2 1 43
5.173207 1.026998 3.613387 65.500000 64.500000 0.000000 2 1 43
5.173207 1.026998 3.613387 66.500000 64.500000 0.000000 2 1 43
5.173207 1.026998 3.613387 67.500000 64.500000 0.000000 2 1 43
5.173207 1.026998 3.613387 68.500000 64.500000 0.000000 2 1 43
5.173207 1.026998 3.613387 69.500000 64.500000 0.000000 2 1 43
5.173207 1.026998 3.613387 70.500000 64.500000 0.000000 2 1 43
5.173207 1.026998 3.613387 71.500000 64.500000 0.000000 2 1 43
5.173207 1.026998 3.613387 72.500000 64.500000 0.000000 2 1 43
5.173207 1.026998 3.613387 73.500000 64.500000 0.000000 2 1 43
5.173207 1.026998 3.613387 74.500000 64.500000 0.000000 2 1 43
5.173207 1.026998 3.613387 75.500000 64.500000 0.000000 2 1 43
5.173207 1.026998 3.613387 76.500000 64.500000 0.000000 2 1 43
5.173207 1.026998 3.613387 77.500000 64.500000 0.000000 2 1 43
5.173207 1.026998 3.613387 78.500000 64.500000 0.000000 2 1 43
5.173207 1.026998 3.613387 79.500000 64.500000 0.000000 2 1 43
5.173207 1.026998 3.613387 80.500000 64.500000 0.000000 2 1 43
5.173207 1.026998 3.613387 81.500000 64.500000 0.000000 2 1 43
5.173207 1.026998 3.613387 82.500000 64.500000 0.000000 2 1 43
5.173207 1.026998 3.613387 83.500000 64.500000 0.000000 2 1 43
5.173207 1.026998 3.613387 84.500000 64.500000 0.000000 2 1 43
5.173207 1.026998 3.613387 85.500000 64.500000 0.000000 2 1 43
5.173207 1.026998 3.613387 86.500000 64.500000 0.000000 2 1 43
5.173207 1.026998 3.613387 87.500000 64.500000 0.000000 2 1 43
5.173207 1.026998 3.613387 88.500000 64.500000 0.000000 2 1 43
5.173207 1.026998 3.613387 89.500000 64.500000 0.000000 2 1 43
5.173207 1.026998 3.613387 90.500000 64.500000 0.000000 2 1 43
5.173207 1.026998 3.613387 91.500000 64.500000 0.000000 2 1 43
5.173207 1.026998 3.613387 92.500000 64.500000 0.000000 2 1 43
5.173207 1.026998 3.613387 93.500000 64.500000 0.000000 2 1 43
5.173207 1.026998 3.613387 94.500000 64.500000 0.000000 2 1 43
5.173207 1.026998 3.613387 95.500000 64.500000 0.000000 2 1 43
5.173207 1.026998 3.613387 96.500000 64.500000 0.000000 2 1 43
5.173207 1.026998 3.613387 97.500000 64.500000 0.000000 2 1 43
5.173207 1.026998 3.613387 98.500000 64.500000 0.000000 2 1 43
5.173207 1.026998 3.613387 99.500000 64.500000 0.000000 2 1 43
4.801245 1.676940 0.760133 0.500000 65.500000 0.000000 6 1 43
4.801245 1.676940 0.760133 1.500000 65.500000 0.000000 6 1 43
4.801245 1.676940 0.760133 2.500000 65.500000 0.000000 6 1 43
4.801245 1.676940 0.760133 3.500000 65.500000 0.000000 6 1 43
4.801245 1.676940 0.760133 4.500000 65.500000 0.000000 6 1 43
4.801245 1.676940 0.760133 5.500000 65.500000 0.000000 6 1 43
4.801245 1.676940 0.760133 6.500000 65.500000 0.000000 6 1 43
4.801245 1.676940 0.760133 7.500000 65.500000 0.000000 6 1 43
4.801245 1.676940 0.760133 8.500000 65.500000 0.000000 6 1 43
4.801245 1.676940 0.760133 9.500000 65.500000 0.000000 6 1 43
4.801245 1.676940 0.760133 10.500000 65.500000 0.000000 6 1 43
4.801245 1.676940 0.760133 11.500000 65.500000 0.000000 6 1 43
4.801245 1.676940 0.760133 12.500000 65.500000 0.000000 6 1 43
4.801245 1.676940 0.760133 13.500000 65.500000 0.000000 6 1 43
4.801245 1.676940 0.760133 14.500000 65.500000 0.000000 6 1 43
4.801245 1.676940 0.760133 15.500000 65.500000 0.000000 6 1 43
4.801245 1.676940 0.760133 16.500000 65.500000 0.000000 6 1 43
4.801245 1.676940 0.760133 17.500000 65.500000 0.000000 6 1 43
4.801245 1.676940 0.760133 18.500000 65.500000 0.000000 6 1 43
4.801245 1.676940 0.760133 19.500000 65.500000 0.000000 6 1 43
4.801245 1.676940 0.760133 20.500000 65.500000 0.000000 6 1 43
4.801245 1.676940 0.760133 21.500000 65.500000 0.000000 6 1 43
4.801245 1.676940 0.760133 22.500000 65.500000 0.000000 6 1 43
4.801245 1.676940 0.760133 23.500000 65.500000 0.000000 6 1 43
4.801245 1.676940 0.760133 24.500000 65.500000 0.000000 6 1 43
0.822538 1.621784 0.968628 25.500000 65.500000 0.000000 4 1 43
0.822538 1.621784 0.968628 26.500000 65.500000 0.000000 4 1 43
0.822538 1.621784 0.968628 27.500000 65.500000 0.000000 4 1 43
0.822538 1.621784 0.968628 28.500000 65.500000 0.000000 4 1 43
0.822538 1.621784 0.968628 29.500000 65.500000 0.000000 4 1 43
0.822538 1.621784 0.968628 30.500000 65.500000 0.000000 4 1 43
0.822538 1.621784 0.968628 31.500000 65.500000 0.000000 4 1 43
0.822538 1.621784 0.968628 32.500000 65.500000 0.000000 4 1 43
0.822538 1.621784 0.968628 33.500000 65.500000 0.000000 4 1 43
0.822538 1.621784 0.968628 34.500000 65.500000 0.000000 4 1 43
0.822538 1.621784 0.968628 35.500000 65.500000 0.000000 4 1 43
0.822538 1.621784 0.968628 36.500000 65.500000 0.000000 4 1 43
0.822538 1.621784 0.968628 37.500000 65.500000 0.000000 4 1 43
0.822538 1.621784 0.968628 38.500000 65.500000 0.000000 4 1 43
0.822538 1.621784 0.968628 39.500000 65.500000 0.000000 4 1 43
0.822538 1.621784 0.968628 40.500000 65.500000 0.000000 4 1 43
0.822538 1.621784 0.968628 41.500000 65.500000 0.000000 4 1 43
0.822538 1.621784 0.968628 42.500000 65.500000 0.000000 4 1 43
0.822538 1.621784 0.968628 43.500000 65.500000 0.000000 4 1 43
0.822538 1.621784 0.968628 44.500000 65.500000 0.000000 4 1 43
0.822538 1.621784 0.968628 45.500000 65.500000 0.000000 4 1 43
0.822538 1.621784 0.968628 46.500000 65.500000 0.000000 4 1 43
0.822538 1.621784 0.968628 47.500000 65.500000 0.000000 4 1 43
0.822538 1.621784 0.968628 48.500000 65.500000 0.000000 4 1 43
0.822538 1.621784 0.968628 49.500000 65.500000 0.000000 4 1 43
0.822538 1.621784 0.968628 50.500000 65.500000 0.000000 4 1 43
0.822538 1.621784 0.968628 51.500000 65.500000 0.000000 4 1 43
0.822538 1.621784 0.968628 52.500000 65.500000 0.000000 4 1 43
4.932389 1.483221 0.152955 53.500000 65.500000 0.000000 0 1 43
4.932389 1.483221 0.152955 54.500000 65.500000 0.000000 0 1 43
4.932389 1.483221 0.152955 55.500000 65.500000 0.000000 0 1 43
4.932389 1.483221 0.152955 56.500000 65.500000 0.000000 0 1 43
4.932389 1.483221 0.152955 57.500000 65.500000 0.000000 0 1 43
4.932389 1.483221 0.152955 58.500000 65.500000 0.000000 0 1 43
5.173207 1.026998 3.613387 59.500000 65.500000 0.000000 2 1 43
5.173207 1.026998 3.613387 60.500000 65.500000 0.000000 2 1 43
5.173207 1.026998 3.613387 61.500000 65.500000 0.000000 2 1 43
5.173207 1.026998 3.613387 62.500000 65.500000 0.000000 2 1 43
5.173207 1.026998 3.613387 63.500000 65.500000 0.000000 2 1 43
5.173207 1.026998 3.613387 64.500000 65.500000 0.000000 2 1 43
5.173207 1.026998 3.613387 65.500000 65.500000 0.000000 2 1 43
5.173207 1.026998 3.613387 66.500000 65.500000 0.000000 2 1 43
5.173207 1.026998 3.613387 67.500000 65.500000 0.000000 2 1 43
5.173207 1.026998 3.613387 68.500000 65.500000 0.000000 2 1 43
5.173207 1.026998 3.613387 69.500000 65.500000 0.000000 2 1 43
5.173207 1.026998 3.613387 70.500000 65.500000 0.000000 2 1 43
5.173207 1.026998 3.613387 71.500000 65.500000 0.000000 2 1 43
5.173207 1.026998 3.613387 72.500000 65.500000 0.000000 2 1 43
5.173207 1.026998 3.613387 73.500000 65.500000 0.000000 2 1 43
5.173207 1.026998 3.613387 74.500000 65.500000 0.000000 2 1 43
5.173207 1.026998 3.613387 75.500000 65.500000 0.000000 2 1 43
5.173207 1.026998 3.613387 76.500000 65.500000 0.000000 2 1 43
5.173207 1.026998 3.613387 77.500000 65.500000 0.000000 2 1 43
5.173207 1.026998 3.613387 78.500000 65.500000 0.000000 2 1 43
5.173207 1.026998 3.613387 79.500000 65.500000 0.000000 2 1 43
5.173207 1.026998 3.613387 80.500000 65.500000 0.000000 2 1 43
5.173207 1.026998 3.613387 81.500000 65.500000 0.000000 2 1 43
5.173207 1.026998 3.613387 82.500000 65.500000 0.000000 2 1 43
5.173207 1.026998 3.613387 83.500000 65.500000 0.000000 2 1 43
5.173207 1.026998 3.613387 84.500000 65.500000 0.000000 2 1 43
5.173207 1.026998 3.613387 85.500000 65.500000 0.000000 2 1 43
5.173207 1.026998 3.613387 86.500000 65.500000 0.000000 2 1 43
5.173207 1.026998 3.613387 87.500000 65.500000 0.000000 2 1 43
5.173207 1.026998 3.613387 88.500000 65.500000 0.000000 2 1 43
5.173207 1.026998 3.613387 89.500000 65.500000 0.000000 2 1 43
5.173207 1.026998 3.613387 90.500000 65.500000 0.000000 2 1 43
5.173207 1.026998 3.613387 91.500000 65.500000 0.000000 2 1 43
5.173207 1.026998 3.613387 92.500000 65.500000 0.000000 2 1 43
5.173207 1.026998 3.613387 93.500000 65.500000 0.000000 2 1 43
5.173207 1.026998 3.613387 94.500000 65.500000 0.000000 2 1 43
5.173207 1.026998 3.613387 95.500000 65.500000 0.000000 2 1 43
5.173207 1.026998 3.613387 96.500000 65.500000 0.000000 2 1 43
5.173207 1.026998 3.613387 97.500000 65.500000 0.000000 2 1 43
5.173207 1.026998 3.613387 98.500000 65.500000 0.000000 2 1 43
5.173207 1.026998 3.613387 99.500000 65.500000 0.000000 2 1 43
4.801245 1.676940 0.760133 0.500000 66.500000 0.000000 6 1 43
4.801245 1.676940 0.760133 1.500000 66.500000 0.000000 6 1 43
4.801245 1.676940 0.760133 2.500000 66.500000 0.000000 6 1 43
4.801245 1.676940 0.760133 3.500000 66.500000 0.000000 6 1 43
4.801245 1.676940 0.760133 4.500000 66.500000 0.000000 6 1 43
4.801245 1.676940 0.760133 5.500000 66.500000 0.000000 6 1 43
4.801245 1.676940 0.760133 6.500000 66.500000 0.000000 6 1 43
4.801245 1.676940 0.760133 7.500000 66.500000 0.000000 6 1 43
4.801245 1.676940 0.760133 8.500000 66.500000 0.000000 6 1 43
4.801245 1.676940 0.760133 9.500000 66.500000 0.000000 6 1 43
4.801245 1.676940 0.760133 10.500000 66.500000 0.000000 6 1 43
4.801245 1.676940 0.760133 11.500000 66.500000 0.000000 6 1 43
4.801245 1.676940 0.760133 12.500000 66.500000 0.000000 6 1 43
4.801245 1.676940 0.760133 13.500000 66.500000 0.000000 6 1 43
4.801245 1.676940 0.760133 14.500000 66.500000 0.000000 6 1 43
4.801245 1.676940 0.760133 15.500000 66.500000 0.000000 6 1 43
4.801245 1.676940 0.760133 16.500000 66.500000 0.000000 6 1 43
4.801245 1.676940 0.760133 17.500000 66.500000 0.000000 6 1 43
4.801245 1.676940 0.760133 18.500000 66.500000 0.000000 6 1 43
4.801245 1.676940 0.760133 19.500000 66.500000 0.000000 6 1 43
4.801245 1.676940 0.760133 20.500000 66.500000 0.000000 6 1 43
4.801245 1.676940 0.760133 21.500000 66.500000 0.000000 6 1 43
4.801245 1.676940 0.760133 22.500000 66.500000 0.000000 6 1 43
0.822538 1.621784 0.968628 23.500000 66.500000 0.000000 4 1 43
0.822538 1.621784 0.968628 24.500000 66.500000 0.000000 4 1 43
0.822538 1.621784 0.968628 25.500000 66.500000 0.000000 4 1 43
0.822538 1.621784 0.968628 26.500000 66.500000 0.000000 4 1 43
0.822538 1.621784 0.968628 27.500000 66.500000 0.000000 4 1 43
0.822538 1.621784 0.968628 28.500000 66.500000 0.000000 4 1 43
0.822538 1.621784 0.968628 29.500000 66.500000 0.000000 4 1 43
0.822538 1.621784 0.968628 30.500000 66.500000 0.000000 4 1 43
0.822538 1.621784 0.968628 31.500000 66.500000 0.000000 4 1 43
0.822538 1.621784 0.968628 32.500000 66.500000 0.000000 4 1 43
0.822538 1.621784 0.968628 33.500000 66.500000 0.000000 4 1 43
0.822538 1.621784 0.968628 34.500000 66.500000 0.000000 4 1 43
0.822538 1.621784 0.968628 35.500000 66.500000 0.000000 4 1 43
0.822538 1.621784 0.968628 36.500000 66.500000 0.000000 4 1 43
0.822538 1.621784 0.968628 37.500000 66.500000 0.000000 4 1 43
0.822538 1.621784 0.968628 38.500000 66.500000 0.000000 4 1 43
0.822538 1.621784 0.968628 39.500000 66.500000 0.000000 4 1 43
0.822538 1.621784 0.968628 40.500000 66.500000 0.000000 4 1 43
0.822538 1.621784 0.968628 41.500000 66.500000 0.000000 4 1 43
0.822538 1.621784 0.968628 42.500000 66.500000 0.000000 4 1 43
0.822538 1.621784 0.968628 43.500000 66.500000 0.000000 4 1 43
0.822538 1.621784 0.968628 44.500000 66.500000 0.000000 4 1 43
0.822538 1.621784 0.968628 45.500000 66.500000 0.000000 4 1 43
0.822538 1.621784 0.968628 46.500000 66.500000 0.000000 4 1 43
0.822538 1.621784 0.968628 47.500000 66.500000 0.000000 4 1 43
0.822538 1.621784 0.968628 48.500000 66.500000 0.000000 4 1 43
0.822538 1.621784 0.968628 49.500000 66.500000 0.000000 4 1 43
0.822538 1.621784 0.968628 50.500000 66.500000 0.000000 4 1 43
0.822538 1.621784 0.968628 51.500000 66.500000 0.000000 4 1 43
0.822538 1.621784 0.968628 52.500000 66.500000 0.000000 4 1 43
4.932389 1.483221 0.152955 53.500000 66.500000 0.000000 0 1 43
4.932389 1.483221 0.152955 54.500000 66.500000 0.000000 0 1 43
4.932389 1.483221 0.152955 55.500000 66.500000 0.000000 0 1 43
4.932389 1.483221 0.152955 56.500000 66.500000 0.000000 0 1 43
4.932389 1.483221 0.152955 57.500000 66.500000 0.000000 0 1 43
4.932389 1.483221 0.152955 58.500000 66.500000 0.000000 0 1 43
4.932389 1.483221 0.152955 59.500000 66.500000 0.000000 0 1 43
5.173207 1.026998 3.613387 60.500000 66.500000 0.000000 2 1 43
5.173207 1.026998 3.613387 61.500000 66.500000 0.000000 2 1 43
5.173207 1.026998 3.613387 62.500000 66.500000 0.000000 2 1 43
5.173207 1.026998 3.613387 63.500000 66.500000 0.000000 2 1 43
5.173207 1.026998 3.613387 64.500000 66.500000 0.000000 2 1 43
5.173207 1.026998 3.613387 65.500000 66.500000 0.000000 2 1 43
5.173207 1.026998 3.613387 66.500000 66.500000 0.000000 2 1 43
5.173207 1.026998 3.613387 67.500000 66.500000 0.000000 2 1 43
5.173207 1.026998 3.613387 68.500000 66.500000 0.000000 2 1 43
5.173207 1.026998 3.613387 69.500000 66.500000 0.000000 2 1 43
5.173207 1.026998 3.613387 70.500000 66.500000 0.000000 2 1 43
5.173207 1.026998 3.613387 71.500000 66.500000 0.000000 2 1 43
5.173207 1.026998 3.613387 72.500000 66.500000 0.000000 2 1 43
5.173207 1.026998 3.613387 73.500000 66.500000 0.000000 2 1 43
5.173207 1.026998 3.613387 74.500000 66.500000 0.000000 2 1 43
5.173207 1.026998 3.613387 75.500000 66.500000 0.000000 2 1 43
5.173207 1.026998 3.613387 76.500000 66.500000 0.000000 2 1 43
5.173207 1.026998 3.613387 77.500000 66.500000 0.000000 2 1 43
5.173207 1.026998 3.613387 78.500000 66.500000 0.000000 2 1 43
5.173207 1.026998 3.613387 79.500000 66.500000 0.000000 2 1 43
5.173207 1.026998 3.613387 80.500000 66.500000 0.000000 2 1 43
5.173207 1.026998 3.613387 81.500000 66.500000 0.000000 2 1 43
5.173207 1.026998 3.613387 82.500000 66.500000 0.000000 2 1 43
5.173207 1.026998 3.613387 83.500000 66.500000 0.000000 2 1 43
5.173207 1.026998 3.613387 84.500000 66.500000 0.000000 2 1 43
5.173207 1.026998 3.613387 85.500000 66.500000 0.000000 2 1 43
5.173207 1.026998 3.613387 86.500000 66.500000 0.000000 2 1 43
5.173207 1.026998 3.613387 87.500000 66.500000 0.000000 2 1 43
5.173207 1.026998 3.613387 88.500000 66.500000 0.000000 2 1 43
5.173207 1.026998 3.613387 89.500000 66.500000 0.000000 2 1 43
5.173207 1.026998 3.613387 90.500000 66.500000 0.000000 2 1 43
5.173207 1.026998 3.613387 91.500000 66.500000 0.000000 2 1 43
5.173207 1.026998 3.613387 92.500000 66.500000 0.000000 2 1 43
5.173207 1.026998 3.613387 93.500000 66.500000 0.000000 2 1 43
5.173207 1.026998 3.613387 94.500000 66.500000 0.000000 2 1 43
5.173207 1.026998 3.613387 95.500000 66.500000 0.000000 2 1 43
5.173207 1.026998 3.613387 96.500000 66.500000 0.000000 2 1 43
5.173207 1.026998 3.613387 97.500000 66.500000 0.000000 2 1 43
5.173207 1.026998 3.613387 98.500000 66.500000 0.000000 2 1 43
5.173207 1.026998 3.613387 99.500000 66.500000 0.000000 2 1 43
4.801245 1.676940 0.760133 0.500000 67.500000 0.000000 6 1 43
4.801245 1.676940 0.760133 1.500000 67.500000 0.000000 6 1 43
4.801245 1.676940 0.760133 2.500000 67.500000 0.000000 6 1 43
4.801245 1.676940 0.760133 3.500000 67.500000 0.000000 6 1 43
4.801245 1.676940 0.760133 4.500000 67.500000 0.000000 6 1 43
4.801245 1.676940 0.760133 5.500000 67.500000 0.000000 6 1 43
4.801245 1.676940 0.760133 6.500000 67.500000 0.000000 6 1 43
4.801245 1.676940 0.760133 7.500000 67.500000 0.000000 6 1 43
4.801245 1.676940 0.760133 8.500000 67.500000 0.000000 6 1 43
4.801245 1.676940 0.760133 9.500000 67.500000 0.000000 6 1 43
4.801245 1.676940 0.760133 10.500000 67.500000 0.000000 6 1 43
4.801245 1.676940 0.760133 11.500000 67.500000 0.000000 6 1 43
4.801245 1.676940 0.760133 12.500000 67.500000 0.000000 6 1 43
4.801245 1.676940 0.760133 13.500000 67.500000 0.000000 6 1 43
4.801245 1.676940 0.760133 14.500000 67.500000 0.000000 6 1 43
4.801245 1.676940 0.760133 15.500000 67.500000 0.000000 6 1 43
4.801245 1.676940 0.760133 16.500000 67.500000 0.000000 6 1 43
4.801245 1.676940 0.760133 17.500000 67.500000 0.000000 6 1 43
4.801245 1.676940 0.760133 18.500000 67.500000 0.000000 6 1 43
4.801245 1.676940 0.760133 19.500000 67.500000 0.000000 6 1 43
4.801245 1.676940 0.760133 20.500000 67.500000 0.000000 6 1 43
0.822538 1.621784 0.968628 21.500000 67.500000 0.000000 4 1 43
0.822538 1.621784 0.968628 22.500000 67.500000 0.000000 4 1 43
0.822538 1.621784 0.968628 23.500000 67.500000 0.000000 4 1 43
0.822538 1.621784 0.968628 24.500000 67.500000 0.000000 4 1 43
0.822538 1.621784 0.968628 25.500000 67.500000 0.000000 4 1 43
0.822538 1.621784 0.968628 26.500000 67.500000 0.000000 4 1 43
0.822538 1.621784 0.968628 27.500000 67.500000 0.000000 4 1 43
0.822538 1.621784 0.968628 28.500000 67.500000 0.000000 4 1 43
0.822538 1.621784 0.968628 29.500000 67.500000 0.000000 4 1 43
0.822538 1.621784 0.968628 30.500000 67.500000 0.000000 4 1 43
0.822538 1.621784 0.968628 31.500000 67.500000 0.000000 4 1 43
0.822538 1.621784 0.968628 32.500000 67.500000 0.000000 4 1 43
0.822538 1.621784 0.968628 33.500000 67.500000 0.000000 4 1 43
0.822538 1.621784 0.968628 34.500000 67.500000 0.000000 4 1 43
0.822538 1.621784 0.968628 35.500000 67.500000 0.000000 4 1 43
0.822538 1.621784 0.968628 36.500000 67.500000 0.000000 4 1 43
0.822538 1.621784 0.968628 37.500000 67.500000 0.000000 4 1 43
0.822538 1.621784 0.968628 38.500000 67.500000 0.000000 4 1 43
0.822538 1.621784 0.968628 39.500000 67.500000 0.000000 4 1 43
0.822538 1.621784 0.968628 40.500000 67.500000 0.000000 4 1 43
0.822538 1.621784 0.968628 41.500000 67.500000 0.000000 4 1 43
0.822538 1.621784 0.968628 42.500000 67.500000 0.000000 4 1 43
0.822538 1.621784 0.968628 43.500000 67.500000 0.000000 4 1 43
0.822538 1.621784 0.968628 44.500000 67.500000 0.000000 4 1 43
0.822538 1.621784 0.968628 45.500000 67.500000 0.000000 4 1 43
0.822538 1.621784 0.968628 46.500000 67.500000 0.000000 4 1 43
0.822538 1.621784 0.968628 47.500000 67.500000 0.000000 4 1 43
0.822538 1.621784 0.968628 48.500000 67.500000 0.000000 4 1 43
0.822538 1.621784 0.968628 49.500000 67.500000 0.000000 4 1 43
0.822538 1.621784 0.968628 50.500000 67.500000 0.000000 4 1 43
0.822538 1.621784 0.968628 51.500000 67.500000 0.000000 4 1 43
0.822538 1.621784 0.968628 52.500000 67.500000 0.000000 4 1 43
4.932389 1.483221 0.152955 53.500000 67.500000 0.000000 0 1 43
4.932389 1.483221 0.152955 54.500000 67.500000 0.000000 0 1 43
4.932389 1.483221 0.152955 55.500000 67.500000 0.000000 0 1 43
4.932389 1.483221 0.152955 56.500000 67.500000 0.000000 0 1 43
4.932389 1.483221 0.152955 57.500000 67.500000 0.000000 0 1 43
4.932389 1.483221 0.152955 58.500000 67.500000 0.000000 0 1 43
4.932389 1.483221 0.152955 59.500000 67.500000 0.000000 0 1 43
4.932389 1.483221 0.152955 60.500000 67.500000 0.000000 0 1 43
5.173207 1.026998 3.613387 61.500000 67.500000 0.000000 2 1 43
5.173207 1.026998 3.613387 62.500000 67.500000 0.000000 2 1 43
5.173207 1.026998 3.613387 63.500000 67.500000 0.000000 2 1 43
5.173207 1.026998 3.613387 64.500000 67.500000 0.000000 2 1 43
5.173207 1.026998 3.613387 65.500000 67.500000 0.000000 2 1 43
5.173207 1.026998 3.613387 66.500000 67.500000 0.000000 2 1 43
5.173207 1.026998 3.613387 67.500000 67.500000 0.000000 2 1 43
5.173207 1.026998 3.613387 68.500000 67.500000 0.000000 2 1 43
5.173207 1.026998 3.613387 69.500000 67.500000 0.000000 2 1 43
5.173207 1.026998 3.613387 70.500000 67.500000 0.000000 2 1 43
5.173207 1.026998 3.613387 71.500000 67.500000 0.000000 2 1 43
5.173207 1.026998 3.613387 72.500000 67.500000 0.000000 2 1 43
5.173207 1.026998 3.613387 73.500000 67.500000 0.000000 2 1 43
5.173207 1.026998 3.613387 74.500000 67.500000 0.000000 2 1 43
5.173207 1.026998 3.613387 75.500000 67.500000 0.000000 2 1 43
5.173207 1.026998 3.613387 76.500000 67.500000 0.000000 2 1 43
5.173207 1.026998 3.613387 77.500000 67.500000 0.000000 2 1 43
5.173207 1.026998 3.613387 78.500000 67.500000 0.000000 2 1 43
5.173207 1.026998 3.613387 79.500000 67.500000 0.000000 2 1 43
5.173207 1.026998 3.613387 80.500000 67.500000 0.000000 2 1 43
5.173207 1.026998 3.613387 81.500000 67.500000 0.000000 2 1 43
5.173207 1.026998 3.613387 82.500000 67.500000 0.000000 2 1 43
5.173207 1.026998 3.613387 83.500000 67.500000 0.000000 2 1 43
5.173207 1.026998 3.613387 84.500000 67.500000 0.000000 2 1 43
5.173207 1.026998 3.613387 85.500000 67.500000 0.000000 2 1 43
5.173207 1.026998 3.613387 86.500000 67.500000 0.000000 2 1 43
5.173207 1.026998 3.613387 87.500000 67.500000 0.000000 2 1 43
5.173207 1.026998 3.613387 88.500000 67.500000 0.000000 2 1 43
5.173207 1.026998 3.613387 89.500000 67.500000 0.000000 2 1 43
5.173207 1.026998 3.613387 90.500000 67.500000 0.000000 2 1 43
5.173207 1.026998 3.613387 91.500000 67.500000 0.000000 2 1 43
5.173207 1.026998 3.613387 92.500000 67.500000 0.000000 2 1 43
5.173207 1.026998 3.613387 93.500000 67.500000 0.000000 2 1 43
5.173207 1.026998 3.613387 94.500000 67.500000 0.000000 2 1 43
5.173207 1.026998 3.613387 95.500000 67.500000 0.000000 2 1 43
5.173207 1.026998 3.613387 96.500000 67.500000 0.000000 2 1 43
5.173207 1.026998 3.613387 97.500000 67.500000 0.000000 2 1 43
5.173207 1.026998 3.613387 98.500000 67.500000 0.000000 2 1 43
5.173207 1.026998 3.613387 99.500000 67.500000 0.000000 2 1 43
4.801245 1.676940 0.760133 0.500000 68.500000 0.000000 6 1 43
4.801245 1.676940 0.760133 1.500000 68.500000 0.000000 6 1 43
4.801245 1.676940 0.760133 2.500000 68.500000 0.000000 6 1 43
4.801245 1.676940 0.760133 3.500000 68.500000 0.000000 6 1 43
4.801245 1.676940 0.760133 4.500000 68.500000 0.000000 6 1 43
4.801245 1.676940 0.760133 5.500000 68.500000 0.000000 6 1 43
4.801245 1.676940 0.760133 6.500000 68.500000 0.000000 6 1 43
4.801245 1.676940 0.760133 7.500000 68.500000 0.000000 6 1 43
4.801245 1.676940 0.760133 8.500000 68.500000 0.000000 6 1 43
4.801245 1.676940 0.760133 9.500000 68.500000 0.000000 6 1 43
4.801245 1.676940 0.760133 10.500000 68.500000 0.000000 6 1 43
4.801245 1.676940 0.760133 11.500000 68.500000 0.000000 6 1 43
4.801245 1.676940 0.760133 12.500000 68.500000 0.000000 6 1 43
4.801245 1.676940 0.760133 13.500000 68.500000 0.000000 6 1 43
4.801245 1.676940 0.760133 14.500000 68.500000 0.000000 6 1 43
4.801245 1.676940 0.760133 15.500000 68.500000 0.000000 6 1 43
4.801245 1.676940 0.760133 16.500000 68.500000 0.000000 6 1 43
4.801245 1.676940 0.760133 17.500000 68.500000 0.000000 6 1 43
4.801245 1.676940 0.760133 18.500000 68.500000 0.000000 6 1 43
0.822538 1.621784 0.968628 19.500000 68.500000 0.000000 4 1 43
0.822538 1.621784 0.968628 20.500000 68.500000 0.000000 4 1 43
0.822538 1.621784 0.968628 21.500000 68.500000 0.000000 4 1 43
0.822538 1.621784 0.968628 22.500000 68.500000 0.000000 4 1 43
0.822538 1.621784 0.968628 23.500000 68.500000 0.000000 4 1 43
0.822538 1.621784 0.968628 24.500000 68.500000 0.000000 4 1 43
0.822538 1.621784 0.968628 25.500000 68.500000 0.000000 4 1 43
0.822538 1.621784 0.968628 26.500000 68.500000 0.000000 4 1 43
0.822538 1.621784 0.968628 27.500000 68.500000 0.000000 4 1 43
0.822538 1.621784 0.968628 28.500000 68.500000 0.000000 4 1 43
0.822538 1.621784 0.968628 29.500000 68.500000 0.000000 4 1 43
0.822538 1.621784 0.968628 30.500000 68.500000 0.000000 4 1 43
0.822538 1.621784 0.968628 31.500000 68.500000 0.000000 4 1 43
0.822538 1.621784 0.968628 32.500000 68.500000 0.000000 4 1 43
0.822538 1.621784 0.968628 33.500000 68.500000 0.000000 4 1 43
0.822538 1.621784 0.968628 34.500000 68.500000 0.000000 4 1 43
0.822538 1.621784 0.968628 35.500000 68.500000 0.000000 4 1 43
0.822538 1.621784 0.968628 36.500000 68.500000 0.000000 4 1 43
0.822538 1.621784 0.968628 37.500000 68.500000 0.000000 4 1 43
0.822538 1.621784 0.968628 38.500000 68.500000 0.000000 4 1 43
0.822538 1.621784 0.968628 39.500000 68.500000 0.000000 4 1 43
0.822538 1.621784 0.968628 40.500000 68.500000 0.000000 4 1 43
0.822538 1.621784 0.968628 41.500000 68.500000 0.000000 4 1 43
0.822538 1.621784 0.968628 42.500000 68.500000 0.000000 4 1 43
0.822538 1.621784 0.968628 43.500000 68.500000 0.000000 4 1 43
0.822538 1.621784 0.968628 44.500000 68.500000 0.000000 4 1 43
0.822538 1.621784 0.968628 45.500000 68.500000 0.000000 4 1 43
0.822538 1.621784 0.968628 46.500000 68.500000 0.000000 4 1 43
0.822538 1.621784 0.968628 47.500000 68.500000 0.000000 4 1 43
0.822538 1.621784 0.968628 48.500000 68.500000 0.000000 4 1 43
0.822538 1.621784 0.968628 49.500000 68.500000 0.000000 4 1 43
0.822538 1.621784 0.968628 50.500000 68.500000 0.000000 4 1 43
0.822538 1.621784 0.968628 51.500000 68.500000 0.000000 4 1 43
0.822538 1.621784 0.968628 52.500000 68.500000 0.000000 4 1 43
4.932389 1.483221 0.152955 53.500000 68.500000 0.000000 0 1 43
4.932389 1.483221 0.152955 54.500000 68.500000 0.000000 0 1 43
4.932389 1.483221 0.152955 55.500000 68.500000 0.000000 0 1 43
4.932389 1.483221 0.152955 56.500000 68.500000 0.000000 0 1 43
4.932389 1.483221 0.152955 57.500000 68.500000 0.000000 0 1 43
4.932389 1.483221 0.152955 58.500000 68.500000 0.000000 0 1 43
4.932389 1.483221 0.152955 59.500000 68.500000 0.000000 0 1 43
4.932389 1.483221 0.152955 60.500000 68.500000 0.000000 0 1 43
4.932389 1.483221 0.152955 61.500000 68.500000 0.000000 0 1 43
5.173207 1.026998 3.613387 62.500000 68.500000 0.000000 2 1 43
5.173207 1.026998 3.613387 63.500000 68.500000 0.000000 2 1 43
5.173207 1.026998 3.613387 64.500000 68.500000 0.000000 2 1 43
5.173207 1.026998 3.613387 65.500000 68.500000 0.000000 2 1 43
5.173207 1.026998 3.613387 66.500000 68.500000 0.000000 2 1 43
5.173207 1.026998 3.613387 67.500000 68.500000 0.000000 2 1 43
5.173207 1.026998 3.613387 68.500000 68.500000 0.000000 2 1 43
5.173207 1.026998 3.613387 69.500000 68.500000 0.000000 2 1 43
5.173207 1.026998 3.613387 70.500000 68.500000 0.000000 2 1 43
5.173207 1.026998 3.613387 71.500000 68.500000 0.000000 2 1 43
5.173207 1.026998 3.613387 72.500000 68.500000 0.000000 2 1 43
5.173207 1.026998 3.613387 73.500000 68.500000 0.000000 2 1 43
5.173207 1.026998 3.613387 74.500000 68.500000 0.000000 2 1 43
5.173207 1.026998 3.613387 75.500000 68.500000 0.000000 2 1 43
5.173207 1.026998 3.613387 76.500000 68.500000 0.000000 2 1 43
5.173207 1.026998 3.613387 77.500000 68.500000 0.000000 2 1 43
5.173207 1.026998 3.613387 78.500000 68.500000 0.000000 2 1 43
5.173207 1.026998 3.613387 79.500000 68.500000 0.000000 2 1 43
5.173207 1.026998 3.613387 80.500000 68.500000 0.000000 2 1 43
5.173207 1.026998 3.613387 81.500000 68.500000 0.000000 2 1 43
5.173207 1.026998 3.613387 82.500000 68.500000 0.000000 2 1 43
5.173207 1.026998 3.613387 83.500000 68.500000 0.000000 2 1 43
5.173207 1.026998 3.613387 84.500000 68.500000 0.000000 2 1 43
5.173207 1.026998 3.613387 85.500000 68.500000 0.000000 2 1 43
5.173207 1.026998 3.613387 86.500000 68.500000 0.000000 2 1 43
5.173207 1.026998 3.613387 87.500000 68.500000 0.000000 2 1 43
5.173207 1.026998 3.613387 88.500000 68.500000 0.000000 2 1 43
5.173207 1.026998 3.613387 89.500000 68.500000 0.000000 2 1 43
5.173207 1.026998 3.613387 90.500000 68.500000 0.000000 2 1 43
5.173207 1.026998 3.613387 91.500000 68.500000 0.000000 2 1 43
5.173207 1.026998 3.613387 92.500000 68.500000 0.000000 2 1 43
5.173207 1.026998 3.613387 93.500000 68.500000 0.000000 2 1 43
5.173207 1.026998 3.613387 94.500000 68.500000 0.000000 2 1 43
5.173207 1.026998 3.613387 95.500000 68.500000 0.000000 2 1 43
5.173207 1.026998 3.613387 96.500000 68.500000 0.000000 2 1 43
5.173207 1.026998 3.613387 97.500000 68.500000 0.000000 2 1 43
5.173207 1.026998 3.613387 98.500000 68.500000 0.000000 2 1 43
5.173207 1.026998 3.613387 99.500000 68.500000 0.000000 2 1 43
0.822538 1.621784 0.968628 0.500000 69.500000 0.000000 4 1 43
0.822538 1.621784 0.968628 1.500000 69.500000 0.000000 4 1 43
0.822538 1.621784 0.968628 2.500000 69.500000 0.000000 4 1 43
0.822538 1.621784 0.968628 3.500000 69.500000 0.000000 4 1 43
0.822538 1.621784 0.968628 4.500000 69.500000 0.000000 4 1 43
0.822538 1.621784 0.968628 5.500000 69.500000 0.000000 4 1 43
0.822538 1.621784 0.968628 6.500000 69.500000 0.000000 4 1 43
0.822538 1.621784 0.968628 7.500000 69.500000 0.000000 4 1 43
0.822538 1.621784 0.968628 8.500000 69.500000 0.000000 4 1 43
0.822538 1.621784 0.968628 9.500000 69.500000 0.000000 4 1 43
0.822538 1.621784 0.968628 10.500000 69.500000 0.000000 4 1 43
0.822538 1.621784 0.968628 11.500000 69.500000 0.000000 4 1 43
0.822538 1.621784 0.968628 12.500000 69.500000 0.000000 4 1 43
0.822538 1.621784 0.968628 13.500000 69.500000 0.000000 4 1 43
0.822538 1.621784 0.968628 14.500000 69.500000 0.000000 4 1 43
0.822538 1.621784 0.968628 15.500000 69.500000 0.000000 4 1 43
0.822538 1.621784 0.968628 16.500000 69.500000 0.000000 4 1 43
0.822538 1.621784 0.968628 17.500000 69.500000 0.000000 4 1 43
0.822538 1.621784 0.968628 18.500000 69.500000 0.000000 4 1 43
0.822538 1.621784 0.968628 19.500000 69.500000 0.000000 4 1 43
0.822538 1.621784 0.968628 20.500000 69.500000 0.000000 4 1 43
0.822538 1.621784 0.968628 21.500000 69.500000 0.000000 4 1 43
0.822538 1.621784 0.968628 22.500000 69.500000 0.000000 4 1 43
0.822538 1.621784 0.968628 23.500000 69.500000 0.000000 4 1 43
0.822538 1.621784 0.968628 24.500000 69.500000 0.000000 4 1 43
0.822538 1.621784 0.968628 25.500000 69.500000 0.000000 4 1 43
0.822538 1.621784 0.968628 26.500000 69.500000 0.000000 4 1 43
0.822538 1.621784 0.968628 27.500000 69.500000 0.000000 4 1 43
0.822538 1.621784 0.968628 28.500000 69.500000 0.000000 4 1 43
0.822538 1.621784 0.968628 29.500000 69.500000 0.000000 4 1 43
0.822538 1.621784 0.968628 30.500000 69.500000 0.000000 4 1 43
0.822538 1.621784 0.968628 31.500000 69.500000 0.000000 4 1 43
0.822538 1.621784 0.968628 32.500000 69.500000 0.000000 4 1 43
0.822538 1.621784 0.968628 33.500000 69.500000 0.000000 4 1 43
0.822538 1.621784 0.968628 34.500000 69.500000 0.000000 4 1 43
0.822538 1.621784 0.968628 35.500000 69.500000 0.000000 4 1 43
0.822538 1.621784 0.968628 36.500000 69.500000 0.000000 4 1 43
0.822538 1.621784 0.968628 37.500000 69.500000 0.000000 4 1 43
0.822538 1.621784 0.968628 38.500000 69.500000 0.000000 4 1 43
0.822538 1.621784 0.968628 39.500000 69.500000 0.000000 4 1 43
0.822538 1.621784 0.968628 40.500000 69.500000 0.000000 4 1 43
0.822538 1.621784 0.968628 41.500000 69.500000 0.000000 4 1 43
0.822538 1.621784 0.968628 42.500000 69.500000 0.000000 4 1 43
0.822538 1.621784 0.968628 43.500000 69.500000 0.000000 4 1 43
0.822538 1.621784 0.968628 44.500000 69.500000 0.000000 4 1 43
0.822538 1.621784 0.968628 45.500000 69.500000 0.000000 4 1 43
0.822538 1.621784 0.968628 46.500000 69.500000 0.000000 4 1 43
0.822538 1.621784 0.968628 47.500000 69.500000 0.000000 4 1 43
0.822538 1.621784 0.968628 48.500000 69.500000 0.000000 4 1 43
0.822538 1.621784 0.968628 49.500000 69.500000 0.000000 4 1 43
0.822538 1.621784 0.968628 50.500000 69.500000 0.000000 4 1 43
0.822538 1.621784 0.968628 51.500000 69.500000 0.000000 4 1 43
0.822538 1.621784 0.968628 52.500000 69.500000 0.000000 4 1 43
4.932389 1.483221 0.152955 53.500000 69.500000 0.000000 0 1 43
4.932389 1.483221 0.152955 54.500000 69.500000 0.000000 0 1 43
4.932389 1.483221 0.152955 55.500000 69.500000 0.000000 0 1 43
4.932389 1.483221 0.152955 56.500000 69.500000 0.000000 0 1 43
4.932389 1.483221 0.152955 57.500000 69.500000 0.000000 0 1 43
4.932389 1.483221 0.152955 58.500000 69.500000 0.000000 0 1 43
4.932389 1.483221 0.152955 59.500000 69.500000 0.000000 0 1 43
4.932389 1.483221 0.152955 60.500000 69.500000 0.000000 0 1 43
4.932389 1.483221 0.152955 61.500000 69.500000 0.000000 0 1 43
4.932389 1.483221 0.152955 62.500000 69.500000 0.000000 0 1 43
5.173207 1.026998 3.613387 63.500000 69.500000 0.000000 2 1 43
5.173207 1.026998 3.613387 64.500000 69.500000 0.000000 2 1 43
5.173207 1.026998 3.613387 65.500000 69.500000 0.000000 2 1 43
5.173207 1.026998 3.613387 66.500000 69.500000 0.000000 2 1 43
5.173207 1.026998 3.613387 67.500000 69.500000 0.000000 2 1 43
5.173207 1.026998 3.613387 68.500000 69.500000 0.000000 2 1 43
5.173207 1.026998 3.613387 69.500000 69.500000 0.000000 2 1 43
5.173207 1.026998 3.613387 70.500000 69.500000 0.000000 2 1 43
5.173207 1.026998 3.613387 71.500000 69.500000 0.000000 2 1 43
5.173207 1.026998 3.613387 72.500000 69.500000 0.000000 2 1 43
5.173207 1.026998 3.613387 73.500000 69.500000 0.000000 2 1 43
5.173207 1.026998 3.613387 74.500000 69.500000 0.000000 2 1 43
5.173207 1.026998 3.613387 75.500000 69.500000 0.000000 2 1 43
5.173207 1.026998 3.613387 76.500000 69.500000 0.000000 2 1 43
5.173207 1.026998 3.613387 77.500000 69.500000 0.000000 2 1 43
5.173207 1.026998 3.613387 78.500000 69.500000 0.000000 2 1 43
5.173207 1.026998 3.613387 79.500000 69.500000 0.000000 2 1 43
5.173207 1.026998 3.613387 80.500000 69.500000 0.000000 2 1 43
5.173207 1.026998 3.613387 81.500000 69.500000 0.000000 2 1 43
5.173207 1.026998 3.613387 82.500000 69.500000 0.000000 2 1 43
5.173207 1.026998 3.613387 83.500000 69.500000 0.000000 2 1 43
5.173207 1.026998 3.613387 84.500000 69.500000 0.000000 2 1 43
5.173207 1.026998 3.613387 85.500000 69.500000 0.000000 2 1 43
5.173207 1.026998 3.613387 86.500000 69.500000 0.000000 2 1 43
5.173207 1.026998 3.613387 87.500000 69.500000 0.000000 2 1 43
5.173207 1.026998 3.613387 88.500000 69.500000 0.000000 2 1 43
5.173207 1.026998 3.613387 89.500000 69.500000 0.000000 2 1 43
5.173207 1.026998 3.613387 90.500000 69.500000 0.000000 2 1 43
5.173207 1.026998 3.613387 91.500000 69.500000 0.000000 2 1 43
5.173207 1.026998 3.613387 92.500000 69.500000 0.000000 2 1 43
5.173207 1.026998 3.613387 93.500000 69.500000 0.000000 2 1 43
5.173207 1.026998 3.613387 94.500000 69.500000 0.000000 2 1 43
5.173207 1.026998 3.613387 95.500000 69.500000 0.000000 2 1 43
5.173207 1.026998 3.613387 96.500000 69.500000 0.000000 2 1 43
5.173207 1.026998 3.613387 97.500000 69.500000 0.000000 2 1 43
5.173207 1.026998 3.613387 98.500000 69.500000 0.000000 2 1 43
5.173207 1.026998 3.613387 99.500000 69.500000 0.000000 2 1 43
0.822538 1.621784 0.968628 0.500000 70.500000 0.000000 4 1 43
0.822538 1.621784 0.968628 1.500000 70.500000 0.000000 4 1 43
0.822538 1.621784 0.968628 2.500000 70.500000 0.000000 4 1 43
0.822538 1.621784 0.968628 3.500000 70.500000 0.000000 4 1 43
0.822538 1.621784 0.968628 4.500000 70.500000 0.000000 4 1 43
0.822538 1.621784 0.968628 5.500000 70.500000 0.000000 4 1 43
0.822538 1.621784 0.968628 6.500000 70.500000 0.000000 4 1 43
0.822538 1.621784 0.968628 7.500000 70.500000 0.000000 4 1 43
0.822538 1.621784 0.968628 8.500000 70.500000 0.000000 4 1 43
0.822538 1.621784 0.968628 9.500000 70.500000 0.000000 4 1 43
0.822538 1.621784 0.968628 10.500000 70.500000 0.000000 4 1 43
0.822538 1.621784 0.968628 11.500000 70.500000 0.000000 4 1 43
0.822538 1.621784 0.968628 12.500000 70.500000 0.000000 4 1 43
0.822538 1.621784 0.968628 13.500000 70.500000 0.000000 4 1 43
0.822538 1.621784 0.968628 14.500000 70.500000 0.000000 4 1 43
0.822538 1.621784 0.968628 15.500000 70.500000 0.000000 4 1 43
0.822538 1.621784 0.968628 16.500000 70.500000 0.000000 4 1 43
0.822538 1.621784 0.968628 17.500000 70.500000 0.000000 4 1 43
0.822538 1.621784 0.968628 18.500000 70.500000 0.000000 4 1 43
0.822538 1.621784 0.968628 19.500000 70.500000 0.000000 4 1 43
0.822538 1.621784 0.968628 20.500000 70.500000 0.000000 4 1 43
0.822538 1.621784 0.968628 21.500000 70.500000 0.000000 4 1 43
0.822538 1.621784 0.968628 22.500000 70.500000 0.000000 4 1 43
0.822538 1.621784 0.968628 23.500000 70.500000 0.000000 4 1 43
0.822538 1.621784 0.968628 24.500000 70.500000 0.000000 4 1 43
0.822538 1.621784 0.968628 25.500000 70.500000 0.000000 4 1 43
0.822538 1.621784 0.968628 26.500000 70.500000 0.000000 4 1 43
0.822538 1.621784 0.968628 27.500000 70.500000 0.000000 4 1 43
0.822538 1.621784 0.968628 28.500000 70.500000 0.000000 4 1 43
0.822538 1.621784 0.968628 29.500000 70.500000 0.000000 4 1 43
0.822538 1.621784 0.968628 30.500000 70.500000 0.000000 4 1 43
0.822538 1.621784 0.968628 31.500000 70.500000 0.000000 4 1 43
0.822538 1.621784 0.968628 32.500000 70.500000 0.000000 4 1 43
0.822538 1.621784 0.968628 33.500000 70.500000 0.000000 4 1 43
0.822538 1.621784 0.968628 34.500000 70.500000 0.000000 4 1 43
0.822538 1.621784 0.968628 35.500000 70.500000 0.000000 4 1 43
0.822538 1.621784 0.968628 36.500000 70.500000 0.000000 4 1 43
0.822538 1.621784 0.968628 37.500000 70.500000 0.000000 4 1 43
0.822538 1.621784 0.968628 38.500000 70.500000 0.000000 4 1 43
0.822538 1.621784 0.968628 39.500000 70.500000 0.000000 4 1 43
0.822538 1.621784 0.968628 40.500000 70.500000 0.000000 4 1 43
0.822538 1.621784 0.968628 41.500000 70.500000 0.000000 4 1 43
0.822538 1.621784 0.968628 42.500000 70.500000 0.000000 4 1 43
0.822538 1.621784 0.968628 43.500000 70.500000 0.000000 4 1 43
0.822538 1.621784 0.968628 44.500000 70.500000 0.000000 4 1 43
0.822538 1.621784 0.968628 45.500000 70.500000 0.000000 4 1 43
0.822538 1.621784 0.968628 46.500000 70.500000 0.000000 4 1 43
0.822538 1.621784 0.968628 47.500000 70.500000 0.000000 4 1 43
0.822538 1.621784 0.968628 48.500000 70.500000 0.000000 4 1 43
0.822538 1.621784 0.968628 49.500000 70.500000 0.000000 4 1 43
0.822538 1.621784 0.968628 50.500000 70.500000 0.000000 4 1 43
0.822538 1.621784 0.968628 51.500000 70.500000 0.000000 4 1 43
0.822538 1.621784 0.968628 52.500000 70.500000 0.000000 4 1 43
4.932389 1.483221 0.152955 53.500000 70.500000 0.000000 0 1 43
4.932389 1.483221 0.152955 54.500000 70.500000 0.000000 0 1 43
4.932389 1.483221 0.152955 55.500000 70.500000 0.000000 0 1 43
4.932389 1.483221 0.152955 56.500000 70.500000 0.000000 0 1 43
4.932389 1.483221 0.152955 57.500000 70.500000 0.000000 0 1 43
4.932389 1.483221 0.152955 58.500000 70.500000 0.000000 0 1 43
4.932389 1.483221 0.152955 59.500000 70.500000 0.000000 0 1 43
4.932389 1.483221 0.152955 60.500000 70.500000 0.000000 0 1 43
4.932389 1.483221 0.152955 61.500000 70.500000 0.000000 0 1 43
4.932389 1.483221 0.152955 62.500000 70.500000 0.000000 0 1 43
4.932389 1.483221 0.152955 63.500000 70.500000 0.000000 0 1 43
5.173207 1.026998 3.613387 64.500000 70.500000 0.000000 2 1 43
5.173207 1.026998 3.613387 65.500000 70.500000 0.000000 2 1 43
5.173207 1.026998 3.613387 66.500000 70.500000 0.000000 2 1 43
5.173207 1.026998 3.613387 67.500000 70.500000 0.000000 2 1 43
5.173207 1.026998 3.613387 68.500000 70.500000 0.000000 2 1 43
5.173207 1.026998 3.613387 69.500000 70.500000 0.000000 2 1 43
5.173207 1.026998 3.613387 70.500000 70.500000 0.000000 2 1 43
5.173207 1.026998 3.613387 71.500000 70.500000 0.000000 2 1 43
5.173207 1.026998 3.613387 72.500000 70.500000 0.000000 2 1 43
5.173207 1.026998 3.613387 73.500000 70.500000 0.000000 2 1 43
5.173207 1.026998 3.613387 74.500000 70.500000 0.000000 2 1 43
5.173207 1.026998 3.613387 75.500000 70.500000 0.000000 2 1 43
5.173207 1.026998 3.613387 76.500000 70.500000 0.000000 2 1 43
5.173207 1.026998 3.613387 77.500000 70.500000 0.000000 2 1 43
5.173207 1.026998 3.613387 78.500000 70.500000 0.000000 2 1 43
5.173207 1.026998 3.613387 79.500000 70.500000 0.000000 2 1 43
5.173207 1.026998 3.613387 80.500000 70.500000 0.000000 2 1 43
5.173207 1.026998 3.613387 81.500000 70.500000 0.000000 2 1 43
5.173207 1.026998 3.613387 82.500000 70.500000 0.000000 2 1 43
5.173207 1.026998 3.613387 83.500000 70.500000 0.000000 2 1 43
5.173207 1.026998 3.613387 84.500000 70.500000 0.000000 2 1 43
5.173207 1.026998 3.613387 85.500000 70.500000 0.000000 2 1 43
5.173207 1.026998 3.613387 86.500000 70.500000 0.000000 2 1 43
5.173207 1.026998 3.613387 87.500000 70.500000 0.000000 2 1 43
5.173207 1.026998 3.613387 88.500000 70.500000 0.000000 2 1 43
5.173207 1.026998 3.613387 89.500000 70.500000 0.000000 2 1 43
5.173207 1.026998 3.613387 90.500000 70.500000 0.000000 2 1 43
5.173207 1.026998 3.613387 91.500000 70.500000 0.000000 2 1 43
5.173207 1.026998 3.613387 92.500000 70.500000 0.000000 2 1 43
5.173207 1.026998 3.613387 93.500000 70.500000 0.000000 2 1 43
5.173207 1.026998 3.613387 94.500000 70.500000 0.000000 2 1 43
5.173207 1.026998 3.613387 95.500000 70.500000 0.000000 2 1 43
5.173207 1.026998 3.613387 96.500000 70.500000 0.000000 2 1 43
5.173207 1.026998 3.613387 97.500000 70.500000 0.000000 2 1 43
5.173207 1.026998 3.613387 98.500000 70.500000 0.000000 2 1 43
5.173207 1.026998 3.613387 99.500000 70.500000 0.000000 2 1 43
0.822538 1.621784 0.968628 0.500000 71.500000 0.000000 4 1 43
0.822538 1.621784 0.968628 1.500000 71.500000 0.000000 4 1 43
0.822538 1.621784 0.968628 2.500000 71.500000 0.000000 4 1 43
0.822538 1.621784 0.968628 3.500000 71.500000 0.000000 4 1 43
0.822538 1.621784 0.968628 4.500000 71.500000 0.000000 4 1 43
0.822538 1.621784 0.968628 5.500000 71.500000 0.000000 4 1 43
0.822538 1.621784 0.968628 6.500000 71.500000 0.000000 4 1 43
0.822538 1.621784 0.968628 7.500000 71.500000 0.000000 4 1 43
0.822538 1.621784 0.968628 8.500000 71.500000 0.000000 4 1 43
0.822538 1.621784 0.968628 9.500000 71.500000 0.000000 4 1 43
0.822538 1.621784 0.968628 10.500000 71.500000 0.000000 4 1 43
0.822538 1.621784 0.968628 11.500000 71.500000 0.000000 4 1 43
0.822538 1.621784 0.968628 12.500000 71.500000 0.000000 4 1 43
0.822538 1.621784 0.968628 13.500000 71.500000 0.000000 4 1 43
0.822538 1.621784 0.968628 14.500000 71.500000 0.000000 4 1 43
0.822538 1.621784 0.968628 15.500000 71.500000 0.000000 4 1 43
0.822538 1.621784 0.968628 16.500000 71.500000 0.000000 4 1 43
0.822538 1.621784 0.968628 17.500000 71.500000 0.000000 4 1 43
0.822538 1.621784 0.968628 18.500000 71.500000 0.000000 4 1 43
0.822538 1.621784 0.968628 19.500000 71.500000 0.000000 4 1 43
0.822538 1.621784 0.968628 20.500000 71.500000 0.000000 4 1 43
0.822538 1.621784 0.968628 21.500000 71.500000 0.000000 4 1 43
0.822538 1.621784 0.968628 22.500000 71.500000 0.000000 4 1 43
0.822538 1.621784 0.968628 23.500000 71.500000 0.000000 4 1 43
0.822538 1.621784 0.968628 24.500000 71.500000 0.000000 4 1 43
0.822538 1.621784 0.968628 25.500000 71.500000 0.000000 4 1 43
0.822538 1.621784 0.968628 26.500000 71.500000 0.000000 4 1 43
0.822538 1.621784 0.968628 27.500000 71.500000 0.000000 4 1 43
0.822538 1.621784 0.968628 28.500000 71.500000 0.000000 4 1 43
0.822538 1.621784 0.968628 29.500000 71.500000 0.000000 4 1 43
0.822538 1.621784 0.968628 30.500000 71.500000 0.000000 4 1 43
0.822538 1.621784 0.968628 31.500000 71.500000 0.000000 4 1 43
0.822538 1.621784 0.968628 32.500000 71.500000 0.000000 4 1 43
0.822538 1.621784 0.968628 33.500000 71.500000 0.000000 4 1 43
0.822538 1.621784 0.968628 34.500000 71.500000 0.000000 4 1 43
0.822538 1.621784 0.968628 35.500000 71.500000 0.000000 4 1 43
0.822538 1.621784 0.968628 36.500000 71.500000 0.000000 4 1 43
0.822538 1.621784 0.968628 37.500000 71.500000 0.000000 4 1 43
0.822538 1.621784 0.968628 38.500000 71.500000 0.000000 4 1 43
0.822538 1.621784 0.968628 39.500000 71.500000 0.000000 4 1 43
0.822538 1.621784 0.968628 40.500000 71.500000 0.000000 4 1 43
0.822538 1.621784 0.968628 41.500000 71.500000 0.000000 4 1 43
0.822538 1.621784 0.968628 42.500000 71.500000 0.000000 4 1 43
0.822538 1.621784 0.968628 43.500000 71.500000 0.000000 4 1 43
0.822538 1.621784 0.968628 44.500000 71.500000 0.000000 4 1 43
0.822538 1.621784 0.968628 45.500000 71.500000 0.000000 4 1 43
0.822538 1.621784 0.968628 46.500000 71.500000 0.000000 4 1 43
0.822538 1.621784 0.968628 47.500000 71.500000 0.000000 4 1 43
0.822538 1.621784 0.968628 48.500000 71.500000 0.000000 4 1 43
0.822538 1.621784 0.968628 49.500000 71.500000 0.000000 4 1 43
0.822538 1.621784 0.968628 50.500000 71.500000 0.000000 4 1 43
0.822538 1.621784 0.968628 51.500000 71.500000 0.000000 4 1 43
0.822538 1.621784 0.968628 52.500000 71.500000 0.000000 4 1 43
4.932389 1.483221 0.152955 53.500000 71.500000 0.000000 0 1 43
4.932389 1.483221 0.152955 54.500000 71.500000 0.000000 0 1 43
4.932389 1.483221 0.152955 55.500000 71.500000 0.000000 0 1 43
4.932389 1.483221 0.152955 56.500000 71.500000 0.000000 0 1 43
4.932389 1.483221 0.152955 57.500000 71.500000 0.000000 0 1 43
4.932389 1.483221 0.152955 58.500000 71.500000 0.000000 0 1 43
4.932389 1.483221 0.152955 59.500000 71.500000 0.000000 0 1 43
4.932389 1.483221 0.152955 60.500000 71.500000 0.000000 0 1 43
4.932389 1.483221 0.152955 61.500000 71.500000 0.000000 0 1 43
4.932389 1.483221 0.152955 62.500000 71.500000 0.000000 0 1 43
4.932389 1.483221 0.152955 63.500000 71.500000 0.000000 0 1 43
4.932389 1.483221 0.152955 64.500000 71.500000 0.000000 0 1 43
5.173207 1.026998 3.613387 65.500000 71.500000 0.000000 2 1 43
5.173207 1.026998 3.613387 66.500000 71.500000 0.000000 2 1 43
5.173207 1.026998 3.613387 67.500000 71.500000 0.000000 2 1 43
5.173207 1.026998 3.613387 68.500000 71.500000 0.000000 2 1 43
5.173207 1.026998 3.613387 69.500000 71.500000 0.000000 2 1 43
5.173207 1.026998 3.613387 70.500000 71.500000 0.000000 2 1 43
5.173207 1.026998 3.613387 71.500000 71.500000 0.000000 2 1 43
5.173207 1.026998 3.613387 72.500000 71.500000 0.000000 2 1 43
5.173207 1.026998 3.613387 73.500000 71.500000 0.000000 2 1 43
5.173207 1.026998 3.613387 74.500000 71.500000 0.000000 2 1 43
5.173207 1.026998 3.613387 75.500000 71.500000 0.000000 2 1 43
5.173207 1.026998 3.613387 76.500000 71.500000 0.000000 2 1 43
5.173207 1.026998 3.613387 77.500000 71.500000 0.000000 2 1 43
5.173207 1.026998 3.613387 78.500000 71.500000 0.000000 2 1 43
5.173207 1.026998 3.613387 79.500000 71.500000 0.000000 2 1 43
5.173207 1.026998 3.613387 80.500000 71.500000 0.000000 2 1 43
5.173207 1.026998 3.613387 81.500000 71.500000 0.000000 2 1 43
5.173207 1.026998 3.613387 82.500000 71.500000 0.000000 2 1 43
5.173207 1.026998 3.613387 83.500000 71.500000 0.000000 2 1 43
5.173207 1.026998 3.613387 84.500000 71.500000 0.000000 2 1 43
5.173207 1.026998 3.613387 85.500000 71.500000 0.000000 2 1 43
5.173207 1.026998 3.613387 86.500000 71.500000 0.000000 2 1 43
5.173207 1.026998 3.613387 87.500000 71.500000 0.000000 2 1 43
5.173207 1.026998 3.613387 88.500000 71.500000 0.000000 2 1 43
5.173207 1.026998 3.613387 89.500000 71.500000 0.000000 2 1 43
5.173207 1.026998 3.613387 90.500000 71.500000 0.000000 2 1 43
5.173207 1.026998 3.613387 91.500000 71.500000 0.000000 2 1 43
5.173207 1.026998 3.613387 92.500000 71.500000 0.000000 2 1 43
5.173207 1.026998 3.613387 93.500000 71.500000 0.000000 2 1 43
5.173207 1.026998 3.613387 94.500000 71.500000 0.000000 2 1 43
5.173207 1.026998 3.613387 95.500000 71.500000 0.000000 2 1 43
5.173207 1.026998 3.613387 96.500000 71.500000 0.000000 2 1 43
5.173207 1.026998 3.613387 97.500000 71.500000 0.000000 2 1 43
5.173207 1.026998 3.613387 98.500000 71.500000 0.000000 2 1 43
5.173207 1.026998 3.613387 99.500000 71.500000 0.000000 2 1 43
0.822538 1.621784 0.968628 0.500000 72.500000 0.000000 4 1 43
0.822538 1.621784 0.968628 1.500000 72.500000 0.000000 4 1 43
0.822538 1.621784 0.968628 2.500000 72.500000 0.000000 4 1 43
0.822538 1.621784 0.968628 3.500000 72.500000 0.000000 4 1 43
0.822538 1.621784 0.968628 4.500000 72.500000 0.000000 4 1 43
0.822538 1.621784 0.968628 5.500000 72.500000 0.000000 4 1 43
0.822538 1.621784 0.968628 6.500000 72.500000 0.000000 4 1 43
0.822538 1.621784 0.968628 7.500000 72.500000 0.000000 4 1 43
0.822538 1.621784 0.968628 8.500000 72.500000 0.000000 4 1 43
0.822538 1.621784 0.968628 9.500000 72.500000 0.000000 4 1 43
0.822538 1.621784 0.968628 10.500000 72.500000 0.000000 4 1 43
0.822538 1.621784 0.968628 11.500000 72.500000 0.000000 4 1 43
0.822538 1.621784 0.968628 12.500000 72.500000 0.000000 4 1 43
0.822538 1.621784 0.968628 13.500000 72.500000 0.000000 4 1 43
0.822538 1.621784 0.968628 14.500000 72.500000 0.000000 4 1 43
0.822538 1.621784 0.968628 15.500000 72.500000 0.000000 4 1 43
0.822538 1.621784 0.968628 16.500000 72.500000 0.000000 4 1 43
0.822538 1.621784 0.968628 17.500000 72.500000 0.000000 4 1 43
0.822538 1.621784 0.968628 18.500000 72.500000 0.000000 4 1 43
0.822538 1.621784 0.968628 19.500000 72.500000 0.000000 4 1 43
0.822538 1.621784 0.968628 20.500000 72.500000 0.000000 4 1 43
0.822538 1.621784 0.968628 21.500000 72.500000 0.000000 4 1 43
0.822538 1.621784 0.968628 22.500000 72.500000 0.000000 4 1 43
0.822538 1.621784 0.968628 23.500000 72.500000 0.000000 4 1 43
0.822538 1.621784 0.968628 24.500000 72.500000 0.000000 4 1 43
0.822538 1.621784 0.968628 25.500000 72.500000 0.000000 4 1 43
0.822538 1.621784 0.968628 26.500000 72.500000 0.000000 4 1 43
0.822538 1.621784 0.968628 27.500000 72.500000 0.000000 4 1 43
0.822538 1.621784 0.968628 28.500000 72.500000 0.000000 4 1 43
0.822538 1.621784 0.968628 29.500000 72.500000 0.000000 4 1 43
0.822538 1.621784 0.968628 30.500000 72.500000 0.000000 4 1 43
0.822538 1.621784 0.968628 31.500000 72.500000 0.000000 4 1 43
0.822538 1.621784 0.968628 32.500000 72.500000 0.000000 4 1 43
0.822538 1.621784 0.968628 33.500000 72.500000 0.000000 4 1 43
0.822538 1.621784 0.968628 34.500000 72.500000 0.000000 4 1 43
0.822538 1.621784 0.968628 35.500000 72.500000 0.000000 4 1 43
0.822538 1.621784 0.968628 36.500000 72.500000 0.000000 4 1 43
0.822538 1.621784 0.968628 37.500000 72.500000 0.000000 4 1 43
0.822538 1.621784 0.968628 38.500000 72.500000 0.000000 4 1 43
0.822538 1.621784 0.968628 39.500000 72.500000 0.000000 4 1 43
0.822538 1.621784 0.968628 40.500000 72.500000 0.000000 4 1 43
0.822538 1.621784 0.968628 41.500000 72.500000 0.000000 4 1 43
0.822538 1.621784 0.968628 42.500000 72.500000 0.000000 4 1 43
0.822538 1.621784 0.968628 43.500000 72.500000 0.000000 4 1 43
0.822538 1.621784 0.968628 44.500000 72.500000 0.000000 4 1 43
0.822538 1.621784 0.968628 45.500000 72.500000 0.000000 4 1 43
0.822538 1.621784 0.968628 46.500000 72.500000 0.000000 4 1 43
0.822538 1.621784 0.968628 47.500000 72.500000 0.000000 4 1 43
0.822538 1.621784 0.968628 48.500000 72.500000 0.000000 4 1 43
0.822538 1.621784 0.968628 49.500000 72.500000 0.000000 4 1 43
0.822538 1.621784 0.968628 50.500000 72.500000 0.000000 4 1 43
0.822538 1.621784 0.968628 51.500000 72.500000 0.000000 4 1 43
0.822538 1.621784 0.968628 52.500000 72.500000 0.000000 4 1 43
4.932389 1.483221 0.152955 53.500000 72.500000 0.000000 0 1 43
4.932389 1.483221 0.152955 54.500000 72.500000 0.000000 0 1 43
4.932389 1.483221 0.152955 55.500000 72.500000 0.000000 0 1 43
4.932389 1.483221 0.152955 56.500000 72.500000 0.000000 0 1 43
4.932389 1.483221 0.152955 57.500000 72.500000 0.000000 0 1 43
4.932389 1.483221 0.152955 58.500000 72.500000 0.000000 0 1 43
4.932389 1.483221 0.152955 59.500000 72.500000 0.000000 0 1 43
4.932389 1.483221 0.152955 60.500000 72.500000 0.000000 0 1 43
4.932389 1.483221 0.152955 61.500000 72.500000 0.000000 0 1 43
4.932389 1.483221 0.152955 62.500000 72.500000 0.000000 0 1 43
4.932389 1.483221 0.152955 63.500000 72.500000 0.000000 0 1 43
4.932389 1.483221 0.152955 64.500000 72.500000 0.000000 0 1 43
4.932389 1.483221 0.152955 65.500000 72.500000 0.000000 0 1 43
5.173207 1.026998 3.613387 66.500000 72.500000 0.000000 2 1 43
5.173207 1.026998 3.613387 67.500000 72.500000 0.000000 2 1 43
5.173207 1.026998 3.613387 68.500000 72.500000 0.000000 2 1 43
5.173207 1.026998 3.613387 69.500000 72.500000 0.000000 2 1 43
5.173207 1.026998 3.613387 70.500000 72.500000 0.000000 2 1 43
5.173207 1.026998 3.613387 71.500000 72.500000 0.000000 2 1 43
5.173207 1.026998 3.613387 72.500000 72.500000 0.000000 2 1 43
5.173207 1.026998 3.613387 73.500000 72.500000 0.000000 2 1 43
5.173207 1.026998 3.613387 74.500000 72.500000 0.000000 2 1 43
5.173207 1.026998 3.613387 75.500000 72.500000 0.000000 2 1 43
5.173207 1.026998 3.613387 76.500000 72.500000 0.000000 2 1 43
5.173207 1.026998 3.613387 77.500000 72.500000 0.000000 2 1 43
5.173207 1.026998 3.613387 78.500000 72.500000 0.000000 2 1 43
5.173207 1.026998 3.613387 79.500000 72.500000 0.000000 2 1 43
5.173207 1.026998 3.613387 80.500000 72.500000 0.000000 2 1 43
5.173207 1.026998 3.613387 81.500000 72.500000 0.000000 2 1 43
5.173207 1.026998 3.613387 82.500000 72.500000 0.000000 2 1 43
5.173207 1.026998 3.613387 83.500000 72.500000 0.000000 2 1 43
5.173207 1.026998 3.613387 84.500000 72.500000 0.000000 2 1 43
5.173207 1.026998 3.613387 85.500000 72.500000 0.000000 2 1 43
5.173207 1.026998 3.613387 86.500000 72.500000 0.000000 2 1 43
5.173207 1.026998 3.613387 87.500000 72.500000 0.000000 2 1 43
5.173207 1.026998 3.613387 88.500000 72.500000 0.000000 2 1 43
5.173207 1.026998 3.613387 89.500000 72.500000 0.000000 2 1 43
5.173207 1.026998 3.613387 90.500000 72.500000 0.000000 2 1 43
5.173207 1.026998 3.613387 91.500000 72.500000 0.000000 2 1 43
5.173207 1.026998 3.613387 92.500000 72.500000 0.000000 2 1 43
5.173207 1.026998 3.613387 93.500000 72.500000 0.000000 2 1 43
5.173207 1.026998 3.613387 94.500000 72.500000 0.000000 2 1 43
5.173207 1.026998 3.613387 95.500000 72.500000 0.000000 2 1 43
5.173207 1.026998 3.613387 96.500000 72.500000 0.000000 2 1 43
5.173207 1.026998 3.613387 97.500000 72.500000 0.000000 2 1 43
5.173207 1.026998 3.613387 98.500000 72.500000 0.000000 2 1 43
5.173207 1.026998 3.613387 99.500000 72.500000 0.000000 2 1 43
0.822538 1.621784 0.968628 0.500000 73.500000 0.000000 4 1 43
0.822538 1.621784 0.968628 1.500000 73.500000 0.000000 4 1 43
0.822538 1.621784 0.968628 2.500000 73.500000 0.000000 4 1 43
0.822538 1.621784 0.968628 3.500000 73.500000 0.000000 4 1 43
0.822538 1.621784 0.968628 4.500000 73.500000 0.000000 4 1 43
0.822538 1.621784 0.968628 5.500000 73.500000 0.000000 4 1 43
0.822538 1.621784 0.968628 6.500000 73.500000 0.000000 4 1 43
0.822538 1.621784 0.968628 7.500000 73.500000 0.000000 4 1 43
0.822538 1.621784 0.968628 8.500000 73.500000 0.000000 4 1 43
0.822538 1.621784 0.968628 9.500000 73.500000 0.000000 4 1 43
0.822538 1.621784 0.968628 10.500000 73.500000 0.000000 4 1 43
0.822538 1.621784 0.968628 11.500000 73.500000 0.000000 4 1 43
0.822538 1.621784 0.968628 12.500000 73.500000 0.000000 4 1 43
0.822538 1.621784 0.968628 13.500000 73.500000 0.000000 4 1 43
0.822538 1.621784 0.968628 14.500000 73.500000 0.000000 4 1 43
0.822538 1.621784 0.968628 15.500000 73.500000 0.000000 4 1 43
0.822538 1.621784 0.968628 16.500000 73.500000 0.000000 4 1 43
0.822538 1.621784 0.968628 17.500000 73.500000 0.000000 4 1 43
0.822538 1.621784 0.968628 18.500000 73.500000 0.000000 4 1 43
0.822538 1.621784 0.968628 19.500000 73.500000 0.000000 4 1 43
0.822538 1.621784 0.968628 20.500000 73.500000 0.000000 4 1 43
0.822538 1.621784 0.968628 21.500000 73.500000 0.000000 4 1 43
0.822538 1.621784 0.968628 22.500000 73.500000 0.000000 4 1 43
0.822538 1.621784 0.968628 23.500000 73.500000 0.000000 4 1 43
0.822538 1.621784 0.968628 24.500000 73.500000 0.000000 4 1 43
0.822538 1.621784 0.968628 25.500000 73.500000 0.000000 4 1 43
0.822538 1.621784 0.968628 26.500000 73.500000 0.000000 4 1 43
0.822538 1.621784 0.968628 27.500000 73.500000 0.000000 4 1 43
0.822538 1.621784 0.968628 28.500000 73.500000 0.000000 4 1 43
0.822538 1.621784 0.968628 29.500000 73.500000 0.000000 4 1 43
0.822538 1.621784 0.968628 30.500000 73.500000 0.000000 4 1 43
0.822538 1.621784 0.968628 31.500000 73.500000 0.000000 4 1 43
0.822538 1.621784 0.968628 32.500000 73.500000 0.000000 4 1 43
0.822538 1.621784 0.968628 33.500000 73.500000 0.000000 4 1 43
0.822538 1.621784 0.968628 34.500000 73.500000 0.000000 4 1 43
0.822538 1.621784 0.968628 35.500000 73.500000 0.000000 4 1 43
0.822538 1.621784 0.968628 36.500000 73.500000 0.000000 4 1 43
0.822538 1.621784 0.968628 37.500000 73.500000 0.000000 4 1 43
0.822538 1.621784 0.968628 38.500000 73.500000 0.000000 4 1 43
0.822538 1.621784 0.968628 39.500000 73.500000 0.000000 4 1 43
0.822538 1.621784 0.968628 40.500000 73.500000 0.000000 4 1 43
0.822538 1.621784 0.968628 41.500000 73.500000 0.000000 4 1 43
0.822538 1.621784 0.968628 42.500000 73.500000 0.000000 4 1 43
0.822538 1.621784 0.968628 43.500000 73.500000 0.000000 4 1 43
0.822538 1.621784 0.968628 44.500000 73.500000 0.000000 4 1 43
0.822538 1.621784 0.968628 45.500000 73.500000 0.000000 4 1 43
0.822538 1.621784 0.968628 46.500000 73.500000 0.000000 4 1 43
0.822538 1.621784 0.968628 47.500000 73.500000 0.000000 4 1 43
0.822538 1.621784 0.968628 48.500000 73.500000 0.000000 4 1 43
0.822538 1.621784 0.968628 49.500000 73.500000 0.000000 4 1 43
0.822538 1.621784 0.968628 50.500000 73.500000 0.000000 4 1 43
0.822538 1.621784 0.968628 51.500000 73.500000 0.000000 4 1 43
0.822538 1.621784 0.968628 52.500000 73.500000 0.000000 4 1 43
4.932389 1.483221 0.152955 53.500000 73.500000 0.000000 0 1 43
4.932389 1.483221 0.152955 54.500000 73.500000 0.000000 0 1 43
4.932389 1.483221 0.152955 55.500000 73.500000 0.000000 0 1 43
4.932389 1.483221 0.152955 56.500000 73.500000 0.000000 0 1 43
4.932389 1.483221 0.152955 57.500000 73.500000 0.000000 0 1 43
4.932389 1.483221 0.152955 58.500000 73.500000 0.000000 0 1 43
4.932389 1.483221 0.152955 59.500000 73.500000 0.000000 0 1 43
4.932389 1.483221 0.152955 60.500000 73.500000 0.000000 0 1 43
4.932389 1.483221 0.152955 61.500000 73.500000 0.000000 0 1 43
4.932389 1.483221 0.152955 62.500000 73.500000 0.000000 0 1 43
4.932389 1.483221 0.152955 63.500000 73.500000 0.000000 0 1 43
4.932389 1.483221 0.152955 64.500000 73.500000 0.000000 0 1 43
4.932389 1.483221 0.152955 65.500000 73.500000 0.000000 0 1 43
4.932389 1.483221 0.152955 66.500000 73.500000 0.000000 0 1 43
5.173207 1.026998 3.613387 67.500000 73.500000 0.000000 2 1 43
5.173207 1.026998 3.613387 68.500000 73.500000 0.000000 2 1 43
5.173207 1.026998 3.613387 69.500000 73.500000 0.000000 2 1 43
5.173207 1.026998 3.613387 70.500000 73.500000 0.000000 2 1 43
5.173207 1.026998 3.613387 71.500000 73.500000 0.000000 2 1 43
5.173207 1.026998 3.613387 72.500000 73.500000 0.000000 2 1 43
5.173207 1.026998 3.613387 73.500000 73.500000 0.000000 2 1 43
5.173207 1.026998 3.613387 74.500000 73.500000 0.000000 2 1 43
5.173207 1.026998 3.613387 75.500000 73.500000 0.000000 2 1 43
5.173207 1.026998 3.613387 76.500000 73.500000 0.000000 2 1 43
5.173207 1.026998 3.613387 77.500000 73.500000 0.000000 2 1 43
5.173207 1.026998 3.613387 78.500000 73.500000 0.000000 2 1 43
5.173207 1.026998 3.613387 79.500000 73.500000 0.000000 2 1 43
5.173207 1.026998 3.613387 80.500000 73.500000 0.000000 2 1 43
5.173207 1.026998 3.613387 81.500000 73.500000 0.000000 2 1 43
5.173207 1.026998 3.613387 82.500000 73.500000 0.000000 2 1 43
5.173207 1.026998 3.613387 83.500000 73.500000 0.000000 2 1 43
5.173207 1.026998 3.613387 84.500000 73.500000 0.000000 2 1 43
5.173207 1.026998 3.613387 85.500000 73.500000 0.000000 2 1 43
5.173207 1.026998 3.613387 86.500000 73.500000 0.000000 2 1 43
5.173207 1.026998 3.613387 87.500000 73.500000 0.000000 2 1 43
5.173207 1.026998 3.613387 88.500000 73.500000 0.000000 2 1 43
5.173207 1.026998 3.613387 89.500000 73.500000 0.000000 2 1 43
5.173207 1.026998 3.613387 90.500000 73.500000 0.000000 2 1 43
5.173207 1.026998 3.613387 91.500000 73.500000 0.000000 2 1 43
5.173207 1.026998 3.613387 92.500000 73.500000 0.000000 2 1 43
5.173207 1.026998 3.613387 93.500000 73.500000 0.000000 2 1 43
5.173207 1.026998 3.613387 94.500000 73.500000 0.000000 2 1 43
5.173207 1.026998 3.613387 95.500000 73.500000 0.000000 2 1 43
5.173207 1.026998 3.613387 96.500000 73.500000 0.000000 2 1 43
5.173207 1.026998 3.613387 97.500000 73.500000 0.000000 2 1 43
5.173207 1.026998 3.613387 98.500000 73.500000 0.000000 2 1 43
5.173207 1.026998 3.613387 99.500000 73.500000 0.000000 2 1 43
0.822538 1.621784 0.968628 0.500000 74.500000 0.000000 4 1 43
0.822538 1.621784 0.968628 1.500000 74.500000 0.000000 4 1 43
0.822538 1.621784 0.968628 2.500000 74.500000 0.000000 4 1 43
0.822538 1.621784 0.968628 3.500000 74.500000 0.000000 4 1 43
0.822538 1.621784 0.968628 4.500000 74.500000 0.000000 4 1 43
0.822538 1.621784 0.968628 5.500000 74.500000 0.000000 4 1 43
0.822538 1.621784 0.968628 6.500000 74.500000 0.000000 4 1 43
0.822538 1.621784 0.968628 7.500000 74.500000 0.000000 4 1 43
0.822538 1.621784 0.968628 8.500000 74.500000 0.000000 4 1 43
0.822538 1.621784 0.968628 9.500000 74.500000 0.000000 4 1 43
0.822538 1.621784 0.968628 10.500000 74.500000 0.000000 4 1 43
0.822538 1.621784 0.968628 11.500000 74.500000 0.000000 4 1 43
0.822538 1.621784 0.968628 12.500000 74.500000 0.000000 4 1 43
0.822538 1.621784 0.968628 13.500000 74.500000 0.000000 4 1 43
0.822538 1.621784 0.968628 14.500000 74.500000 0.000000 4 1 43
0.822538 1.621784 0.968628 15.500000 74.500000 0.000000 4 1 43
0.822538 1.621784 0.968628 16.500000 74.500000 0.000000 4 1 43
0.822538 1.621784 0.968628 17.500000 74.500000 0.000000 4 1 43
0.822538 1.621784 0.968628 18.500000 74.500000 0.000000 4 1 43
0.822538 1.621784 0.968628 19.500000 74.500000 0.000000 4 1 43
0.822538 1.621784 0.968628 20.500000 74.500000 0.000000 4 1 43
0.822538 1.621784 0.968628 21.500000 74.500000 0.000000 4 1 43
0.822538 1.621784 0.968628 22.500000 74.500000 0.000000 4 1 43
0.822538 1.621784 0.968628 23.500000 74.500000 0.000000 4 1 43
0.822538 1.621784 0.968628 24.500000 74.500000 0.000000 4 1 43
0.822538 1.621784 0.968628 25.500000 74.500000 0.000000 4 1 43
0.822538 1.621784 0.968628 26.500000 74.500000 0.000000 4 1 43
0.822538 1.621784 0.968628 27.500000 74.500000 0.000000 4 1 43
0.822538 1.621784 0.968628 28.500000 74.500000 0.000000 4 1 43
0.822538 1.621784 0.968628 29.500000 74.500000 0.000000 4 1 43
0.822538 1.621784 0.968628 30.500000 74.500000 0.000000 4 1 43
0.822538 1.621784 0.968628 31.500000 74.500000 0.000000 4 1 43
0.822538 1.621784 0.968628 32.500000 74.500000 0.000000 4 1 43
0.822538 1.621784 0.968628 33.500000 74.500000 0.000000 4 1 43
0.822538 1.621784 0.968628 34.500000 74.500000 0.000000 4 1 43
0.822538 1.621784 0.968628 35.500000 74.500000 0.000000 4 1 43
0.822538 1.621784 0.968628 36.500000 74.500000 0.000000 4 1 43
0.822538 1.621784 0.968628 37.500000 74.500000 0.000000 4 1 43
0.822538 1.621784 0.968628 38.500000 74.500000 0.000000 4 1 43
0.822538 1.621784 0.968628 39.500000 74.500000 0.000000 4 1 43
0.822538 1.621784 0.968628 40.500000 74.500000 0.000000 4 1 43
0.822538 1.621784 0.968628 41.500000 74.500000 0.000000 4 1 43
0.822538 1.621784 0.968628 42.500000 74.500000 0.000000 4 1 43
0.822538 1.621784 0.968628 43.500000 74.500000 0.000000 4 1 43
0.822538 1.621784 0.968628 44.500000 74.500000 0.000000 4 1 43
0.822538 1.621784 0.968628 45.500000 74.500000 0.000000 4 1 43
0.822538 1.621784 0.968628 46.500000 74.500000 0.000000 4 1 43
0.822538 1.621784 0.968628 47.500000 74.500000 0.000000 4 1 43
0.822538 1.621784 0.968628 48.500000 74.500000 0.000000 4 1 43
0.822538 1.621784 0.968628 49.500000 74.500000 0.000000 4 1 43
0.822538 1.621784 0.968628 50.500000 74.500000 0.000000 4 1 43
0.822538 1.621784 0.968628 51.500000 74.500000 0.000000 4 1 43
0.822538 1.621784 0.968628 52.500000 74.500000 0.000000 4 1 43
4.932389 1.483221 0.152955 53.500000 74.500000 0.000000 0 1 43
4.932389 1.483221 0.152955 54.500000 74.500000 0.000000 0 1 43
4.932389 1.483221 0.152955 55.500000 74.500000 0.000000 0 1 43
4.932389 1.483221 0.152955 56.500000 74.500000 0.000000 0 1 43
4.932389 1.483221 0.152955 57.500000 74.500000 0.000000 0 1 43
4.932389 1.483221 0.152955 58.500000 74.500000 0.000000 0 1 43
4.932389 1.483221 0.152955 59.500000 74.500000 0.000000 0 1 43
4.932389 1.483221 0.152955 60.500000 74.500000 0.000000 0 1 43
4.932389 1.483221 0.152955 61.500000 74.500000 0.000000 0 1 43
4.932389 1.483221 0.152955 62.500000 74.500000 0.000000 0 1 43
4.932389 1.483221 0.152955 63.500000 74.500000 0.000000 0 1 43
4.932389 1.483221 0.152955 64.500000 74.500000 0.000000 0 1 43
4.932389 1.483221 0.152955 65.500000 74.500000 0.000000 0 1 43
4.932389 1.483221 0.152955 66.500000 74.500000 0.000000 0 1 43
4.932389 1.483221 0.152955 67.500000 74.500000 0.000000 0 1 43
5.173207 1.026998 3.613387 68.500000 74.500000 0.000000 2 1 43
5.173207 1.026998 3.613387 69.500000 74.500000 0.000000 2 1 43
5.173207 1.026998 3.613387 70.500000 74.500000 0.000000 2 1 43
5.173207 1.026998 3.613387 71.500000 74.500000 0.000000 2 1 43
5.173207 1.026998 3.613387 72.500000 74.500000 0.000000 2 1 43
5.173207 1.026998 3.613387 73.500000 74.500000 0.000000 2 1 43
5.173207 1.026998 3.613387 74.500000 74.500000 0.000000 2 1 43
5.173207 1.026998 3.613387 75.500000 74.500000 0.000000 2 1 43
5.173207 1.026998 3.613387 76.500000 74.500000 0.000000 2 1 43
5.173207 1.026998 3.613387 77.500000 74.500000 0.000000 2 1 43
5.173207 1.026998 3.613387 78.500000 74.500000 0.000000 2 1 43
5.173207 1.026998 3.613387 79.500000 74.500000 0.000000 2 1 43
5.173207 1.026998 3.613387 80.500000 74.500000 0.000000 2 1 43
5.173207 1.026998 3.613387 81.500000 74.500000 0.000000 2 1 43
5.173207 1.026998 3.613387 82.500000 74.500000 0.000000 2 1 43
5.173207 1.026998 3.613387 83.500000 74.500000 0.000000 2 1 43
5.173207 1.026998 3.613387 84.500000 74.500000 0.000000 2 1 43
5.173207 1.026998 3.613387 85.500000 74.500000 0.000000 2 1 43
5.173207 1.026998 3.613387 86.500000 74.500000 0.000000 2 1 43
5.173207 1.026998 3.613387 87.500000 74.500000 0.000000 2 1 43
5.173207 1.026998 3.613387 88.500000 74.500000 0.000000 2 1 43
5.173207 1.026998 3.613387 89.500000 74.500000 0.000000 2 1 43
5.173207 1.026998 3.613387 90.500000 74.500000 0.000000 2 1 43
5.173207 1.026998 3.613387 91.500000 74.500000 0.000000 2 1 43
5.173207 1.026998 3.613387 92.500000 74.500000 0.000000 2 1 43
5.173207 1.026998 3.613387 93.500000 74.500000 0.000000 2 1 43
5.173207 1.026998 3.613387 94.500000 74.500000 0.000000 2 1 43
5.173207 1.026998 3.613387 95.500000 74.500000 0.000000 2 1 43
5.173207 1.026998 3.613387 96.500000 74.500000 0.000000 2 1 43
5.173207 1.026998 3.613387 97.500000 74.500000 0.000000 2 1 43
5.173207 1.026998 3.613387 98.500000 74.500000 0.000000 2 1 43
5.173207 1.026998 3.613387 99.500000 74.500000 0.000000 2 1 43
0.822538 1.621784 0.968628 0.500000 75.500000 0.000000 4 1 43
0.822538 1.621784 0.968628 1.500000 75.500000 0.000000 4 1 43
0.822538 1.621784 0.968628 2.500000 75.500000 0.000000 4 1 43
0.822538 1.621784 0.968628 3.500000 75.500000 0.000000 4 1 43
0.822538 1.621784 0.968628 4.500000 75.500000 0.000000 4 1 43
0.822538 1.621784 0.968628 5.500000 75.500000 0.000000 4 1 43
0.822538 1.621784 0.968628 6.500000 75.500000 0.000000 4 1 43
0.822538 1.621784 0.968628 7.500000 75.500000 0.000000 4 1 43
0.822538 1.621784 0.968628 8.500000 75.500000 0.000000 4 1 43
0.822538 1.621784 0.968628 9.500000 75.500000 0.000000 4 1 43
0.822538 1.621784 0.968628 10.500000 75.500000 0.000000 4 1 43
0.822538 1.621784 0.968628 11.500000 75.500000 0.000000 4 1 43
0.822538 1.621784 0.968628 12.500000 75.500000 0.000000 4 1 43
0.822538 1.621784 0.968628 13.500000 75.500000 0.000000 4 1 43
0.822538 1.621784 0.968628 14.500000 75.500000 0.000000 4 1 43
0.822538 1.621784 0.968628 15.500000 75.500000 0.000000 4 1 43
0.822538 1.621784 0.968628 16.500000 75.500000 0.000000 4 1 43
0.822538 1.621784 0.968628 17.500000 75.500000 0.000000 4 1 43
0.822538 1.621784 0.968628 18.500000 75.500000 0.000000 4 1 43
0.822538 1.621784 0.968628 19.500000 75.500000 0.000000 4 1 43
0.822538 1.621784 0.968628 20.500000 75.500000 0.000000 4 1 43
0.822538 1.621784 0.968628 21.500000 75.500000 0.000000 4 1 43
0.822538 1.621784 0.968628 22.500000 75.500000 0.000000 4 1 43
0.822538 1.621784 0.968628 23.500000 75.500000 0.000000 4 1 43
0.822538 1.621784 0.968628 24.500000 75.500000 0.000000 4 1 43
0.822538 1.621784 0.968628 25.500000 75.500000 0.000000 4 1 43
0.822538 1.621784 0.968628 26.500000 75.500000 0.000000 4 1 43
0.822538 1.621784 0.968628 27.500000 75.500000 0.000000 4 1 43
0.822538 1.621784 0.968628 28.500000 75.500000 0.000000 4 1 43
0.822538 1.621784 0.968628 29.500000 75.500000 0.000000 4 1 43
0.822538 1.621784 0.968628 30.500000 75.500000 0.000000 4 1 43
0.822538 1.621784 0.968628 31.500000 75.500000 0.000000 4 1 43
0.822538 1.621784 0.968628 32.500000 75.500000 0.000000 4 1 43
0.822538 1.621784 0.968628 33.500000 75.500000 0.000000 4 1 43
0.822538 1.621784 0.968628 34.500000 75.500000 0.000000 4 1 43
0.822538 1.621784 0.968628 35.500000 75.500000 0.000000 4 1 43
0.822538 1.621784 0.968628 36.500000 75.500000 0.000000 4 1 43
0.822538 1.621784 0.968628 37.500000 75.500000 0.000000 4 1 43
0.822538 1.621784 0.968628 38.500000 75.500000 0.000000 4 1 43
0.822538 1.621784 0.968628 39.500000 75.500000 0.000000 4 1 43
0.822538 1.621784 0.968628 40.500000 75.500000 0.000000 4 1 43
0.822538 1.621784 0.968628 41.500000 75.500000 0.000000 4 1 43
0.822538 1.621784 0.968628 42.500000 75.500000 0.000000 4 1 43
0.822538 1.621784 0.968628 43.500000 75.500000 0.000000 4 1 43
0.822538 1.621784 0.968628 44.500000 75.500000 0.000000 4 1 43
0.822538 1.621784 0.968628 45.500000 75.500000 0.000000 4 1 43
0.822538 1.621784 0.968628 46.500000 75.500000 0.000000 4 1 43
0.822538 1.621784 0.968628 47.500000 75.500000 0.000000 4 1 43
0.822538 1.621784 0.968628 48.500000 75.500000 0.000000 4 1 43
0.822538 1.621784 0.968628 49.500000 75.500000 0.000000 4 1 43
0.822538 1.621784 0.968628 50.500000 75.500000 0.000000 4 1 43
0.822538 1.621784 0.968628 51.500000 75.500000 0.000000 4 1 43
0.822538 1.621784 0.968628 52.500000 75.500000 0.000000 4 1 43
4.932389 1.483221 0.152955 53.500000 75.500000 0.000000 0 1 43
4.932389 1.483221 0.152955 54.500000 75.500000 0.000000 0 1 43
4.932389 1.483221 0.152955 55.500000 75.500000 0.000000 0 1 43
4.932389 1.483221 0.152955 56.500000 75.500000 0.000000 0 1 43
4.932389 1.483221 0.152955 57.500000 75.500000 0.000000 0 1 43
4.932389 1.483221 0.152955 58.500000 75.500000 0.000000 0 1 43
4.932389 1.483221 0.152955 59.500000 75.500000 0.000000 0 1 43
4.932389 1.483221 0.152955 60.500000 75.500000 0.000000 0 1 43
4.932389 1.483221 0.152955 61.500000 75.500000 0.000000 0 1 43
4.932389 1.483221 0.152955 62.500000 75.500000 0.000000 0 1 43
4.932389 1.483221 0.152955 63.500000 75.500000 0.000000 0 1 43
4.932389 1.483221 0.152955 64.500000 75.500000 0.000000 0 1 43
4.932389 1.483221 0.152955 65.500000 75.500000 0.000000 0 1 43
4.932389 1.483221 0.152955 66.500000 75.500000 0.000000 0 1 43
4.932389 1.483221 0.152955 67.500000 75.500000 0.000000 0 1 43
4.932389 1.483221 0.152955 68.500000 75.500000 0.000000 0 1 43
5.173207 1.026998 3.613387 69.500000 75.500000 0.000000 2 1 43
5.173207 1.026998 3.613387 70.500000 75.500000 0.000000 2 1 43
5.173207 1.026998 3.613387 71.500000 75.500000 0.000000 2 1 43
5.173207 1.026998 3.613387 72.500000 75.500000 0.000000 2 1 43
5.173207 1.026998 3.613387 73.500000 75.500000 0.000000 2 1 43
5.173207 1.026998 3.613387 74.500000 75.500000 0.000000 2 1 43
5.173207 1.026998 3.613387 75.500000 75.500000 0.000000 2 1 43
5.173207 1.026998 3.613387 76.500000 75.500000 0.000000 2 1 43
5.173207 1.026998 3.613387 77.500000 75.500000 0.000000 2 1 43
5.173207 1.026998 3.613387 78.500000 75.500000 0.000000 2 1 43
5.173207 1.026998 3.613387 79.500000 75.500000 0.000000 2 1 43
5.173207 1.026998 3.613387 80.500000 75.500000 0.000000 2 1 43
5.173207 1.026998 3.613387 81.500000 75.500000 0.000000 2 1 43
5.173207 1.026998 3.613387 82.500000 75.500000 0.000000 2 1 43
5.173207 1.026998 3.613387 83.500000 75.500000 0.000000 2 1 43
5.173207 1.026998 3.613387 84.500000 75.500000 0.000000 2 1 43
5.173207 1.026998 3.613387 85.500000 75.500000 0.000000 2 1 43
5.173207 1.026998 3.613387 86.500000 75.500000 0.000000 2 1 43
5.173207 1.026998 3.613387 87.500000 75.500000 0.000000 2 1 43
5.173207 1.026998 3.613387 88.500000 75.500000 0.000000 2 1 43
5.173207 1.026998 3.613387 89.500000 75.500000 0.000000 2 1 43
5.173207 1.026998 3.613387 90.500000 75.500000 0.000000 2 1 43
5.173207 1.026998 3.613387 91.500000 75.500000 0.000000 2 1 43
5.173207 1.026998 3.613387 92.500000 75.500000 0.000000 2 1 43
5.173207 1.026998 3.613387 93.500000 75.500000 0.000000 2 1 43
5.173207 1.026998 3.613387 94.500000 75.500000 0.000000 2 1 43
5.173207 1.026998 3.613387 95.500000 75.500000 0.000000 2 1 43
5.173207 1.026998 3.613387 96.500000 75.500000 0.000000 2 1 43
5.173207 1.026998 3.613387 97.500000 75.500000 0.000000 2 1 43
5.173207 1.026998 3.613387 98.500000 75.500000 0.000000 2 1 43
5.173207 1.026998 3.613387 99.500000 75.500000 0.000000 2 1 43
0.822538 1.621784 0.968628 0.500000 76.500000 0.000000 4 1 43
0.822538 1.621784 0.968628 1.500000 76.500000 0.000000 4 1 43
0.822538 1.621784 0.968628 2.500000 76.500000 0.000000 4 1 43
0.822538 1.621784 0.968628 3.500000 76.500000 0.000000 4 1 43
0.822538 1.621784 0.968628 4.500000 76.500000 0.000000 4 1 43
0.822538 1.621784 0.968628 5.500000 76.500000 0.000000 4 1 43
0.822538 1.621784 0.968628 6.500000 76.500000 0.000000 4 1 43
0.822538 1.621784 0.968628 7.500000 76.500000 0.000000 4 1 43
0.822538 1.621784 0.968628 8.500000 76.500000 0.000000 4 1 43
0.822538 1.621784 0.968628 9.500000 76.500000 0.000000 4 1 43
0.822538 1.621784 0.968628 10.500000 76.500000 0.000000 4 1 43
0.822538 1.621784 0.968628 11.500000 76.500000 0.000000 4 1 43
0.822538 1.621784 0.968628 12.500000 76.500000 0.000000 4 1 43
0.822538 1.621784 0.968628 13.500000 76.500000 0.000000 4 1 43
0.822538 1.621784 0.968628 14.500000 76.500000 0.000000 4 1 43
0.822538 1.621784 0.968628 15.500000 76.500000 0.000000 4 1 43
0.822538 1.621784 0.968628 16.500000 76.500000 0.000000 4 1 43
0.822538 1.621784 0.968628 17.500000 76.500000 0.000000 4 1 43
0.822538 1.621784 0.968628 18.500000 76.500000 0.000000 4 1 43
0.822538 1.621784 0.968628 19.500000 76.500000 0.000000 4 1 43
0.822538 1.621784 0.968628 20.500000 76.500000 0.000000 4 1 43
0.822538 1.621784 0.968628 21.500000 76.500000 0.000000 4 1 43
0.822538 1.621784 0.968628 22.500000 76.500000 0.000000 4 1 43
0.822538 1.621784 0.968628 23.500000 76.500000 0.000000 4 1 43
0.822538 1.621784 0.968628 24.500000 76.500000 0.000000 4 1 43
0.822538 1.621784 0.968628 25.500000 76.500000 0.000000 4 1 43
0.822538 1.621784 0.968628 26.500000 76.500000 0.000000 4 1 43
0.822538 1.621784 0.968628 27.500000 76.500000 0.000000 4 1 43
0.822538 1.621784 0.968628 28.500000 76.500000 0.000000 4 1 43
0.822538 1.621784 0.968628 29.500000 76.500000 0.000000 4 1 43
0.822538 1.621784 0.968628 30.500000 76.500000 0.000000 4 1 43
0.822538 1.621784 0.968628 31.500000 76.500000 0.000000 4 1 43
0.822538 1.621784 0.968628 32.500000 76.500000 0.000000 4 1 43
0.822538 1.621784 0.968628 33.500000 76.500000 0.000000 4 1 43
0.822538 1.621784 0.968628 34.500000 76.500000 0.000000 4 1 43
0.822538 1.621784 0.968628 35.500000 76.500000 0.000000 4 1 43
0.822538 1.621784 0.968628 36.500000 76.500000 0.000000 4 1 43
0.822538 1.621784 0.968628 37.500000 76.500000 0.000000 4 1 43
0.822538 1.621784 0.968628 38.500000 76.500000 0.000000 4 1 43
0.822538 1.621784 0.968628 39.500000 76.500000 0.000000 4 1 43
0.822538 1.621784 0.968628 40.500000 76.500000 0.000000 4 1 43
0.822538 1.621784 0.968628 41.500000 76.500000 0.000000 4 1 43
0.822538 1.621784 0.968628 42.500000 76.500000 0.000000 4 1 43
0.822538 1.621784 0.968628 43.500000 76.500000 0.000000 4 1 43
0.822538 1.621784 0.968628 44.500000 76.500000 0.000000 4 1 43
0.822538 1.621784 0.968628 45.500000 76.500000 0.000000 4 1 43
0.822538 1.621784 0.968628 46.500000 76.500000 0.000000 4 1 43
0.822538 1.621784 0.968628 47.500000 76.500000 0.000000 4 1 43
0.822538 1.621784 0.968628 48.500000 76.500000 0.000000 4 1 43
0.822538 1.621784 0.968628 49.500000 76.500000 0.000000 4 1 43
0.822538 1.621784 0.968628 50.500000 76.500000 0.000000 4 1 43
0.822538 1.621784 0.968628 51.500000 76.500000 0.000000 4 1 43
0.822538 1.621784 0.968628 52.500000 76.500000 0.000000 4 1 43
4.932389 1.483221 0.152955 53.500000 76.500000 0.000000 0 1 43
4.932389 1.483221 0.152955 54.500000 76.500000 0.000000 0 1 43
4.932389 1.483221 0.152955 55.500000 76.500000 0.000000 0 1 43
4.932389 1.483221 0.152955 56.500000 76.500000 0.000000 0 1 43
4.932389 1.483221 0.152955 57.500000 76.500000 0.000000 0 1 43
4.932389 1.483221 0.152955 58.500000 76.500000 0.000000 0 1 43
4.932389 1.483221 0.152955 59.500000 76.500000 0.000000 0 1 43
4.932389 1.483221 0.152955 60.500000 76.500000 0.000000 0 1 43
4.932389 1.483221 0.152955 61.500000 76.500000 0.000000 0 1 43
4.932389 1.483221 0.152955 62.500000 76.500000 0.000000 0 1 43
4.932389 1.483221 0.152955 63.500000 76.500000 0.000000 0 1 43
4.932389 1.483221 0.152955 64.500000 76.500000 0.000000 0 1 43
4.932389 1.483221 0.152955 65.500000 76.500000 0.000000 0 1 43
4.932389 1.483221 0.152955 66.500000 76.500000 0.000000 0 1 43
4.932389 1.483221 0.152955 67.500000 76.500000 0.000000 0 1 43
4.932389 1.483221 0.152955 68.500000 76.500000 0.000000 0 1 43
4.932389 1.483221 0.152955 69.500000 76.500000 0.000000 0 1 43
5.173207 1.026998 3.613387 70.500000 76.500000 0.000000 2 1 43
5.173207 1.026998 3.613387 71.500000 76.500000 0.000000 2 1 43
5.173207 1.026998 3.613387 72.500000 76.500000 0.000000 2 1 43
5.173207 1.026998 3.613387 73.500000 76.500000 0.000000 2 1 43
5.173207 1.026998 3.613387 74.500000 76.500000 0.000000 2 1 43
5.173207 1.026998 3.613387 75.500000 76.500000 0.000000 2 1 43
5.173207 1.026998 3.613387 76.500000 76.500000 0.000000 2 1 43
5.173207 1.026998 3.613387 77.500000 76.500000 0.000000 2 1 43
5.173207 1.026998 3.613387 78.500000 76.500000 0.000000 2 1 43
5.173207 1.026998 3.613387 79.500000 76.500000 0.000000 2 1 43
5.173207 1.026998 3.613387 80.500000 76.500000 0.000000 2 1 43
5.173207 1.026998 3.613387 81.500000 76.500000 0.000000 2 1 43
5.173207 1.026998 3.613387 82.500000 76.500000 0.000000 2 1 43
5.173207 1.026998 3.613387 83.500000 76.500000 0.000000 2 1 43
5.173207 1.026998 3.613387 84.500000 76.500000 0.000000 2 1 43
5.173207 1.026998 3.613387 85.500000 76.500000 0.000000 2 1 43
5.173207 1.026998 3.613387 86.500000 76.500000 0.000000 2 1 43
5.173207 1.026998 3.613387 87.500000 76.500000 0.000000 2 1 43
5.173207 1.026998 3.613387 88.500000 76.500000 0.000000 2 1 43
5.173207 1.026998 3.613387 89.500000 76.500000 0.000000 2 1 43
5.173207 1.026998 3.613387 90.500000 76.500000 0.000000 2 1 43
5.173207 1.026998 3.613387 91.500000 76.500000 0.000000 2 1 43
5.173207 1.026998 3.613387 92.500000 76.500000 0.000000 2 1 43
5.173207 1.026998 3.613387 93.500000 76.500000 0.000000 2 1 43
5.173207 1.026998 3.613387 94.500000 76.500000 0.000000 2 1 43
5.173207 1.026998 3.613387 95.500000 76.500000 0.000000 2 1 43
5.173207 1.026998 3.613387 96.500000 76.500000 0.000000 2 1 43
5.173207 1.026998 3.613387 97.500000 76.500000 0.000000 2 1 43
5.173207 1.026998 3.613387 98.500000 76.500000 0.000000 2 1 43
5.173207 1.026998 3.613387 99.500000 76.500000 0.000000 2 1 43
0.822538 1.621784 0.968628 0.500000 77.500000 0.000000 4 1 43
0.822538 1.621784 0.968628 1.500000 77.500000 0.000000 4 1 43
0.822538 1.621784 0.968628 2.500000 77.500000 0.000000 4 1 43
0.822538 1.621784 0.968628 3.500000 77.500000 0.000000 4 1 43
0.822538 1.621784 0.968628 4.500000 77.500000 0.000000 4 1 43
0.822538 1.621784 0.968628 5.500000 77.500000 0.000000 4 1 43
0.822538 1.621784 0.968628 6.500000 77.500000 0.000000 4 1 43
0.822538 1.621784 0.968628 7.500000 77.500000 0.000000 4 1 43
0.822538 1.621784 0.968628 8.500000 77.500000 0.000000 4 1 43
0.822538 1.621784 0.968628 9.500000 77.500000 0.000000 4 1 43
0.822538 1.621784 0.968628 10.500000 77.500000 0.000000 4 1 43
0.822538 1.621784 0.968628 11.500000 77.500000 0.000000 4 1 43
0.822538 1.621784 0.968628 12.500000 77.500000 0.000000 4 1 43
0.822538 1.621784 0.968628 13.500000 77.500000 0.000000 4 1 43
0.822538 1.621784 0.968628 14.500000 77.500000 0.000000 4 1 43
0.822538 1.621784 0.968628 15.500000 77.500000 0.000000 4 1 43
0.822538 1.621784 0.968628 16.500000 77.500000 0.000000 4 1 43
0.822538 1.621784 0.968628 17.500000 77.500000 0.000000 4 1 43
0.822538 1.621784 0.968628 18.500000 77.500000 0.000000 4 1 43
0.822538 1.621784 0.968628 19.500000 77.500000 0.000000 4 1 43
0.822538 1.621784 0.968628 20.500000 77.500000 0.000000 4 1 43
0.822538 1.621784 0.968628 21.500000 77.500000 0.000000 4 1 43
0.822538 1.621784 0.968628 22.500000 77.500000 0.000000 4 1 43
0.822538 1.621784 0.968628 23.500000 77.500000 0.000000 4 1 43
0.822538 1.621784 0.968628 24.500000 77.500000 0.000000 4 1 43
0.822538 1.621784 0.968628 25.500000 77.500000 0.000000 4 1 43
0.822538 1.621784 0.968628 26.500000 77.500000 0.000000 4 1 43
0.822538 1.621784 0.968628 27.500000 77.500000 0.000000 4 1 43
0.822538 1.621784 0.968628 28.500000 77.500000 0.000000 4 1 43
0.822538 1.621784 0.968628 29.500000 77.500000 0.000000 4 1 43
0.822538 1.621784 0.968628 30.500000 77.500000 0.000000 4 1 43
0.822538 1.621784 0.968628 31.500000 77.500000 0.000000 4 1 43
0.822538 1.621784 0.968628 32.500000 77.500000 0.000000 4 1 43
0.822538 1.621784 0.968628 33.500000 77.500000 0.000000 4 1 43
0.822538 1.621784 0.968628 34.500000 77.500000 0.000000 4 1 43
0.822538 1.621784 0.968628 35.500000 77.500000 0.000000 4 1 43
0.822538 1.621784 0.968628 36.500000 77.500000 0.000000 4 1 43
0.822538 1.621784 0.968628 37.500000 77.500000 0.000000 4 1 43
0.822538 1.621784 0.968628 38.500000 77.500000 0.000000 4 1 43
0.822538 1.621784 0.968628 39.500000 77.500000 0.000000 4 1 43
0.822538 1.621784 0.968628 40.500000 77.500000 0.000000 4 1 43
0.822538 1.621784 0.968628 41.500000 77.500000 0.000000 4 1 43
0.822538 1.621784 0.968628 42.500000 77.500000 0.000000 4 1 43
0.822538 1.621784 0.968628 43.500000 77.500000 0.000000 4 1 43
0.822538 1.621784 0.968628 44.500000 77.500000 0.000000 4 1 43
0.822538 1.621784 0.968628 45.500000 77.500000 0.000000 4 1 43
0.822538 1.621784 0.968628 46.500000 77.500000 0.000000 4 1 43
0.822538 1.621784 0.968628 47.500000 77.500000 0.000000 4 1 43
0.822538 1.621784 0.968628 48.500000 77.500000 0.000000 4 1 43
0.822538 1.621784 0.968628 49.500000 77.500000 0.000000 4 1 43
0.822538 1.621784 0.968628 50.500000 77.500000 0.000000 4 1 43
0.822538 1.621784 0.968628 51.500000 77.500000 0.000000 4 1 43
0.822538 1.621784 0.968628 52.500000 77.500000 0.000000 4 1 43
4.932389 1.483221 0.152955 53.500000 77.500000 0.000000 0 1 43
4.932389 1.483221 0.152955 54.500000 77.500000 0.000000 0 1 43
4.932389 1.483221 0.152955 55.500000 77.500000 0.000000 0 1 43
4.932389 1.483221 0.152955 56.500000 77.500000 0.000000 0 1 43
4.932389 1.483221 0.152955 57.500000 77.500000 0.000000 0 1 43
4.932389 1.483221 0.152955 58.500000 77.500000 0.000000 0 1 43
4.932389 1.483221 0.152955 59.500000 77.500000 0.000000 0 1 43
4.932389 1.483221 0.152955 60.500000 77.500000 0.000000 0 1 43
4.932389 1.483221 0.152955 61.500000 77.500000 0.000000 0 1 43
4.932389 1.483221 0.152955 62.500000 77.500000 0.000000 0 1 43
4.932389 1.483221 0.152955 63.500000 77.500000 0.000000 0 1 43
4.932389 1.483221 0.152955 64.500000 77.500000 0.000000 0 1 43
4.932389 1.483221 0.152955 65.500000 77.500000 0.000000 0 1 43
4.932389 1.483221 0.152955 66.500000 77.500000 0.000000 0 1 43
4.932389 1.483221 0.152955 67.500000 77.500000 0.000000 0 1 43
4.932389 1.483221 0.152955 68.500000 77.500000 0.000000 0 1 43
4.932389 1.483221 0.152955 69.500000 77.500000 0.000000 0 1 43
4.932389 1.483221 0.152955 70.500000 77.500000 0.000000 0 1 43
5.173207 1.026998 3.613387 71.500000 77.500000 0.000000 2 1 43
5.173207 1.026998 3.613387 72.500000 77.500000 0.000000 2 1 43
5.173207 1.026998 3.613387 73.500000 77.500000 0.000000 2 1 43
5.173207 1.026998 3.613387 74.500000 77.500000 0.000000 2 1 43
5.173207 1.026998 3.613387 75.500000 77.500000 0.000000 2 1 43
5.173207 1.026998 3.613387 76.500000 77.500000 0.000000 2 1 43
5.173207 1.026998 3.613387 77.500000 77.500000 0.000000 2 1 43
5.173207 1.026998 3.613387 78.500000 77.500000 0.000000 2 1 43
5.173207 1.026998 3.613387 79.500000 77.500000 0.000000 2 1 43
5.173207 1.026998 3.613387 80.500000 77.500000 0.000000 2 1 43
5.173207 1.026998 3.613387 81.500000 77.500000 0.000000 2 1 43
5.173207 1.026998 3.613387 82.500000 77.500000 0.000000 2 1 43
5.173207 1.026998 3.613387 83.500000 77.500000 0.000000 2 1 43
5.173207 1.026998 3.613387 84.500000 77.500000 0.000000 2 1 43
5.173207 1.026998 3.613387 85.500000 77.500000 0.000000 2 1 43
5.173207 1.026998 3.613387 86.500000 77.500000 0.000000 2 1 43
5.173207 1.026998 3.613387 87.500000 77.500000 0.000000 2 1 43
5.173207 1.026998 3.613387 88.500000 77.500000 0.000000 2 1 43
5.173207 1.026998 3.613387 89.500000 77.500000 0.000000 2 1 43
5.173207 1.026998 3.613387 90.500000 77.500000 0.000000 2 1 43
5.173207 1.026998 3.613387 91.500000 77.500000 0.000000 2 1 43
5.173207 1.026998 3.613387 92.500000 77.500000 0.000000 2 1 43
5.173207 1.026998 3.613387 93.500000 77.500000 0.000000 2 1 43
5.173207 1.026998 3.613387 94.500000 77.500000 0.000000 2 1 43
5.173207 1.026998 3.613387 95.500000 77.500000 0.000000 2 1 43
5.173207 1.026998 3.613387 96.500000 77.500000 0.000000 2 1 43
5.173207 1.026998 3.613387 97.500000 77.500000 0.000000 2 1 43
5.173207 1.026998 3.613387 98.500000 77.500000 0.000000 2 1 43
5.173207 1.026998 3.613387 99.500000 77.500000 0.000000 2 1 43
0.822538 1.621784 0.968628 0.500000 78.500000 0.000000 4 1 43
0.822538 1.621784 0.968628 1.500000 78.500000 0.000000 4 1 43
0.822538 1.621784 0.968628 2.500000 78.500000 0.000000 4 1 43
0.822538 1.621784 0.968628 3.500000 78.500000 0.000000 4 1 43
0.822538 1.621784 0.968628 4.500000 78.500000 0.000000 4 1 43
0.822538 1.621784 0.968628 5.500000 78.500000 0.000000 4 1 43
0.822538 1.621784 0.968628 6.500000 78.500000 0.000000 4 1 43
0.822538 1.621784 0.968628 7.500000 78.500000 0.000000 4 1 43
0.822538 1.621784 0.968628 8.500000 78.500000 0.000000 4 1 43
0.822538 1.621784 0.968628 9.500000 78.500000 0.000000 4 1 43
0.822538 1.621784 0.968628 10.500000 78.500000 0.000000 4 1 43
0.822538 1.621784 0.968628 11.500000 78.500000 0.000000 4 1 43
0.822538 1.621784 0.968628 12.500000 78.500000 0.000000 4 1 43
0.822538 1.621784 0.968628 13.500000 78.500000 0.000000 4 1 43
0.822538 1.621784 0.968628 14.500000 78.500000 0.000000 4 1 43
0.822538 1.621784 0.968628 15.500000 78.500000 0.000000 4 1 43
0.822538 1.621784 0.968628 16.500000 78.500000 0.000000 4 1 43
0.822538 1.621784 0.968628 17.500000 78.500000 0.000000 4 1 43
0.822538 1.621784 0.968628 18.500000 78.500000 0.000000 4 1 43
0.822538 1.621784 0.968628 19.500000 78.500000 0.000000 4 1 43
0.822538 1.621784 0.968628 20.500000 78.500000 0.000000 4 1 43
0.822538 1.621784 0.968628 21.500000 78.500000 0.000000 4 1 43
0.822538 1.621784 0.968628 22.500000 78.500000 0.000000 4 1 43
0.822538 1.621784 0.968628 23.500000 78.500000 0.000000 4 1 43
0.822538 1.621784 0.968628 24.500000 78.500000 0.000000 4 1 43
0.822538 1.621784 0.968628 25.500000 78.500000 0.000000 4 1 43
0.822538 1.621784 0.968628 26.500000 78.500000 0.000000 4 1 43
0.822538 1.621784 0.968628 27.500000 78.500000 0.000000 4 1 43
0.822538 1.621784 0.968628 28.500000 78.500000 0.000000 4 1 43
0.822538 1.621784 0.968628 29.500000 78.500000 0.000000 4 1 43
0.822538 1.621784 0.968628 30.500000 78.500000 0.000000 4 1 43
0.822538 1.621784 0.968628 31.500000 78.500000 0.000000 4 1 43
0.822538 1.621784 0.968628 32.500000 78.500000 0.000000 4 1 43
0.822538 1.621784 0.968628 33.500000 78.500000 0.000000 4 1 43
0.822538 1.621784 0.968628 34.500000 78.500000 0.000000 4 1 43
0.822538 1.621784 0.968628 35.500000 78.500000 0.000000 4 1 43
0.822538 1.621784 0.968628 36.500000 78.500000 0.000000 4 1 43
0.822538 1.621784 0.968628 37.500000 78.500000 0.000000 4 1 43
0.822538 1.621784 0.968628 38.500000 78.500000 0.000000 4 1 43
0.822538 1.621784 0.968628 39.500000 78.500000 0.000000 4 1 43
0.822538 1.621784 0.968628 40.500000 78.500000 0.000000 4 1 43
0.822538 1.621784 0.968628 41.500000 78.500000 0.000000 4 1 43
0.822538 1.621784 0.968628 42.500000 78.500000 0.000000 4 1 43
0.822538 1.621784 0.968628 43.500000 78.500000 0.000000 4 1 43
0.822538 1.621784 0.968628 44.500000 78.500000 0.000000 4 1 43
0.822538 1.621784 0.968628 45.500000 78.500000 0.000000 4 1 43
0.822538 1.621784 0.968628 46.500000 78.500000 0.000000 4 1 43
0.822538 1.621784 0.968628 47.500000 78.500000 0.000000 4 1 43
0.822538 1.621784 0.968628 48.500000 78.500000 0.000000 4 1 43
0.822538 1.621784 0.968628 49.500000 78.500000 0.000000 4 1 43
0.822538 1.621784 0.968628 50.500000 78.500000 0.000000 4 1 43
0.822538 1.621784 0.968628 51.500000 78.500000 0.000000 4 1 43
4.932389 1.483221 0.152955 52.500000 78.500000 0.000000 0 1 43
4.932389 1.483221 0.152955 53.500000 78.500000 0.000000 0 1 43
4.932389 1.483221 0.152955 54.500000 78.500000 0.000000 0 1 43
4.932389 1.483221 0.152955 55.500000 78.500000 0.000000 0 1 43
4.932389 1.483221 0.152955 56.500000 78.500000 0.000000 0 1 43
4.932389 1.483221 0.152955 57.500000 78.500000 0.000000 0 1 43
4.932389 1.483221 0.152955 58.500000 78.500000 0.000000 0 1 43
4.932389 1.483221 0.152955 59.500000 78.500000 0.000000 0 1 43
4.932389 1.483221 0.152955 60.500000 78.500000 0.000000 0 1 43
4.932389 1.483221 0.152955 61.500000 78.500000 0.000000 0 1 43
4.932389 1.483221 0.152955 62.500000 78.500000 0.000000 0 1 43
4.932389 1.483221 0.152955 63.500000 78.500000 0.000000 0 1 43
4.932389 1.483221 0.152955 64.500000 78.500000 0.000000 0 1 43
4.932389 1.483221 0.152955 65.500000 78.500000 0.000000 0 1 43
4.932389 1.483221 0.152955 66.500000 78.500000 0.000000 0 1 43
4.932389 1.483221 0.152955 67.500000 78.500000 0.000000 0 1 43
4.932389 1.483221 0.152955 68.500000 78.500000 0.000000 0 1 43
4.932389 1.483221 0.152955 69.500000 78.500000 0.000000 0 1 43
4.932389 1.483221 0.152955 70.500000 78.500000 0.000000 0 1 43
4.932389 1.483221 0.152955 71.500000 78.500000 0.000000 0 1 43
4.932389 1.483221 0.152955 72.500000 78.500000 0.000000 0 1 43
5.173207 1.026998 3.613387 73.500000 78.500000 0.000000 2 1 43
5.173207 1.026998 3.613387 74.500000 78.500000 0.000000 2 1 43
5.173207 1.026998 3.613387 75.500000 78.500000 0.000000 2 1 43
5.173207 1.026998 3.613387 76.500000 78.500000 0.000000 2 1 43
5.173207 1.026998 3.613387 77.500000 78.500000 0.000000 2 1 43
5.173207 1.026998 3.613387 78.500000 78.500000 0.000000 2 1 43
5.173207 1.026998 3.613387 79.500000 78.500000 0.000000 2 1 43
5.173207 1.026998 3.613387 80.500000 78.500000 0.000000 2 1 43
5.173207 1.026998 3.613387 81.500000 78.500000 0.000000 2 1 43
5.173207 1.026998 3.613387 82.500000 78.500000 0.000000 2 1 43
5.173207 1.026998 3.613387 83.500000 78.500000 0.000000 2 1 43
5.173207 1.026998 3.613387 84.500000 78.500000 0.000000 2 1 43
5.173207 1.026998 3.613387 85.500000 78.500000 0.000000 2 1 43
5.173207 1.026998 3.613387 86.500000 78.500000 0.000000 2 1 43
5.173207 1.026998 3.613387 87.500000 78.500000 0.000000 2 1 43
5.173207 1.026998 3.613387 88.500000 78.500000 0.000000 2 1 43
5.173207 1.026998 3.613387 89.500000 78.500000 0.000000 2 1 43
5.173207 1.026998 3.613387 90.500000 78.500000 0.000000 2 1 43
5.173207 1.026998 3.613387 91.500000 78.500000 0.000000 2 1 43
5.173207 1.026998 3.613387 92.500000 78.500000 0.000000 2 1 43
5.173207 1.026998 3.613387 93.500000 78.500000 0.000000 2 1 43
5.173207 1.026998 3.613387 94.500000 78.500000 0.000000 2 1 43
5.173207 1.026998 3.613387 95.500000 78.500000 0.000000 2 1 43
5.173207 1.026998 3.613387 96.500000 78.500000 0.000000 2 1 43
5.173207 1.026998 3.613387 97.500000 78.500000 0.000000 2 1 43
5.173207 1.026998 3.613387 98.500000 78.500000 0.000000 2 1 43
5.173207 1.026998 3.613387 99.500000 78.500000 0.000000 2 1 43
0.822538 1.621784 0.968628 0.500000 79.500000 0.000000 4 1 43
0.822538 1.621784 0.968628 1.500000 79.500000 0.000000 4 1 43
0.822538 1.621784 0.968628 2.500000 79.500000 0.000000 4 1 43
0.822538 1.621784 0.968628 3.500000 79.500000 0.000000 4 1 43
0.822538 1.621784 0.968628 4.500000 79.500000 0.000000 4 1 43
0.822538 1.621784 0.968628 5.500000 79.500000 0.000000 4 1 43
0.822538 1.621784 0.968628 6.500000 79.500000 0.000000 4 1 43
0.822538 1.621784 0.968628 7.500000 79.500000 0.000000 4 1 43
0.822538 1.621784 0.968628 8.500000 79.500000 0.000000 4 1 43
0.822538 1.621784 0.968628 9.500000 79.500000 0.000000 4 1 43
0.822538 1.621784 0.968628 10.500000 79.500000 0.000000 4 1 43
0.822538 1.621784 0.968628 11.500000 79.500000 0.000000 4 1 43
0.822538 1.621784 0.968628 12.500000 79.500000 0.000000 4 1 43
0.822538 1.621784 0.968628 13.500000 79.500000 0.000000 4 1 43
0.822538 1.621784 0.968628 14.500000 79.500000 0.000000 4 1 43
0.822538 1.621784 0.968628 15.500000 79.500000 0.000000 4 1 43
0.822538 1.621784 0.968628 16.500000 79.500000 0.000000 4 1 43
0.822538 1.621784 0.968628 17.500000 79.500000 0.000000 4 1 43
0.822538 1.621784 0.968628 18.500000 79.500000 0.000000 4 1 43
0.822538 1.621784 0.968628 19.500000 79.500000 0.000000 4 1 43
0.822538 1.621784 0.968628 20.500000 79.500000 0.000000 4 1 43
0.822538 1.621784 0.968628 21.500000 79.500000 0.000000 4 1 43
0.822538 1.621784 0.968628 22.500000 79.500000 0.000000 4 1 43
0.822538 1.621784 0.968628 23.500000 79.500000 0.000000 4 1 43
0.822538 1.621784 0.968628 24.500000 79.500000 0.000000 4 1 43
0.822538 1.621784 0.968628 25.500000 79.500000 0.000000 4 1 43
0.822538 1.621784 0.968628 26.500000 79.500000 0.000000 4 1 43
0.822538 1.621784 0.968628 27.500000 79.500000 0.000000 4 1 43
0.822538 1.621784 0.968628 28.500000 79.500000 0.000000 4 1 43
0.822538 1.621784 0.968628 29.500000 79.500000 0.000000 4 1 43
0.822538 1.621784 0.968628 30.500000 79.500000 0.000000 4 1 43
0.822538 1.621784 0.968628 31.500000 79.500000 0.000000 4 1 43
0.822538 1.621784 0.968628 32.500000 79.500000 0.000000 4 1 43
0.822538 1.621784 0.968628 33.500000 79.500000 0.000000 4 1 43
0.822538 1.621784 0.968628 34.500000 79.500000 0.000000 4 1 43
0.822538 1.621784 0.968628 35.500000 79.500000 0.000000 4 1 43
0.822538 1.621784 0.968628 36.500000 79.500000 0.000000 4 1 43
0.822538 1.621784 0.968628 37.500000 79.500000 0.000000 4 1 43
0.822538 1.621784 0.968628 38.500000 79.500000 0.000000 4 1 43
0.822538 1.621784 0.968628 39.500000 79.500000 0.000000 4 1 43
0.822538 1.621784 0.968628 40.500000 79.500000 0.000000 4 1 43
0.822538 1.621784 0.968628 41.500000 79.500000 0.000000 4 1 43
0.822538 1.621784 0.968628 42.500000 79.500000 0.000000 4 1 43
0.822538 1.621784 0.968628 43.500000 79.500000 0.000000 4 1 43
0.822538 1.621784 0.968628 44.500000 79.500000 0.000000 4 1 43
0.822538 1.621784 0.968628 45.500000 79.500000 0.000000 4 1 43
0.822538 1.621784 0.968628 46.500000 79.500000 0.000000 4 1 43
0.822538 1.621784 0.968628 47.500000 79.500000 0.000000 4 1 43
0.822538 1.621784 0.968628 48.500000 79.500000 0.000000 4 1 43
0.822538 1.621784 0.968628 49.500000 79.500000 0.000000 4 1 43
0.822538 1.621784 0.968628 50.500000 79.500000 0.000000 4 1 43
4.932389 1.483221 0.152955 51.500000 79.500000 0.000000 0 1 43
4.932389 1.483221 0.152955 52.500000 79.500000 0.000000 0 1 43
4.932389 1.483221 0.152955 53.500000 79.500000 0.000000 0 1 43
4.932389 1.483221 0.152955 54.500000 79.500000 0.000000 0 1 43
4.932389 1.483221 0.152955 55.500000 79.500000 0.000000 0 1 43
4.932389 1.483221 0.152955 56.500000 79.500000 0.000000 0 1 43
4.932389 1.483221 0.152955 57.500000 79.500000 0.000000 0 1 43
4.932389 1.483221 0.152955 58.500000 79.500000 0.000000 0 1 43
4.932389 1.483221 0.152955 59.500000 79.500000 0.000000 0 1 43
4.932389 1.483221 0.152955 60.500000 79.500000 0.000000 0 1 43
4.932389 1.483221 0.152955 61.500000 79.500000 0.000000 0 1 43
4.932389 1.483221 0.152955 62.500000 79.500000 0.000000 0 1 43
4.932389 1.483221 0.152955 63.500000 79.500000 0.000000 0 1 43
4.932389 1.483221 0.152955 64.500000 79.500000 0.000000 0 1 43
4.932389 1.483221 0.152955 65.500000 79.500000 0.000000 0 1 43
4.932389 1.483221 0.152955 66.500000 79.500000 0.000000 0 1 43
4.932389 1.483221 0.152955 67.500000 79.500000 0.000000 0 1 43
4.932389 1.483221 0.152955 68.500000 79.500000 0.000000 0 1 43
4.932389 1.483221 0.152955 69.500000 79.500000 0.000000 0 1 43
4.932389 1.483221 0.152955 70.500000 79.500000 0.000000 0 1 43
4.932389 1.483221 0.152955 71.500000 79.500000 0.000000 0 1 43
4.932389 1.483221 0.152955 72.500000 79.500000 0.000000 0 1 43
4.932389 1.483221 0.152955 73.500000 79.500000 0.000000 0 1 43
5.173207 1.026998 3.613387 74.500000 79.500000 0.000000 2 1 43
5.173207 1.026998 3.613387 75.500000 79.500000 0.000000 2 1 43
5.173207 1.026998 3.613387 76.500000 79.500000 0.000000 2 1 43
5.173207 1.026998 3.613387 77.500000 79.500000 0.000000 2 1 43
5.173207 1.026998 3.613387 78.500000 79.500000 0.000000 2 1 43
5.173207 1.026998 3.613387 79.500000 79.500000 0.000000 2 1 43
5.173207 1.026998 3.613387 80.500000 79.500000 0.000000 2 1 43
5.173207 1.026998 3.613387 81.500000 79.500000 0.000000 2 1 43
5.173207 1.026998 3.613387 82.500000 79.500000 0.000000 2 1 43
5.173207 1.026998 3.613387 83.500000 79.500000 0.000000 2 1 43
5.173207 1.026998 3.613387 84.500000 79.500000 0.000000 2 1 43
5.173207 1.026998 3.613387 85.500000 79.500000 0.000000 2 1 43
5.173207 1.026998 3.613387 86.500000 79.500000 0.000000 2 1 43
5.173207 1.026998 3.613387 87.500000 79.500000 0.000000 2 1 43
5.173207 1.026998 3.613387 88.500000 79.500000 0.000000 2 1 43
5.173207 1.026998 3.613387 89.500000 79.500000 0.000000 2 1 43
5.173207 1.026998 3.613387 90.500000 79.500000 0.000000 2 1 43
5.173207 1.026998 3.613387 91.500000 79.500000 0.000000 2 1 43
5.173207 1.026998 3.613387 92.500000 79.500000 0.000000 2 1 43
5.173207 1.026998 3.613387 93.500000 79.500000 0.000000 2 1 43
5.173207 1.026998 3.613387 94.500000 79.500000 0.000000 2 1 43
5.173207 1.026998 3.613387 95.500000 79.500000 0.000000 2 1 43
5.173207 1.026998 3.613387 96.500000 79.500000 0.000000 2 1 43
5.173207 1.026998 3.613387 97.500000 79.500000 0.000000 2 1 43
5.173207 1.026998 3.613387 98.500000 79.500000 0.000000 2 1 43
5.173207 1.026998 3.613387 99.500000 79.500000 0.000000 2 1 43
0.822538 1.621784 0.968628 0.500000 80.500000 0.000000 4 1 43
0.822538 1.621784 0.968628 1.500000 80.500000 0.000000 4 1 43
0.822538 1.621784 0.968628 2.500000 80.500000 0.000000 4 1 43
0.822538 1.621784 0.968628 3.500000 80.500000 0.000000 4 1 43
0.822538 1.621784 0.968628 4.500000 80.500000 0.000000 4 1 43
0.822538 1.621784 0.968628 5.500000 80.500000 0.000000 4 1 43
0.822538 1.621784 0.968628 6.500000 80.500000 0.000000 4 1 43
0.822538 1.621784 0.968628 7.500000 80.500000 0.000000 4 1 43
0.822538 1.621784 0.968628 8.500000 80.500000 0.000000 4 1 43
0.822538 1.621784 0.968628 9.500000 80.500000 0.000000 4 1 43
0.822538 1.621784 0.968628 10.500000 80.500000 0.000000 4 1 43
0.822538 1.621784 0.968628 11.500000 80.500000 0.000000 4 1 43
0.822538 1.621784 0.968628 12.500000 80.500000 0.000000 4 1 43
0.822538 1.621784 0.968628 13.500000 80.500000 0.000000 4 1 43
0.822538 1.621784 0.968628 14.500000 80.500000 0.000000 4 1 43
0.822538 1.621784 0.968628 15.500000 80.500000 0.000000 4 1 43
0.822538 1.621784 0.968628 16.500000 80.500000 0.000000 4 1 43
0.822538 1.621784 0.968628 17.500000 80.500000 0.000000 4 1 43
0.822538 1.621784 0.968628 18.500000 80.500000 0.000000 4 1 43
0.822538 1.621784 0.968628 19.500000 80.500000 0.000000 4 1 43
0.822538 1.621784 0.968628 20.500000 80.500000 0.000000 4 1 43
0.822538 1.621784 0.968628 21.500000 80.500000 0.000000 4 1 43
0.822538 1.621784 0.968628 22.500000 80.500000 0.000000 4 1 43
0.822538 1.621784 0.968628 23.500000 80.500000 0.000000 4 1 43
0.822538 1.621784 0.968628 24.500000 80.500000 0.000000 4 1 43
0.822538 1.621784 0.968628 25.500000 80.500000 0.000000 4 1 43
0.822538 1.621784 0.968628 26.500000 80.500000 0.000000 4 1 43
0.822538 1.621784 0.968628 27.500000 80.500000 0.000000 4 1 43
0.822538 1.621784 0.968628 28.500000 80.500000 0.000000 4 1 43
0.822538 1.621784 0.968628 29.500000 80.500000 0.000000 4 1 43
0.822538 1.621784 0.968628 30.500000 80.500000 0.000000 4 1 43
0.822538 1.621784 0.968628 31.500000 80.500000 0.000000 4 1 43
0.822538 1.621784 0.968628 32.500000 80.500000 0.000000 4 1 43
0.822538 1.621784 0.968628 33.500000 80.500000 0.000000 4 1 43
0.822538 1.621784 0.968628 34.500000 80.500000 0.000000 4 1 43
0.822538 1.621784 0.968628 35.500000 80.500000 0.000000 4 1 43
0.822538 1.621784 0.968628 36.500000 80.500000 0.000000 4 1 43
0.822538 1.621784 0.968628 37.500000 80.500000 0.000000 4 1 43
0.822538 1.621784 0.968628 38.500000 80.500000 0.000000 4 1 43
0.822538 1.621784 0.968628 39.500000 80.500000 0.000000 4 1 43
0.822538 1.621784 0.968628 40.500000 80.500000 0.000000 4 1 43
0.822538 1.621784 0.968628 41.500000 80.500000 0.000000 4 1 43
0.822538 1.621784 0.968628 42.500000 80.500000 0.000000 4 1 43
0.822538 1.621784 0.968628 43.500000 80.500000 0.000000 4 1 43
0.822538 1.621784 0.968628 44.500000 80.500000 0.000000 4 1 43
0.822538 1.621784 0.968628 45.500000 80.500000 0.000000 4 1 43
0.822538 1.621784 0.968628 46.500000 80.500000 0.000000 4 1 43
0.822538 1.621784 0.968628 47.500000 80.500000 0.000000 4 1 43
0.822538 1.621784 0.968628 48.500000 80.500000 0.000000 4 1 43
0.822538 1.621784 0.968628 49.500000 80.500000 0.000000 4 1 43
0.822538 1.621784 0.968628 50.500000 80.500000 0.000000 4 1 43
4.932389 1.483221 0.152955 51.500000 80.500000 0.000000 0 1 43
4.932389 1.483221 0.152955 52.500000 80.500000 0.000000 0 1 43
4.932389 1.483221 0.152955 53.500000 80.500000 0.000000 0 1 43
4.932389 1.483221 0.152955 54.500000 80.500000 0.000000 0 1 43
4.932389 1.483221 0.152955 55.500000 80.500000 0.000000 0 1 43
4.932389 1.483221 0.152955 56.500000 80.500000 0.000000 0 1 43
4.932389 1.483221 0.152955 57.500000 80.500000 0.000000 0 1 43
4.932389 1.483221 0.152955 58.500000 80.500000 0.000000 0 1 43
4.932389 1.483221 0.152955 59.500000 80.500000 0.000000 0 1 43
4.932389 1.483221 0.152955 60.500000 80.500000 0.000000 0 1 43
4.932389 1.483221 0.152955 61.500000 80.500000 0.000000 0 1 43
4.932389 1.483221 0.152955 62.500000 80.500000 0.000000 0 1 43
4.932389 1.483221 0.152955 63.500000 80.500000 0.000000 0 1 43
4.932389 1.483221 0.152955 64.500000 80.500000 0.000000 0 1 43
4.932389 1.483221 0.152955 65.500000 80.500000 0.000000 0 1 43
4.932389 1.483221 0.152955 66.500000 80.500000 0.000000 0 1 43
4.932389 1.483221 0.152955 67.500000 80.500000 0.000000 0 1 43
4.932389 1.483221 0.152955 68.500000 80.500000 0.000000 0 1 43
4.932389 1.483221 0.152955 69.500000 80.500000 0.000000 0 1 43
4.932389 1.483221 0.152955 70.500000 80.500000 0.000000 0 1 43
4.932389 1.483221 0.152955 71.500000 80.500000 0.000000 0 1 43
4.932389 1.483221 0.152955 72.500000 80.500000 0.000000 0 1 43
4.932389 1.483221 0.152955 73.500000 80.500000 0.000000 0 1 43
4.932389 1.483221 0.152955 74.500000 80.500000 0.000000 0 1 43
5.173207 1.026998 3.613387 75.500000 80.500000 0.000000 2 1 43
5.173207 1.026998 3.613387 76.500000 80.500000 0.000000 2 1 43
5.173207 1.026998 3.613387 77.500000 80.500000 0.000000 2 1 43
5.173207 1.026998 3.613387 78.500000 80.500000 0.000000 2 1 43
5.173207 1.026998 3.613387 79.500000 80.500000 0.000000 2 1 43
5.173207 1.026998 3.613387 80.500000 80.500000 0.000000 2 1 43
5.173207 1.026998 3.613387 81.500000 80.500000 0.000000 2 1 43
5.173207 1.026998 3.613387 82.500000 80.500000 0.000000 2 1 43
5.173207 1.026998 3.613387 83.500000 80.500000 0.000000 2 1 43
5.173207 1.026998 3.613387 84.500000 80.500000 0.000000 2 1 43
5.173207 1.026998 3.613387 85.500000 80.500000 0.000000 2 1 43
5.173207 1.026998 3.613387 86.500000 80.500000 0.000000 2 1 43
5.173207 1.026998 3.613387 87.500000 80.500000 0.000000 2 1 43
5.173207 1.026998 3.613387 88.500000 80.500000 0.000000 2 1 43
5.173207 1.026998 3.613387 89.500000 80.500000 0.000000 2 1 43
5.173207 1.026998 3.613387 90.500000 80.500000 0.000000 2 1 43
5.173207 1.026998 3.613387 91.500000 80.500000 0.000000 2 1 43
5.173207 1.026998 3.613387 92.500000 80.500000 0.000000 2 1 43
5.173207 1.026998 3.613387 93.500000 80.500000 0.000000 2 1 43
5.173207 1.026998 3.613387 94.500000 80.500000 0.000000 2 1 43
5.173207 1.026998 3.613387 95.500000 80.500000 0.000000 2 1 43
5.173207 1.026998 3.613387 96.500000 80.500000 0.000000 2 1 43
5.173207 1.026998 3.613387 97.500000 80.500000 0.000000 2 1 43
5.173207 1.026998 3.613387 98.500000 80.500000 0.000000 2 1 43
5.173207 1.026998 3.613387 99.500000 80.500000 0.000000 2 1 43
0.822538 1.621784 0.968628 0.500000 81.500000 0.000000 4 1 43
0.822538 1.621784 0.968628 1.500000 81.500000 0.000000 4 1 43
0.822538 1.621784 0.968628 2.500000 81.500000 0.000000 4 1 43
0.822538 1.621784 0.968628 3.500000 81.500000 0.000000 4 1 43
0.822538 1.621784 0.968628 4.500000 81.500000 0.000000 4 1 43
0.822538 1.621784 0.968628 5.500000 81.500000 0.000000 4 1 43
0.822538 1.621784 0.968628 6.500000 81.500000 0.000000 4 1 43
0.822538 1.621784 0.968628 7.500000 81.500000 0.000000 4 1 43
0.822538 1.621784 0.968628 8.500000 81.500000 0.000000 4 1 43
0.822538 1.621784 0.968628 9.500000 81.500000 0.000000 4 1 43
0.822538 1.621784 0.968628 10.500000 81.500000 0.000000 4 1 43
0.822538 1.621784 0.968628 11.500000 81.500000 0.000000 4 1 43
0.822538 1.621784 0.968628 12.500000 81.500000 0.000000 4 1 43
0.822538 1.621784 0.968628 13.500000 81.500000 0.000000 4 1 43
0.822538 1.621784 0.968628 14.500000 81.500000 0.000000 4 1 43
0.822538 1.621784 0.968628 15.500000 81.500000 0.000000 4 1 43
0.822538 1.621784 0.968628 16.500000 81.500000 0.000000 4 1 43
0.822538 1.621784 0.968628 17.500000 81.500000 0.000000 4 1 43
0.822538 1.621784 0.968628 18.500000 81.500000 0.000000 4 1 43
0.822538 1.621784 0.968628 19.500000 81.500000 0.000000 4 1 43
0.822538 1.621784 0.968628 20.500000 81.500000 0.000000 4 1 43
0.822538 1.621784 0.968628 21.500000 81.500000 0.000000 4 1 43
0.822538 1.621784 0.968628 22.500000 81.500000 0.000000 4 1 43
0.822538 1.621784 0.968628 23.500000 81.500000 0.000000 4 1 43
0.822538 1.621784 0.968628 24.500000 81.500000 0.000000 4 1 43
0.822538 1.621784 0.968628 25.500000 81.500000 0.000000 4 1 43
0.822538 1.621784 0.968628 26.500000 81.500000 0.000000 4 1 43
0.822538 1.621784 0.968628 27.500000 81.500000 0.000000 4 1 43
0.822538 1.621784 0.968628 28.500000 81.500000 0.000000 4 1 43
0.822538 1.621784 0.968628 29.500000 81.500000 0.000000 4 1 43
0.822538 1.621784 0.968628 30.500000 81.500000 0.000000 4 1 43
0.822538 1.621784 0.968628 31.500000 81.500000 0.000000 4 1 43
0.822538 1.621784 0.968628 32.500000 81.500000 0.000000 4 1 43
0.822538 1.621784 0.968628 33.500000 81.500000 0.000000 4 1 43
0.822538 1.621784 0.968628 34.500000 81.500000 0.000000 4 1 43
0.822538 1.621784 0.968628 35.500000 81.500000 0.000000 4 1 43
0.822538 1.621784 0.968628 36.500000 81.500000 0.000000 4 1 43
0.822538 1.621784 0.968628 37.500000 81.500000 0.000000 4 1 43
0.822538 1.621784 0.968628 38.500000 81.500000 0.000000 4 1 43
0.822538 1.621784 0.968628 39.500000 81.500000 0.000000 4 1 43
0.822538 1.621784 0.968628 40.500000 81.500000 0.000000 4 1 43
0.822538 1.621784 0.968628 41.500000 81.500000 0.000000 4 1 43
0.822538 1.621784 0.968628 42.500000 81.500000 0.000000 4 1 43
0.822538 1.621784 0.968628 43.500000 81.500000 0.000000 4 1 43
0.822538 1.621784 0.968628 44.500000 81.500000 0.000000 4 1 43
0.822538 1.621784 0.968628 45.500000 81.500000 0.000000 4 1 43
0.822538 1.621784 0.968628 46.500000 81.500000 0.000000 4 1 43
0.822538 1.621784 0.968628 47.500000 81.500000 0.000000 4 1 43
0.822538 1.621784 0.968628 48.500000 81.500000 0.000000 4 1 43
0.822538 1.621784 0.968628 49.500000 81.500000 0.000000 4 1 43
0.822538 1.621784 0.968628 50.500000 81.500000 0.000000 4 1 43
4.932389 1.483221 0.152955 51.500000 81.500000 0.000000 0 1 43
4.932389 1.483221 0.152955 52.500000 81.500000 0.000000 0 1 43
4.932389 1.483221 0.152955 53.500000 81.500000 0.000000 0 1 43
4.932389 1.483221 0.152955 54.500000 81.500000 0.000000 0 1 43
4.932389 1.483221 0.152955 55.500000 81.500000 0.000000 0 1 43
4.932389 1.483221 0.152955 56.500000 81.500000 0.000000 0 1 43
4.932389 1.483221 0.152955 57.500000 81.500000 0.000000 0 1 43
4.932389 1.483221 0.152955 58.500000 81.500000 0.000000 0 1 43
4.932389 1.483221 0.152955 59.500000 81.500000 0.000000 0 1 43
4.932389 1.483221 0.152955 60.500000 81.500000 0.000000 0 1 43
4.932389 1.483221 0.152955 61.500000 81.500000 0.000000 0 1 43
4.932389 1.483221 0.152955 62.500000 81.500000 0.000000 0 1 43
4.932389 1.483221 0.152955 63.500000 81.500000 0.000000 0 1 43
4.932389 1.483221 0.152955 64.500000 81.500000 0.000000 0 1 43
4.932389 1.483221 0.152955 65.500000 81.500000 0.000000 0 1 43
4.932389 1.483221 0.152955 66.500000 81.500000 0.000000 0 1 43
4.932389 1.483221 0.152955 67.500000 81.500000 0.000000 0 1 43
4.932389 1.483221 0.152955 68.500000 81.500000 0.000000 0 1 43
4.932389 1.483221 0.152955 69.500000 81.500000 0.000000 0 1 43
4.932389 1.483221 0.152955 70.500000 81.500000 0.000000 0 1 43
4.932389 1.483221 0.152955 71.500000 81.500000 0.000000 0 1 43
4.932389 1.483221 0.152955 72.500000 81.500000 0.000000 0 1 43
4.932389 1.483221 0.152955 73.500000 81.500000 0.000000 0 1 43
4.932389 1.483221 0.152955 74.500000 81.500000 0.000000 0 1 43
4.932389 1.483221 0.152955 75.500000 81.500000 0.000000 0 1 43
5.173207 1.026998 3.613387 76.500000 81.500000 0.000000 2 1 43
5.173207 1.026998 3.613387 77.500000 81.500000 0.000000 2 1 43
5.173207 1.026998 3.613387 78.500000 81.500000 0.000000 2 1 43
5.173207 1.026998 3.613387 79.500000 81.500000 0.000000 2 1 43
5.173207 1.026998 3.613387 80.500000 81.500000 0.000000 2 1 43
5.173207 1.026998 3.613387 81.500000 81.500000 0.000000 2 1 43
5.173207 1.026998 3.613387 82.500000 81.500000 0.000000 2 1 43
5.173207 1.026998 3.613387 83.500000 81.500000 0.000000 2 1 43
5.173207 1.026998 3.613387 84.500000 81.500000 0.000000 2 1 43
5.173207 1.026998 3.613387 85.500000 81.500000 0.000000 2 1 43
5.173207 1.026998 3.613387 86.500000 81.500000 0.000000 2 1 43
5.173207 1.026998 3.613387 87.500000 81.500000 0.000000 2 1 43
5.173207 1.026998 3.613387 88.500000 81.500000 0.000000 2 1 43
5.173207 1.026998 3.613387 89.500000 81.500000 0.000000 2 1 43
5.173207 1.026998 3.613387 90.500000 81.500000 0.000000 2 1 43
5.173207 1.026998 3.613387 91.500000 81.500000 0.000000 2 1 43
5.173207 1.026998 3.613387 92.500000 81.500000 0.000000 2 1 43
5.173207 1.026998 3.613387 93.500000 81.500000 0.000000 2 1 43
5.173207 1.026998 3.613387 94.500000 81.500000 0.000000 2 1 43
5.173207 1.026998 3.613387 95.500000 81.500000 0.000000 2 1 43
5.173207 1.026998 3.613387 96.500000 81.500000 0.000000 2 1 43
5.173207 1.026998 3.613387 97.500000 81.500000 0.000000 2 1 43
5.173207 1.026998 3.613387 98.500000 81.500000 0.000000 2 1 43
5.173207 1.026998 3.613387 99.500000 81.500000 0.000000 2 1 43
0.822538 1.621784 0.968628 0.500000 82.500000 0.000000 4 1 43
0.822538 1.621784 0.968628 1.500000 82.500000 0.000000 4 1 43
0.822538 1.621784 0.968628 2.500000 82.500000 0.000000 4 1 43
0.822538 1.621784 0.968628 3.500000 82.500000 0.000000 4 1 43
0.822538 1.621784 0.968628 4.500000 82.500000 0.000000 4 1 43
0.822538 1.621784 0.968628 5.500000 82.500000 0.000000 4 1 43
0.822538 1.621784 0.968628 6.500000 82.500000 0.000000 4 1 43
0.822538 1.621784 0.968628 7.500000 82.500000 0.000000 4 1 43
0.822538 1.621784 0.968628 8.500000 82.500000 0.000000 4 1 43
0.822538 1.621784 0.968628 9.500000 82.500000 0.000000 4 1 43
0.822538 1.621784 0.968628 10.500000 82.500000 0.000000 4 1 43
0.822538 1.621784 0.968628 11.500000 82.500000 0.000000 4 1 43
0.822538 1.621784 0.968628 12.500000 82.500000 0.000000 4 1 43
0.822538 1.621784 0.968628 13.500000 82.500000 0.000000 4 1 43
0.822538 1.621784 0.968628 14.500000 82.500000 0.000000 4 1 43
0.822538 1.621784 0.968628 15.500000 82.500000 0.000000 4 1 43
0.822538 1.621784 0.968628 16.500000 82.500000 0.000000 4 1 43
0.822538 1.621784 0.968628 17.500000 82.500000 0.000000 4 1 43
0.822538 1.621784 0.968628 18.500000 82.500000 0.000000 4 1 43
0.822538 1.621784 0.968628 19.500000 82.500000 0.000000 4 1 43
0.822538 1.621784 0.968628 20.500000 82.500000 0.000000 4 1 43
0.822538 1.621784 0.968628 21.500000 82.500000 0.000000 4 1 43
0.822538 1.621784 0.968628 22.500000 82.500000 0.000000 4 1 43
0.822538 1.621784 0.968628 23.500000 82.500000 0.000000 4 1 43
0.822538 1.621784 0.968628 24.500000 82.500000 0.000000 4 1 43
0.822538 1.621784 0.968628 25.500000 82.500000 0.000000 4 1 43
0.822538 1.621784 0.968628 26.500000 82.500000 0.000000 4 1 43
0.822538 1.621784 0.968628 27.500000 82.500000 0.000000 4 1 43
0.822538 1.621784 0.968628 28.500000 82.500000 0.000000 4 1 43
0.822538 1.621784 0.968628 29.500000 82.500000 0.000000 4 1 43
0.822538 1.621784 0.968628 30.500000 82.500000 0.000000 4 1 43
0.822538 1.621784 0.968628 31.500000 82.500000 0.000000 4 1 43
0.822538 1.621784 0.968628 32.500000 82.500000 0.000000 4 1 43
0.822538 1.621784 0.968628 33.500000 82.500000 0.000000 4 1 43
0.822538 1.621784 0.968628 34.500000 82.500000 0.000000 4 1 43
0.822538 1.621784 0.968628 35.500000 82.500000 0.000000 4 1 43
0.822538 1.621784 0.968628 36.500000 82.500000 0.000000 4 1 43
0.822538 1.621784 0.968628 37.500000 82.500000 0.000000 4 1 43
0.822538 1.621784 0.968628 38.500000 82.500000 0.000000 4 1 43
0.822538 1.621784 0.968628 39.500000 82.500000 0.000000 4 1 43
0.822538 1.621784 0.968628 40.500000 82.500000 0.000000 4 1 43
0.822538 1.621784 0.968628 41.500000 82.500000 0.000000 4 1 43
0.822538 1.621784 0.968628 42.500000 82.500000 0.000000 4 1 43
0.822538 1.621784 0.968628 43.500000 82.500000 0.000000 4 1 43
0.822538 1.621784 0.968628 44.500000 82.500000 0.000000 4 1 43
0.822538 1.621784 0.968628 45.500000 82.500000 0.000000 4 1 43
0.822538 1.621784 0.968628 46.500000 82.500000 0.000000 4 1 43
0.822538 1.621784 0.968628 47.500000 82.500000 0.000000 4 1 43
0.822538 1.621784 0.968628 48.500000 82.500000 0.000000 4 1 43
0.822538 1.621784 0.968628 49.500000 82.500000 0.000000 4 1 43
4.932389 1.483221 0.152955 50.500000 82.500000 0.000000 0 1 43
4.932389 1.483221 0.152955 51.500000 82.500000 0.000000 0 1 43
4.932389 1.483221 0.152955 52.500000 82.500000 0.000000 0 1 43
4.932389 1.483221 0.152955 53.500000 82.500000 0.000000 0 1 43
4.932389 1.483221 0.152955 54.500000 82.500000 0.000000 0 1 43
4.932389 1.483221 0.152955 55.500000 82.500000 0.000000 0 1 43
4.932389 1.483221 0.152955 56.500000 82.500000 0.000000 0 1 43
4.932389 1.483221 0.152955 57.500000 82.500000 0.000000 0 1 43
4.932389 1.483221 0.152955 58.500000 82.500000 0.000000 0 1 43
4.932389 1.483221 0.152955 59.500000 82.500000 0.000000 0 1 43
4.932389 1.483221 0.152955 60.500000 82.500000 0.000000 0 1 43
4.932389 1.483221 0.152955 61.500000 82.500000 0.000000 0 1 43
4.932389 1.483221 0.152955 62.500000 82.500000 0.000000 0 1 43
4.932389 1.483221 0.152955 63.500000 82.500000 0.000000 0 1 43
4.932389 1.483221 0.152955 64.500000 82.500000 0.000000 0 1 43
4.932389 1.483221 0.152955 65.500000 82.500000 0.000000 0 1 43
4.932389 1.483221 0.152955 66.500000 82.500000 0.000000 0 1 43
4.932389 1.483221 0.152955 67.500000 82.500000 0.000000 0 1 43
4.932389 1.483221 0.152955 68.500000 82.500000 0.000000 0 1 43
4.932389 1.483221 0.152955 69.500000 82.500000 0.000000 0 1 43
4.932389 1.483221 0.152955 70.500000 82.500000 0.000000 0 1 43
4.932389 1.483221 0.152955 71.500000 82.500000 0.000000 0 1 43
4.932389 1.483221 0.152955 72.500000 82.500000 0.000000 0 1 43
4.932389 1.483221 0.152955 73.500000 82.500000 0.000000 0 1 43
4.932389 1.483221 0.152955 74.500000 82.500000 0.000000 0 1 43
4.932389 1.483221 0.152955 75.500000 82.500000 0.000000 0 1 43
4.932389 1.483221 0.152955 76.500000 82.500000 0.000000 0 1 43
5.173207 1.026998 3.613387 77.500000 82.500000 0.000000 2 1 43
5.173207 1.026998 3.613387 78.500000 82.500000 0.000000 2 1 43
5.173207 1.026998 3.613387 79.500000 82.500000 0.000000 2 1 43
5.173207 1.026998 3.613387 80.500000 82.500000 0.000000 2 1 43
5.173207 1.026998 3.613387 81.500000 82.500000 0.000000 2 1 43
5.173207 1.026998 3.613387 82.500000 82.500000 0.000000 2 1 43
5.173207 1.026998 3.613387 83.500000 82.500000 0.000000 2 1 43
5.173207 1.026998 3.613387 84.500000 82.500000 0.000000 2 1 43
5.173207 1.026998 3.613387 85.500000 82.500000 0.000000 2 1 43
5.173207 1.026998 3.613387 86.500000 82.500000 0.000000 2 1 43
5.173207 1.026998 3.613387 87.500000 82.500000 0.000000 2 1 43
5.173207 1.026998 3.613387 88.500000 82.500000 0.000000 2 1 43
5.173207 1.026998 3.613387 89.500000 82.500000 0.000000 2 1 43
5.173207 1.026998 3.613387 90.500000 82.500000 0.000000 2 1 43
5.173207 1.026998 3.613387 91.500000 82.500000 0.000000 2 1 43
5.173207 1.026998 3.613387 92.500000 82.500000 0.000000 2 1 43
5.173207 1.026998 3.613387 93.500000 82.500000 0.000000 2 1 43
5.173207 1.026998 3.613387 94.500000 82.500000 0.000000 2 1 43
5.173207 1.026998 3.613387 95.500000 82.500000 0.000000 2 1 43
5.173207 1.026998 3.613387 96.500000 82.500000 0.000000 2 1 43
5.173207 1.026998 3.613387 97.500000 82.500000 0.000000 2 1 43
5.173207 1.026998 3.613387 98.500000 82.500000 0.000000 2 1 43
5.173207 1.026998 3.613387 99.500000 82.500000 0.000000 2 1 43
0.822538 1.621784 0.968628 0.500000 83.500000 0.000000 4 1 43
0.822538 1.621784 0.968628 1.500000 83.500000 0.000000 4 1 43
0.822538 1.621784 0.968628 2.500000 83.500000 0.000000 4 1 43
0.822538 1.621784 0.968628 3.500000 83.500000 0.000000 4 1 43
0.822538 1.621784 0.968628 4.500000 83.500000 0.000000 4 1 43
0.822538 1.621784 0.968628 5.500000 83.500000 0.000000 4 1 43
0.822538 1.621784 0.968628 6.500000 83.500000 0.000000 4 1 43
0.822538 1.621784 0.968628 7.500000 83.500000 0.000000 4 1 43
0.822538 1.621784 0.968628 8.500000 83.500000 0.000000 4 1 43
0.822538 1.621784 0.968628 9.500000 83.500000 0.000000 4 1 43
0.822538 1.621784 0.968628 10.500000 83.500000 0.000000 4 1 43
0.822538 1.621784 0.968628 11.500000 83.500000 0.000000 4 1 43
0.822538 1.621784 0.968628 12.500000 83.500000 0.000000 4 1 43
0.822538 1.621784 0.968628 13.500000 83.500000 0.000000 4 1 43
0.822538 1.621784 0.968628 14.500000 83.500000 0.000000 4 1 43
0.822538 1.621784 0.968628 15.500000 83.500000 0.000000 4 1 43
0.822538 1.621784 0.968628 16.500000 83.500000 0.000000 4 1 43
0.822538 1.621784 0.968628 17.500000 83.500000 0.000000 4 1 43
0.822538 1.621784 0.968628 18.500000 83.500000 0.000000 4 1 43
0.822538 1.621784 0.968628 19.500000 83.500000 0.000000 4 1 43
0.822538 1.621784 0.968628 20.500000 83.500000 0.000000 4 1 43
0.822538 1.621784 0.968628 21.500000 83.500000 0.000000 4 1 43
0.822538 1.621784 0.968628 22.500000 83.500000 0.000000 4 1 43
0.822538 1.621784 0.968628 23.500000 83.500000 0.000000 4 1 43
0.822538 1.621784 0.968628 24.500000 83.500000 0.000000 4 1 43
0.822538 1.621784 0.968628 25.500000 83.500000 0.000000 4 1 43
0.822538 1.621784 0.968628 26.500000 83.500000 0.000000 4 1 43
0.822538 1.621784 0.968628 27.500000 83.500000 0.000000 4 1 43
0.822538 1.621784 0.968628 28.500000 83.500000 0.000000 4 1 43
0.822538 1.621784 0.968628 29.500000 83.500000 0.000000 4 1 43
0.822538 1.621784 0.968628 30.500000 83.500000 0.000000 4 1 43
0.822538 1.621784 0.968628 31.500000 83.500000 0.000000 4 1 43
0.822538 1.621784 0.968628 32.500000 83.500000 0.000000 4 1 43
0.822538 1.621784 0.968628 33.500000 83.500000 0.000000 4 1 43
0.822538 1.621784 0.968628 34.500000 83.500000 0.000000 4 1 43
0.822538 1.621784 0.968628 35.500000 83.500000 0.000000 4 1 43
0.822538 1.621784 0.968628 36.500000 83.500000 0.000000 4 1 43
0.822538 1.621784 0.968628 37.500000 83.500000 0.000000 4 1 43
0.822538 1.621784 0.968628 38.500000 83.500000 0.000000 4 1 43
0.822538 1.621784 0.968628 39.500000 83.500000 0.000000 4 1 43
0.822538 1.621784 0.968628 40.500000 83.500000 0.000000 4 1 43
0.822538 1.621784 0.968628 41.500000 83.500000 0.000000 4 1 43
0.822538 1.621784 0.968628 42.500000 83.500000 0.000000 4 1 43
0.822538 1.621784 0.968628 43.500000 83.500000 0.000000 4 1 43
0.822538 1.621784 0.968628 44.500000 83.500000 0.000000 4 1 43
0.822538 1.621784 0.968628 45.500000 83.500000 0.000000 4 1 43
0.822538 1.621784 0.968628 46.500000 83.500000 0.000000 4 1 43
0.822538 1.621784 0.968628 47.500000 83.500000 0.000000 4 1 43
0.822538 1.621784 0.968628 48.500000 83.500000 0.000000 4 1 43
0.822538 1.621784 0.968628 49.500000 83.500000 0.000000 4 1 43
4.932389 1.483221 0.152955 50.500000 83.500000 0.000000 0 1 43
4.932389 1.483221 0.152955 51.500000 83.500000 0.000000 0 1 43
4.932389 1.483221 0.152955 52.500000 83.500000 0.000000 0 1 43
4.932389 1.483221 0.152955 53.500000 83.500000 0.000000 0 1 43
4.932389 1.483221 0.152955 54.500000 83.500000 0.000000 0 1 43
4.932389 1.483221 0.152955 55.500000 83.500000 0.000000 0 1 43
4.932389 1.483221 0.152955 56.500000 83.500000 0.000000 0 1 43
4.932389 1.483221 0.152955 57.500000 83.500000 0.000000 0 1 43
4.932389 1.483221 0.152955 58.500000 83.500000 0.000000 0 1 43
4.932389 1.483221 0.152955 59.500000 83.500000 0.000000 0 1 43
4.932389 1.483221 0.152955 60.500000 83.500000 0.000000 0 1 43
4.932389 1.483221 0.152955 61.500000 83.500000 0.000000 0 1 43
4.932389 1.483221 0.152955 62.500000 83.500000 0.000000 0 1 43
4.932389 1.483221 0.152955 63.500000 83.500000 0.000000 0 1 43
4.932389 1.483221 0.152955 64.500000 83.500000 0.000000 0 1 43
4.932389 1.483221 0.152955 65.500000 83.500000 0.000000 0 1 43
4.932389 1.483221 0.152955 66.500000 83.500000 0.000000 0 1 43
4.932389 1.483221 0.152955 67.500000 83.500000 0.000000 0 1 43
4.932389 1.483221 0.152955 68.500000 83.500000 0.000000 0 1 43
4.932389 1.483221 0.152955 69.500000 83.500000 0.000000 0 1 43
4.932389 1.483221 0.152955 70.500000 83.500000 0.000000 0 1 43
4.932389 1.483221 0.152955 71.500000 83.500000 0.000000 0 1 43
4.932389 1.483221 0.152955 72.500000 83.500000 0.000000 0 1 43
4.932389 1.483221 0.152955 73.500000 83.500000 0.000000 0 1 43
4.932389 1.483221 0.152955 74.500000 83.500000 0.000000 0 1 43
4.932389 1.483221 0.152955 75.500000 83.500000 0.000000 0 1 43
4.932389 1.483221 0.152955 76.500000 83.500000 0.000000 0 1 43
4.932389 1.483221 0.152955 77.500000 83.500000 0.000000 0 1 43
5.173207 1.026998 3.613387 78.500000 83.500000 0.000000 2 1 43
5.173207 1.026998 3.613387 79.500000 83.500000 0.000000 2 1 43
5.173207 1.026998 3.613387 80.500000 83.500000 0.000000 2 1 43
5.173207 1.026998 3.613387 81.500000 83.500000 0.000000 2 1 43
5.173207 1.026998 3.613387 82.500000 83.500000 0.000000 2 1 43
5.173207 1.026998 3.613387 83.500000 83.500000 0.000000 2 1 43
5.173207 1.026998 3.613387 84.500000 83.500000 0.000000 2 1 43
5.173207 1.026998 3.613387 85.500000 83.500000 0.000000 2 1 43
5.173207 1.026998 3.613387 86.500000 83.500000 0.000000 2 1 43
5.173207 1.026998 3.613387 87.500000 83.500000 0.000000 2 1 43
5.173207 1.026998 3.613387 88.500000 83.500000 0.000000 2 1 43
5.173207 1.026998 3.613387 89.500000 83.500000 0.000000 2 1 43
5.173207 1.026998 3.613387 90.500000 83.500000 0.000000 2 1 43
5.173207 1.026998 3.613387 91.500000 83.500000 0.000000 2 1 43
5.173207 1.026998 3.613387 92.500000 83.500000 0.000000 2 1 43
5.173207 1.026998 3.613387 93.500000 83.500000 0.000000 2 1 43
5.173207 1.026998 3.613387 94.500000 83.500000 0.000000 2 1 43
5.173207 1.026998 3.613387 95.500000 83.500000 0.000000 2 1 43
5.173207 1.026998 3.613387 96.500000 83.500000 0.000000 2 1 43
5.173207 1.026998 3.613387 97.500000 83.500000 0.000000 2 1 43
5.173207 1.026998 3.613387 98.500000 83.500000 0.000000 2 1 43
5.173207 1.026998 3.613387 99.500000 83.500000 0.000000 2 1 43
0.822538 1.621784 0.968628 0.500000 84.500000 0.000000 4 1 43
0.822538 1.621784 0.968628 1.500000 84.500000 0.000000 4 1 43
0.822538 1.621784 0.968628 2.500000 84.500000 0.000000 4 1 43
0.822538 1.621784 0.968628 3.500000 84.500000 0.000000 4 1 43
0.822538 1.621784 0.968628 4.500000 84.500000 0.000000 4 1 43
0.822538 1.621784 0.968628 5.500000 84.500000 0.000000 4 1 43
0.822538 1.621784 0.968628 6.500000 84.500000 0.000000 4 1 43
0.822538 1.621784 0.968628 7.500000 84.500000 0.000000 4 1 43
0.822538 1.621784 0.968628 8.500000 84.500000 0.000000 4 1 43
0.822538 1.621784 0.968628 9.500000 84.500000 0.000000 4 1 43
0.822538 1.621784 0.968628 10.500000 84.500000 0.000000 4 1 43
0.822538 1.621784 0.968628 11.500000 84.500000 0.000000 4 1 43
0.822538 1.621784 0.968628 12.500000 84.500000 0.000000 4 1 43
0.822538 1.621784 0.968628 13.500000 84.500000 0.000000 4 1 43
0.822538 1.621784 0.968628 14.500000 84.500000 0.000000 4 1 43
0.822538 1.621784 0.968628 15.500000 84.500000 0.000000 4 1 43
0.822538 1.621784 0.968628 16.500000 84.500000 0.000000 4 1 43
0.822538 1.621784 0.968628 17.500000 84.500000 0.000000 4 1 43
0.822538 1.621784 0.968628 18.500000 84.500000 0.000000 4 1 43
0.822538 1.621784 0.968628 19.500000 84.500000 0.000000 4 1 43
0.822538 1.621784 0.968628 20.500000 84.500000 0.000000 4 1 43
0.822538 1.621784 0.968628 21.500000 84.500000 0.000000 4 1 43
0.822538 1.621784 0.968628 22.500000 84.500000 0.000000 4 1 43
0.822538 1.621784 0.968628 23.500000 84.500000 0.000000 4 1 43
0.822538 1.621784 0.968628 24.500000 84.500000 0.000000 4 1 43
0.822538 1.621784 0.968628 25.500000 84.500000 0.000000 4 1 43
0.822538 1.621784 0.968628 26.500000 84.500000 0.000000 4 1 43
0.822538 1.621784 0.968628 27.500000 84.500000 0.000000 4 1 43
0.822538 1.621784 0.968628 28.500000 84.500000 0.000000 4 1 43
0.822538 1.621784 0.968628 29.500000 84.500000 0.000000 4 1 43
0.822538 1.621784 0.968628 30.500000 84.500000 0.000000 4 1 43
0.822538 1.621784 0.968628 31.500000 84.500000 0.000000 4 1 43
0.822538 1.621784 0.968628 32.500000 84.500000 0.000000 4 1 43
0.822538 1.621784 0.968628 33.500000 84.500000 0.000000 4 1 43
0.822538 1.621784 0.968628 34.500000 84.500000 0.000000 4 1 43
0.822538 1.621784 0.968628 35.500000 84.500000 0.000000 4 1 43
0.822538 1.621784 0.968628 36.500000 84.500000 0.000000 4 1 43
0.822538 1.621784 0.968628 37.500000 84.500000 0.000000 4 1 43
0.822538 1.621784 0.968628 38.500000 84.500000 0.000000 4 1 43
0.822538 1.621784 0.968628 39.500000 84.500000 0.000000 4 1 43
0.822538 1.621784 0.968628 40.500000 84.500000 0.000000 4 1 43
0.822538 1.621784 0.968628 41.500000 84.500000 0.000000 4 1 43
0.822538 1.621784 0.968628 42.500000 84.500000 0.000000 4 1 43
0.822538 1.621784 0.968628 43.500000 84.500000 0.000000 4 1 43
0.822538 1.621784 0.968628 44.500000 84.500000 0.000000 4 1 43
0.822538 1.621784 0.968628 45.500000 84.500000 0.000000 4 1 43
0.822538 1.621784 0.968628 46.500000 84.500000 0.000000 4 1 43
0.822538 1.621784 0.968628 47.500000 84.500000 0.000000 4 1 43
0.822538 1.621784 0.968628 48.500000 84.500000 0.000000 4 1 43
4.932389 1.483221 0.152955 49.500000 84.500000 0.000000 0 1 43
4.932389 1.483221 0.152955 50.500000 84.500000 0.000000 0 1 43
4.932389 1.483221 0.152955 51.500000 84.500000 0.000000 0 1 43
4.932389 1.483221 0.152955 52.500000 84.500000 0.000000 0 1 43
4.932389 1.483221 0.152955 53.500000 84.500000 0.000000 0 1 43
4.932389 1.483221 0.152955 54.500000 84.500000 0.000000 0 1 43
4.932389 1.483221 0.152955 55.500000 84.500000 0.000000 0 1 43
4.932389 1.483221 0.152955 56.500000 84.500000 0.000000 0 1 43
4.932389 1.483221 0.152955 57.500000 84.500000 0.000000 0 1 43
4.932389 1.483221 0.152955 58.500000 84.500000 0.000000 0 1 43
4.932389 1.483221 0.152955 59.500000 84.500000 0.000000 0 1 43
4.932389 1.483221 0.152955 60.500000 84.500000 0.000000 0 1 43
4.932389 1.483221 0.152955 61.500000 84.500000 0.000000 0 1 43
4.932389 1.483221 0.152955 62.500000 84.500000 0.000000 0 1 43
4.932389 1.483221 0.152955 63.500000 84.500000 0.000000 0 1 43
4.932389 1.483221 0.152955 64.500000 84.500000 0.000000 0 1 43
4.932389 1.483221 0.152955 65.500000 84.500000 0.000000 0 1 43
4.932389 1.483221 0.152955 66.500000 84.500000 0.000000 0 1 43
4.932389 1.483221 0.152955 67.500000 84.500000 0.000000 0 1 43
4.932389 1.483221 0.152955 68.500000 84.500000 0.000000 0 1 43
4.932389 1.483221 0.152955 69.500000 84.500000 0.000000 0 1 43
4.932389 1.483221 0.152955 70.500000 84.500000 0.000000 0 1 43
4.932389 1.483221 0.152955 71.500000 84.500000 0.000000 0 1 43
4.932389 1.483221 0.152955 72.500000 84.500000 0.000000 0 1 43
4.932389 1.483221 0.152955 73.500000 84.500000 0.000000 0 1 43
4.932389 1.483221 0.152955 74.500000 84.500000 0.000000 0 1 43
4.932389 1.483221 0.152955 75.500000 84.500000 0.000000 0 1 43
4.932389 1.483221 0.152955 76.500000 84.500000 0.000000 0 1 43
4.932389 1.483221 0.152955 77.500000 84.500000 0.000000 0 1 43
4.932389 1.483221 0.152955 78.500000 84.500000 0.000000 0 1 43
5.173207 1.026998 3.613387 79.500000 84.500000 0.000000 2 1 43
5.173207 1.026998 3.613387 80.500000 84.500000 0.000000 2 1 43
5.173207 1.026998 3.613387 81.500000 84.500000 0.000000 2 1 43
5.173207 1.026998 3.613387 82.500000 84.500000 0.000000 2 1 43
5.173207 1.026998 3.613387 83.500000 84.500000 0.000000 2 1 43
5.173207 1.026998 3.613387 84.500000 84.500000 0.000000 2 1 43
5.173207 1.026998 3.613387 85.500000 84.500000 0.000000 2 1 43
5.173207 1.026998 3.613387 86.500000 84.500000 0.000000 2 1 43
5.173207 1.026998 3.613387 87.500000 84.500000 0.000000 2 1 43
5.173207 1.026998 3.613387 88.500000 84.500000 0.000000 2 1 43
5.173207 1.026998 3.613387 89.500000 84.500000 0.000000 2 1 43
5.173207 1.026998 3.613387 90.500000 84.500000 0.000000 2 1 43
5.173207 1.026998 3.613387 91.500000 84.500000 0.000000 2 1 43
5.173207 1.026998 3.613387 92.500000 84.500000 0.000000 2 1 43
5.173207 1.026998 3.613387 93.500000 84.500000 0.000000 2 1 43
5.173207 1.026998 3.613387 94.500000 84.500000 0.000000 2 1 43
5.173207 1.026998 3.613387 95.500000 84.500000 0.000000 2 1 43
5.173207 1.026998 3.613387 96.500000 84.500000 0.000000 2 1 43
5.173207 1.026998 3.613387 97.500000 84.500000 0.000000 2 1 43
5.173207 1.026998 3.613387 98.500000 84.500000 0.000000 2 1 43
5.173207 1.026998 3.613387 99.500000 84.500000 0.000000 2 1 43
0.822538 1.621784 0.968628 0.500000 85.500000 0.000000 4 1 43
0.822538 1.621784 0.968628 1.500000 85.500000 0.000000 4 1 43
0.822538 1.621784 0.968628 2.500000 85.500000 0.000000 4 1 43
0.822538 1.621784 0.968628 3.500000 85.500000 0.000000 4 1 43
0.822538 1.621784 0.968628 4.500000 85.500000 0.000000 4 1 43
0.822538 1.621784 0.968628 5.500000 85.500000 0.000000 4 1 43
0.822538 1.621784 0.968628 6.500000 85.500000 0.000000 4 1 43
0.822538 1.621784 0.968628 7.500000 85.500000 0.000000 4 1 43
0.822538 1.621784 0.968628 8.500000 85.500000 0.000000 4 1 43
0.822538 1.621784 0.968628 9.500000 85.500000 0.000000 4 1 43
0.822538 1.621784 0.968628 10.500000 85.500000 0.000000 4 1 43
0.822538 1.621784 0.968628 11.500000 85.500000 0.000000 4 1 43
0.822538 1.621784 0.968628 12.500000 85.500000 0.000000 4 1 43
0.822538 1.621784 0.968628 13.500000 85.500000 0.000000 4 1 43
0.822538 1.621784 0.968628 14.500000 85.500000 0.000000 4 1 43
0.822538 1.621784 0.968628 15.500000 85.500000 0.000000 4 1 43
0.822538 1.621784 0.968628 16.500000 85.500000 0.000000 4 1 43
0.822538 1.621784 0.968628 17.500000 85.500000 0.000000 4 1 43
0.822538 1.621784 0.968628 18.500000 85.500000 0.000000 4 1 43
0.822538 1.621784 0.968628 19.500000 85.500000 0.000000 4 1 43
0.822538 1.621784 0.968628 20.500000 85.500000 0.000000 4 1 43
0.822538 1.621784 0.968628 21.500000 85.500000 0.000000 4 1 43
0.822538 1.621784 0.968628 22.500000 85.500000 0.000000 4 1 43
0.822538 1.621784 0.968628 23.500000 85.500000 0.000000 4 1 43
0.822538 1.621784 0.968628 24.500000 85.500000 0.000000 4 1 43
0.822538 1.621784 0.968628 25.500000 85.500000 0.000000 4 1 43
0.822538 1.621784 0.968628 26.500000 85.500000 0.000000 4 1 43
0.822538 1.621784 0.968628 27.500000 85.500000 0.000000 4 1 43
0.822538 1.621784 0.968628 28.500000 85.500000 0.000000 4 1 43
0.822538 1.621784 0.968628 29.500000 85.500000 0.000000 4 1 43
0.822538 1.621784 0.968628 30.500000 85.500000 0.000000 4 1 43
0.822538 1.621784 0.968628 31.500000 85.500000 0.000000 4 1 43
0.822538 1.621784 0.968628 32.500000 85.500000 0.000000 4 1 43
0.822538 1.621784 0.968628 33.500000 85.500000 0.000000 4 1 43
0.822538 1.621784 0.968628 34.500000 85.500000 0.000000 4 1 43
0.822538 1.621784 0.968628 35.500000 85.500000 0.000000 4 1 43
0.822538 1.621784 0.968628 36.500000 85.500000 0.000000 4 1 43
0.822538 1.621784 0.968628 37.500000 85.500000 0.000000 4 1 43
0.822538 1.621784 0.968628 38.500000 85.500000 0.000000 4 1 43
0.822538 1.621784 0.968628 39.500000 85.500000 0.000000 4 1 43
0.822538 1.621784 0.968628 40.500000 85.500000 0.000000 4 1 43
0.822538 1.621784 0.968628 41.500000 85.500000 0.000000 4 1 43
0.822538 1.621784 0.968628 42.500000 85.500000 0.000000 4 1 43
0.822538 1.621784 0.968628 43.500000 85.500000 0.000000 4 1 43
0.822538 1.621784 0.968628 44.500000 85.500000 0.000000 4 1 43
0.822538 1.621784 0.968628 45.500000 85.500000 0.000000 4 1 43
0.822538 1.621784 0.968628 46.500000 85.500000 0.000000 4 1 43
0.822538 1.621784 0.968628 47.500000 85.500000 0.000000 4 1 43
0.822538 1.621784 0.968628 48.500000 85.500000 0.000000 4 1 43
4.932389 1.483221 0.152955 49.500000 85.500000 0.000000 0 1 43
4.932389 1.483221 0.152955 50.500000 85.500000 0.000000 0 1 43
4.932389 1.483221 0.152955 51.500000 85.500000 0.000000 0 1 43
4.932389 1.483221 0.152955 52.500000 85.500000 0.000000 0 1 43
4.932389 1.483221 0.152955 53.500000 85.500000 0.000000 0 1 43
4.932389 1.483221 0.152955 54.500000 85.500000 0.000000 0 1 43
4.932389 1.483221 0.152955 55.500000 85.500000 0.000000 0 1 43
4.932389 1.483221 0.152955 56.500000 85.500000 0.000000 0 1 43
4.932389 1.483221 0.152955 57.500000 85.500000 0.000000 0 1 43
4.932389 1.483221 0.152955 58.500000 85.500000 0.000000 0 1 43
4.932389 1.483221 0.152955 59.500000 85.500000 0.000000 0 1 43
4.932389 1.483221 0.152955 60.500000 85.500000 0.000000 0 1 43
4.932389 1.483221 0.152955 61.500000 85.500000 0.000000 0 1 43
4.932389 1.483221 0.152955 62.500000 85.500000 0.000000 0 1 43
4.932389 1.483221 0.152955 63.500000 85.500000 0.000000 0 1 43
4.932389 1.483221 0.152955 64.500000 85.500000 0.000000 0 1 43
4.932389 1.483221 0.152955 65.500000 85.500000 0.000000 0 1 43
4.932389 1.483221 0.152955 66.500000 85.500000 0.000000 0 1 43
4.932389 1.483221 0.152955 67.500000 85.500000 0.000000 0 1 43
4.932389 1.483221 0.152955 68.500000 85.500000 0.000000 0 1 43
4.932389 1.483221 0.152955 69.500000 85.500000 0.000000 0 1 43
4.932389 1.483221 0.152955 70.500000 85.500000 0.000000 0 1 43
4.932389 1.483221 0.152955 71.500000 85.500000 0.000000 0 1 43
4.932389 1.483221 0.152955 72.500000 85.500000 0.000000 0 1 43
4.932389 1.483221 0.152955 73.500000 85.500000 0.000000 0 1 43
4.932389 1.483221 0.152955 74.500000 85.500000 0.000000 0 1 43
4.932389 1.483221 0.152955 75.500000 85.500000 0.000000 0 1 43
4.932389 1.483221 0.152955 76.500000 85.500000 0.000000 0 1 43
4.932389 1.483221 0.152955 77.500000 85.500000 0.000000 0 1 43
4.932389 1.483221 0.152955 78.500000 85.500000 0.000000 0 1 43
4.932389 1.483221 0.152955 79.500000 85.500000 0.000000 0 1 43
4.932389 1.483221 0.152955 80.500000 85.500000 0.000000 0 1 43
5.173207 1.026998 3.613387 81.500000 85.500000 0.000000 2 1 43
5.173207 1.026998 3.613387 82.500000 85.500000 0.000000 2 1 43
5.173207 1.026998 3.613387 83.500000 85.500000 0.000000 2 1 43
5.173207 1.026998 3.613387 84.500000 85.500000 0.000000 2 1 43
5.173207 1.026998 3.613387 85.500000 85.500000 0.000000 2 1 43
5.173207 1.026998 3.613387 86.500000 85.500000 0.000000 2 1 43
5.173207 1.026998 3.613387 87.500000 85.500000 0.000000 2 1 43
5.173207 1.026998 3.613387 88.500000 85.500000 0.000000 2 1 43
5.173207 1.026998 3.613387 89.500000 85.500000 0.000000 2 1 43
5.173207 1.026998 3.613387 90.500000 85.500000 0.000000 2 1 43
5.173207 1.026998 3.613387 91.500000 85.500000 0.000000 2 1 43
5.173207 1.026998 3.613387 92.500000 85.500000 0.000000 2 1 43
5.173207 1.026998 3.613387 93.500000 85.500000 0.000000 2 1 43
5.173207 1.026998 3.613387 94.500000 85.500000 0.000000 2 1 43
5.173207 1.026998 3.613387 95.500000 85.500000 0.000000 2 1 43
5.173207 1.026998 3.613387 96.500000 85.500000 0.000000 2 1 43
5.173207 1.026998 3.613387 97.500000 85.500000 0.000000 2 1 43
5.173207 1.026998 3.613387 98.500000 85.500000 0.000000 2 1 43
5.173207 1.026998 3.613387 99.500000 85.500000 0.000000 2 1 43
0.822538 1.621784 0.968628 0.500000 86.500000 0.000000 4 1 43
0.822538 1.621784 0.968628 1.500000 86.500000 0.000000 4 1 43
0.822538 1.621784 0.968628 2.500000 86.500000 0.000000 4 1 43
0.822538 1.621784 0.968628 3.500000 86.500000 0.000000 4 1 43
0.822538 1.621784 0.968628 4.500000 86.500000 0.000000 4 1 43
0.822538 1.621784 0.968628 5.500000 86.500000 0.000000 4 1 43
0.822538 1.621784 0.968628 6.500000 86.500000 0.000000 4 1 43
0.822538 1.621784 0.968628 7.500000 86.500000 0.000000 4 1 43
0.822538 1.621784 0.968628 8.500000 86.500000 0.000000 4 1 43
0.822538 1.621784 0.968628 9.500000 86.500000 0.000000 4 1 43
0.822538 1.621784 0.968628 10.500000 86.500000 0.000000 4 1 43
0.822538 1.621784 0.968628 11.500000 86.500000 0.000000 4 1 43
0.822538 1.621784 0.968628 12.500000 86.500000 0.000000 4 1 43
0.822538 1.621784 0.968628 13.500000 86.500000 0.000000 4 1 43
0.822538 1.621784 0.968628 14.500000 86.500000 0.000000 4 1 43
0.822538 1.621784 0.968628 15.500000 86.500000 0.000000 4 1 43
0.822538 1.621784 0.968628 16.500000 86.500000 0.000000 4 1 43
0.822538 1.621784 0.968628 17.500000 86.500000 0.000000 4 1 43
0.822538 1.621784 0.968628 18.500000 86.500000 0.000000 4 1 43
0.822538 1.621784 0.968628 19.500000 86.500000 0.000000 4 1 43
0.822538 1.621784 0.968628 20.500000 86.500000 0.000000 4 1 43
0.822538 1.621784 0.968628 21.500000 86.500000 0.000000 4 1 43
0.822538 1.621784 0.968628 22.500000 86.500000 0.000000 4 1 43
0.822538 1.621784 0.968628 23.500000 86.500000 0.000000 4 1 43
0.822538 1.621784 0.968628 24.500000 86.500000 0.000000 4 1 43
0.822538 1.621784 0.968628 25.500000 86.500000 0.000000 4 1 43
0.822538 1.621784 0.968628 26.500000 86.500000 0.000000 4 1 43
0.822538 1.621784 0.968628 27.500000 86.500000 0.000000 4 1 43
0.822538 1.621784 0.968628 28.500000 86.500000 0.000000 4 1 43
0.822538 1.621784 0.968628 29.500000 86.500000 0.000000 4 1 43
0.822538 1.621784 0.968628 30.500000 86.500000 0.000000 4 1 43
0.822538 1.621784 0.968628 31.500000 86.500000 0.000000 4 1 43
0.822538 1.621784 0.968628 32.500000 86.500000 0.000000 4 1 43
0.822538 1.621784 0.968628 33.500000 86.500000 0.000000 4 1 43
0.822538 1.621784 0.968628 34.500000 86.500000 0.000000 4 1 43
0.822538 1.621784 0.968628 35.500000 86.500000 0.000000 4 1 43
0.822538 1.621784 0.968628 36.500000 86.500000 0.000000 4 1 43
0.822538 1.621784 0.968628 37.500000 86.500000 0.000000 4 1 43
0.822538 1.621784 0.968628 38.500000 86.500000 0.000000 4 1 43
0.822538 1.621784 0.968628 39.500000 86.500000 0.000000 4 1 43
0.822538 1.621784 0.968628 40.500000 86.500000 0.000000 4 1 43
0.822538 1.621784 0.968628 41.500000 86.500000 0.000000 4 1 43
0.822538 1.621784 0.968628 42.500000 86.500000 0.000000 4 1 43
0.822538 1.621784 0.968628 43.500000 86.500000 0.000000 4 1 43
0.822538 1.621784 0.968628 44.500000 86.500000 0.000000 4 1 43
0.822538 1.621784 0.968628 45.500000 86.500000 0.000000 4 1 43
0.822538 1.621784 0.968628 46.500000 86.500000 0.000000 4 1 43
0.822538 1.621784 0.968628 47.500000 86.500000 0.000000 4 1 43
4.932389 1.483221 0.152955 48.500000 86.500000 0.000000 0 1 43
4.932389 1.483221 0.152955 49.500000 86.500000 0.000000 0 1 43
4.932389 1.483221 0.152955 50.500000 86.500000 0.000000 0 1 43
4.932389 1.483221 0.152955 51.500000 86.500000 0.000000 0 1 43
4.932389 1.483221 0.152955 52.500000 86.500000 0.000000 0 1 43
4.932389 1.483221 0.152955 53.500000 86.500000 0.000000 0 1 43
4.932389 1.483221 0.152955 54.500000 86.500000 0.000000 0 1 43
4.932389 1.483221 0.152955 55.500000 86.500000 0.000000 0 1 43
4.932389 1.483221 0.152955 56.500000 86.500000 0.000000 0 1 43
4.932389 1.483221 0.152955 57.500000 86.500000 0.000000 0 1 43
4.932389 1.483221 0.152955 58.500000 86.500000 0.000000 0 1 43
4.932389 1.483221 0.152955 59.500000 86.500000 0.000000 0 1 43
4.932389 1.483221 0.152955 60.500000 86.500000 0.000000 0 1 43
4.932389 1.483221 0.152955 61.500000 86.500000 0.000000 0 1 43
4.932389 1.483221 0.152955 62.500000 86.500000 0.000000 0 1 43
4.932389 1.483221 0.152955 63.500000 86.500000 0.000000 0 1 43
4.932389 1.483221 0.152955 64.500000 86.500000 0.000000 0 1 43
4.932389 1.483221 0.152955 65.500000 86.500000 0.000000 0 1 43
4.932389 1.483221 0.152955 66.500000 86.500000 0.000000 0 1 43
4.932389 1.483221 0.152955 67.500000 86.500000 0.000000 0 1 43
4.932389 1.483221 0.152955 68.500000 86.500000 0.000000 0 1 43
4.932389 1.483221 0.152955 69.500000 86.500000 0.000000 0 1 43
4.932389 1.483221 0.152955 70.500000 86.500000 0.000000 0 1 43
4.932389 1.483221 0.152955 71.500000 86.500000 0.000000 0 1 43
4.932389 1.483221 0.152955 72.500000 86.500000 0.000000 0 1 43
4.932389 1.483221 0.152955 73.500000 86.500000 0.000000 0 1 43
4.932389 1.483221 0.152955 74.500000 86.500000 0.000000 0 1 43
4.932389 1.483221 0.152955 75.500000 86.500000 0.000000 0 1 43
4.932389 1.483221 0.152955 76.500000 86.500000 0.000000 0 1 43
4.932389 1.483221 0.152955 77.500000 86.500000 0.000000 0 1 43
4.932389 1.483221 0.152955 78.500000 86.500000 0.000000 0 1 43
4.932389 1.483221 0.152955 79.500000 86.500000 0.000000 0 1 43
4.932389 1.483221 0.152955 80.500000 86.500000 0.000000 0 1 43
4.932389 1.483221 0.152955 81.500000 86.500000 0.000000 0 1 43
4.932389 1.483221 0.152955 82.500000 86.500000 0.000000 0 1 43
4.932389 1.483221 0.152955 83.500000 86.500000 0.000000 0 1 43
4.932389 1.483221 0.152955 84.500000 86.500000 0.000000 0 1 43
4.932389 1.483221 0.152955 85.500000 86.500000 0.000000 0 1 43
4.932389 1.483221 0.152955 86.500000 86.500000 0.000000 0 1 43
4.932389 1.483221 0.152955 87.500000 86.500000 0.000000 0 1 43
4.932389 1.483221 0.152955 88.500000 86.500000 0.000000 0 1 43
4.932389 1.483221 0.152955 89.500000 86.500000 0.000000 0 1 43
4.932389 1.483221 0.152955 90.500000 86.500000 0.000000 0 1 43
4.932389 1.483221 0.152955 91.500000 86.500000 0.000000 0 1 43
4.932389 1.483221 0.152955 92.500000 86.500000 0.000000 0 1 43
4.932389 1.483221 0.152955 93.500000 86.500000 0.000000 0 1 43
4.932389 1.483221 0.152955 94.500000 86.500000 0.000000 0 1 43
4.932389 1.483221 0.152955 95.500000 86.500000 0.000000 0 1 43
4.932389 1.483221 0.152955 96.500000 86.500000 0.000000 0 1 43
4.932389 1.483221 0.152955 97.500000 86.500000 0.000000 0 1 43
4.932389 1.483221 0.152955 98.500000 86.500000 0.000000 0 1 43
4.932389 1.483221 0.152955 99.500000 86.500000 0.000000 0 1 43
0.822538 1.621784 0.968628 0.500000 87.500000 0.000000 4 1 43
0.822538 1.621784 0.968628 1.500000 87.500000 0.000000 4 1 43
0.822538 1.621784 0.968628 2.500000 87.500000 0.000000 4 1 43
0.822538 1.621784 0.968628 3.500000 87.500000 0.000000 4 1 43
0.822538 1.621784 0.968628 4.500000 87.500000 0.000000 4 1 43
0.822538 1.621784 0.968628 5.500000 87.500000 0.000000 4 1 43
0.822538 1.621784 0.968628 6.500000 87.500000 0.000000 4 1 43
0.822538 1.621784 0.968628 7.500000 87.500000 0.000000 4 1 43
0.822538 1.621784 0.968628 8.500000 87.500000 0.000000 4 1 43
0.822538 1.621784 0.968628 9.500000 87.500000 0.000000 4 1 43
0.822538 1.621784 0.968628 10.500000 87.500000 0.000000 4 1 43
0.822538 1.621784 0.968628 11.500000 87.500000 0.000000 4 1 43
0.822538 1.621784 0.968628 12.500000 87.500000 0.000000 4 1 43
0.822538 1.621784 0.968628 13.500000 87.500000 0.000000 4 1 43
0.822538 1.621784 0.968628 14.500000 87.500000 0.000000 4 1 43
0.822538 1.621784 0.968628 15.500000 87.500000 0.000000 4 1 43
0.822538 1.621784 0.968628 16.500000 87.500000 0.000000 4 1 43
0.822538 1.621784 0.968628 17.500000 87.500000 0.000000 4 1 43
0.822538 1.621784 0.968628 18.500000 87.500000 0.000000 4 1 43
0.822538 1.621784 0.968628 19.500000 87.500000 0.000000 4 1 43
0.822538 1.621784 0.968628 20.500000 87.500000 0.000000 4 1 43
0.822538 1.621784 0.968628 21.500000 87.500000 0.000000 4 1 43
0.822538 1.621784 0.968628 22.500000 87.500000 0.000000 4 1 43
0.822538 1.621784 0.968628 23.500000 87.500000 0.000000 4 1 43
0.822538 1.621784 0.968628 24.500000 87.500000 0.000000 4 1 43
0.822538 1.621784 0.968628 25.500000 87.500000 0.000000 4 1 43
0.822538 1.621784 0.968628 26.500000 87.500000 0.000000 4 1 43
0.822538 1.621784 0.968628 27.500000 87.500000 0.000000 4 1 43
0.822538 1.621784 0.968628 28.500000 87.500000 0.000000 4 1 43
0.822538 1.621784 0.968628 29.500000 87.500000 0.000000 4 1 43
0.822538 1.621784 0.968628 30.500000 87.500000 0.000000 4 1 43
0.822538 1.621784 0.968628 31.500000 87.500000 0.000000 4 1 43
0.822538 1.621784 0.968628 32.500000 87.500000 0.000000 4 1 43
0.822538 1.621784 0.968628 33.500000 87.500000 0.000000 4 1 43
0.822538 1.621784 0.968628 34.500000 87.500000 0.000000 4 1 43
0.822538 1.621784 0.968628 35.500000 87.500000 0.000000 4 1 43
0.822538 1.621784 0.968628 36.500000 87.500000 0.000000 4 1 43
0.822538 1.621784 0.968628 37.500000 87.500000 0.000000 4 1 43
0.822538 1.621784 0.968628 38.500000 87.500000 0.000000 4 1 43
0.822538 1.621784 0.968628 39.500000 87.500000 0.000000 4 1 43
0.822538 1.621784 0.968628 40.500000 87.500000 0.000000 4 1 43
0.822538 1.621784 0.968628 41.500000 87.500000 0.000000 4 1 43
0.822538 1.621784 0.968628 42.500000 87.500000 0.000000 4 1 43
0.822538 1.621784 0.968628 43.500000 87.500000 0.000000 4 1 43
0.822538 1.621784 0.968628 44.500000 87.500000 0.000000 4 1 43
0.822538 1.621784 0.968628 45.500000 87.500000 0.000000 4 1 43
0.822538 1.621784 0.968628 46.500000 87.500000 0.000000 4 1 43
4.932389 1.483221 0.152955 47.500000 87.500000 0.000000 0 1 43
4.932389 1.483221 0.152955 48.500000 87.500000 0.000000 0 1 43
4.932389 1.483221 0.152955 49.500000 87.500000 0.000000 0 1 43
4.932389 1.483221 0.152955 50.500000 87.500000 0.000000 0 1 43
4.932389 1.483221 0.152955 51.500000 87.500000 0.000000 0 1 43
4.932389 1.483221 0.152955 52.500000 87.500000 0.000000 0 1 43
4.932389 1.483221 0.152955 53.500000 87.500000 0.000000 0 1 43
4.932389 1.483221 0.152955 54.500000 87.500000 0.000000 0 1 43
4.932389 1.483221 0.152955 55.500000 87.500000 0.000000 0 1 43
4.932389 1.483221 0.152955 56.500000 87.500000 0.000000 0 1 43
4.932389 1.483221 0.152955 57.500000 87.500000 0.000000 0 1 43
4.932389 1.483221 0.152955 58.500000 87.500000 0.000000 0 1 43
4.932389 1.483221 0.152955 59.500000 87.500000 0.000000 0 1 43
4.932389 1.483221 0.152955 60.500000 87.500000 0.000000 0 1 43
4.932389 1.483221 0.152955 61.500000 87.500000 0.000000 0 1 43
4.932389 1.483221 0.152955 62.500000 87.500000 0.000000 0 1 43
4.932389 1.483221 0.152955 63.500000 87.500000 0.000000 0 1 43
4.932389 1.483221 0.152955 64.500000 87.500000 0.000000 0 1 43
4.932389 1.483221 0.152955 65.500000 87.500000 0.000000 0 1 43
4.932389 1.483221 0.152955 66.500000 87.500000 0.000000 0 1 43
4.932389 1.483221 0.152955 67.500000 87.500000 0.000000 0 1 43
4.932389 1.483221 0.152955 68.500000 87.500000 0.000000 0 1 43
4.932389 1.483221 0.152955 69.500000 87.500000 0.000000 0 1 43
4.932389 1.483221 0.152955 70.500000 87.500000 0.000000 0 1 43
4.932389 1.483221 0.152955 71.500000 87.500000 0.000000 0 1 43
4.932389 1.483221 0.152955 72.500000 87.500000 0.000000 0 1 43
4.932389 1.483221 0.152955 73.500000 87.500000 0.000000 0 1 43
4.932389 1.483221 0.152955 74.500000 87.500000 0.000000 0 1 43
4.932389 1.483221 0.152955 75.500000 87.500000 0.000000 0 1 43
4.932389 1.483221 0.152955 76.500000 87.500000 0.000000 0 1 43
4.932389 1.483221 0.152955 77.500000 87.500000 0.000000 0 1 43
4.932389 1.483221 0.152955 78.500000 87.500000 0.000000 0 1 43
4.932389 1.483221 0.152955 79.500000 87.500000 0.000000 0 1 43
4.932389 1.483221 0.152955 80.500000 87.500000 0.000000 0 1 43
4.932389 1.483221 0.152955 81.500000 87.500000 0.000000 0 1 43
4.932389 1.483221 0.152955 82.500000 87.500000 0.000000 0 1 43
4.932389 1.483221 0.152955 83.500000 87.500000 0.000000 0 1 43
4.932389 1.483221 0.152955 84.500000 87.500000 0.000000 0 1 43
4.932389 1.483221 0.152955 85.500000 87.500000 0.000000 0 1 43
4.932389 1.483221 0.152955 86.500000 87.500000 0.000000 0 1 43
4.932389 1.483221 0.152955 87.500000 87.500000 0.000000 0 1 43
4.932389 1.483221 0.152955 88.500000 87.500000 0.000000 0 1 43
4.932389 1.483221 0.152955 89.500000 87.500000 0.000000 0 1 43
4.932389 1.483221 0.152955 90.500000 87.500000 0.000000 0 1 43
4.932389 1.483221 0.152955 91.500000 87.500000 0.000000 0 1 43
4.932389 1.483221 0.152955 92.500000 87.500000 0.000000 0 1 43
4.932389 1.483221 0.152955 93.500000 87.500000 0.000000 0 1 43
4.932389 1.483221 0.152955 94.500000 87.500000 0.000000 0 1 43
4.932389 1.483221 0.152955 95.500000 87.500000 0.000000 0 1 43
4.932389 1.483221 0.152955 96.500000 87.500000 0.000000 0 1 43
4.932389 1.483221 0.152955 97.500000 87.500000 0.000000 0 1 43
4.932389 1.483221 0.152955 98.500000 87.500000 0.000000 0 1 43
4.932389 1.483221 0.152955 99.500000 87.500000 0.000000 0 1 43
0.822538 1.621784 0.968628 0.500000 88.500000 0.000000 4 1 43
0.822538 1.621784 0.968628 1.500000 88.500000 0.000000 4 1 43
0.822538 1.621784 0.968628 2.500000 88.500000 0.000000 4 1 43
0.822538 1.621784 0.968628 3.500000 88.500000 0.000000 4 1 43
0.822538 1.621784 0.968628 4.500000 88.500000 0.000000 4 1 43
0.822538 1.621784 0.968628 5.500000 88.500000 0.000000 4 1 43
0.822538 1.621784 0.968628 6.500000 88.500000 0.000000 4 1 43
0.822538 1.621784 0.968628 7.500000 88.500000 0.000000 4 1 43
0.822538 1.621784 0.968628 8.500000 88.500000 0.000000 4 1 43
0.822538 1.621784 0.968628 9.500000 88.500000 0.000000 4 1 43
0.822538 1.621784 0.968628 10.500000 88.500000 0.000000 4 1 43
0.822538 1.621784 0.968628 11.500000 88.500000 0.000000 4 1 43
0.822538 1.621784 0.968628 12.500000 88.500000 0.000000 4 1 43
0.822538 1.621784 0.968628 13.500000 88.500000 0.000000 4 1 43
0.822538 1.621784 0.968628 14.500000 88.500000 0.000000 4 1 43
0.822538 1.621784 0.968628 15.500000 88.500000 0.000000 4 1 43
0.822538 1.621784 0.968628 16.500000 88.500000 0.000000 4 1 43
0.822538 1.621784 0.968628 17.500000 88.500000 0.000000 4 1 43
0.822538 1.621784 0.968628 18.500000 88.500000 0.000000 4 1 43
0.822538 1.621784 0.968628 19.500000 88.500000 0.000000 4 1 43
0.822538 1.621784 0.968628 20.500000 88.500000 0.000000 4 1 43
0.822538 1.621784 0.968628 21.500000 88.500000 0.000000 4 1 43
0.822538 1.621784 0.968628 22.500000 88.500000 0.000000 4 1 43
0.822538 1.621784 0.968628 23.500000 88.500000 0.000000 4 1 43
0.822538 1.621784 0.968628 24.500000 88.500000 0.000000 4 1 43
0.822538 1.621784 0.968628 25.500000 88.500000 0.000000 4 1 43
0.822538 1.621784 0.968628 26.500000 88.500000 0.000000 4 1 43
0.822538 1.621784 0.968628 27.500000 88.500000 0.000000 4 1 43
0.822538 1.621784 0.968628 28.500000 88.500000 0.000000 4 1 43
0.822538 1.621784 0.968628 29.500000 88.500000 0.000000 4 1 43
0.822538 1.621784 0.968628 30.500000 88.500000 0.000000 4 1 43
0.822538 1.621784 0.968628 31.500000 88.500000 0.000000 4 1 43
0.822538 1.621784 0.968628 32.500000 88.500000 0.000000 4 1 43
0.822538 1.621784 0.968628 33.500000 88.500000 0.000000 4 1 43
0.822538 1.621784 0.968628 34.500000 88.500000 0.000000 4 1 43
0.822538 1.621784 0.968628 35.500000 88.500000 0.000000 4 1 43
0.822538 1.621784 0.968628 36.500000 88.500000 0.000000 4 1 43
0.822538 1.621784 0.968628 37.500000 88.500000 0.000000 4 1 43
0.822538 1.621784 0.968628 38.500000 88.500000 0.000000 4 1 43
0.822538 1.621784 0.968628 39.500000 88.500000 0.000000 4 1 43
0.822538 1.621784 0.968628 40.500000 88.500000 0.000000 4 1 43
0.822538 1.621784 0.968628 41.500000 88.500000 0.000000 4 1 43
0.822538 1.621784 0.968628 42.500000 88.500000 0.000000 4 1 43
0.822538 1.621784 0.968628 43.500000 88.500000 0.000000 4 1 43
0.822538 1.621784 0.968628 44.500000 88.500000 0.000000 4 1 43
0.822538 1.621784 0.968628 45.500000 88.500000 0.000000 4 1 43
0.822538 1.621784 0.968628 46.500000 88.500000 0.000000 4 1 43
4.932389 1.483221 0.152955 47.500000 88.500000 0.000000 0 1 43
4.932389 1.483221 0.152955 48.500000 88.500000 0.000000 0 1 43
4.932389 1.483221 0.152955 49.500000 88.500000 0.000000 0 1 43
4.932389 1.483221 0.152955 50.500000 88.500000 0.000000 0 1 43
4.932389 1.483221 0.152955 51.500000 88.500000 0.000000 0 1 43
4.932389 1.483221 0.152955 52.500000 88.500000 0.000000 0 1 43
4.932389 1.483221 0.152955 53.500000 88.500000 0.000000 0 1 43
4.932389 1.483221 0.152955 54.500000 88.500000 0.000000 0 1 43
4.932389 1.483221 0.152955 55.500000 88.500000 0.000000 0 1 43
4.932389 1.483221 0.152955 56.500000 88.500000 0.000000 0 1 43
4.932389 1.483221 0.152955 57.500000 88.500000 0.000000 0 1 43
4.932389 1.483221 0.152955 58.500000 88.500000 0.000000 0 1 43
4.932389 1.483221 0.152955 59.500000 88.500000 0.000000 0 1 43
4.932389 1.483221 0.152955 60.500000 88.500000 0.000000 0 1 43
4.932389 1.483221 0.152955 61.500000 88.500000 0.000000 0 1 43
4.932389 1.483221 0.152955 62.500000 88.500000 0.000000 0 1 43
4.932389 1.483221 0.152955 63.500000 88.500000 0.000000 0 1 43
4.932389 1.483221 0.152955 64.500000 88.500000 0.000000 0 1 43
4.932389 1.483221 0.152955 65.500000 88.500000 0.000000 0 1 43
4.932389 1.483221 0.152955 66.500000 88.500000 0.000000 0 1 43
4.932389 1.483221 0.152955 67.500000 88.500000 0.000000 0 1 43
4.932389 1.483221 0.152955 68.500000 88.500000 0.000000 0 1 43
4.932389 1.483221 0.152955 69.500000 88.500000 0.000000 0 1 43
4.932389 1.483221 0.152955 70.500000 88.500000 0.000000 0 1 43
4.932389 1.483221 0.152955 71.500000 88.500000 0.000000 0 1 43
4.932389 1.483221 0.152955 72.500000 88.500000 0.000000 0 1 43
4.932389 1.483221 0.152955 73.500000 88.500000 0.000000 0 1 43
4.932389 1.483221 0.152955 74.500000 88.500000 0.000000 0 1 43
4.932389 1.483221 0.152955 75.500000 88.500000 0.000000 0 1 43
4.932389 1.483221 0.152955 76.500000 88.500000 0.000000 0 1 43
4.932389 1.483221 0.152955 77.500000 88.500000 0.000000 0 1 43
4.932389 1.483221 0.152955 78.500000 88.500000 0.000000 0 1 43
4.932389 1.483221 0.152955 79.500000 88.500000 0.000000 0 1 43
4.932389 1.483221 0.152955 80.500000 88.500000 0.000000 0 1 43
4.932389 1.483221 0.152955 81.500000 88.500000 0.000000 0 1 43
4.932389 1.483221 0.152955 82.500000 88.500000 0.000000 0 1 43
4.932389 1.483221 0.152955 83.500000 88.500000 0.000000 0 1 43
4.932389 1.483221 0.152955 84.500000 88.500000 0.000000 0 1 43
4.932389 1.483221 0.152955 85.500000 88.500000 0.000000 0 1 43
4.932389 1.483221 0.152955 86.500000 88.500000 0.000000 0 1 43
4.932389 1.483221 0.152955 87.500000 88.500000 0.000000 0 1 43
4.932389 1.483221 0.152955 88.500000 88.500000 0.000000 0 1 43
4.932389 1.483221 0.152955 89.500000 88.500000 0.000000 0 1 43
4.932389 1.483221 0.152955 90.500000 88.500000 0.000000 0 1 43
4.932389 1.483221 0.152955 91.500000 88.500000 0.000000 0 1 43
4.932389 1.483221 0.152955 92.500000 88.500000 0.000000 0 1 43
4.932389 1.483221 0.152955 93.500000 88.500000 0.000000 0 1 43
4.932389 1.483221 0.152955 94.500000 88.500000 0.000000 0 1 43
4.932389 1.483221 0.152955 95.500000 88.500000 0.000000 0 1 43
4.932389 1.483221 0.152955 96.500000 88.500000 0.000000 0 1 43
4.932389 1.483221 0.152955 97.500000 88.500000 0.000000 0 1 43
4.932389 1.483221 0.152955 98.500000 88.500000 0.000000 0 1 43
4.932389 1.483221 0.152955 99.500000 88.500000 0.000000 0 1 43
0.822538 1.621784 0.968628 0.500000 89.500000 0.000000 4 1 43
0.822538 1.621784 0.968628 1.500000 89.500000 0.000000 4 1 43
0.822538 1.621784 0.968628 2.500000 89.500000 0.000000 4 1 43
0.822538 1.621784 0.968628 3.500000 89.500000 0.000000 4 1 43
0.822538 1.621784 0.968628 4.500000 89.500000 0.000000 4 1 43
0.822538 1.621784 0.968628 5.500000 89.500000 0.000000 4 1 43
0.822538 1.621784 0.968628 6.500000 89.500000 0.000000 4 1 43
0.822538 1.621784 0.968628 7.500000 89.500000 0.000000 4 1 43
0.822538 1.621784 0.968628 8.500000 89.500000 0.000000 4 1 43
0.822538 1.621784 0.968628 9.500000 89.500000 0.000000 4 1 43
0.822538 1.621784 0.968628 10.500000 89.500000 0.000000 4 1 43
0.822538 1.621784 0.968628 11.500000 89.500000 0.000000 4 1 43
0.822538 1.621784 0.968628 12.500000 89.500000 0.000000 4 1 43
0.822538 1.621784 0.968628 13.500000 89.500000 0.000000 4 1 43
0.822538 1.621784 0.968628 14.500000 89.500000 0.000000 4 1 43
0.822538 1.621784 0.968628 15.500000 89.500000 0.000000 4 1 43
0.822538 1.621784 0.968628 16.500000 89.500000 0.000000 4 1 43
0.822538 1.621784 0.968628 17.500000 89.500000 0.000000 4 1 43
0.822538 1.621784 0.968628 18.500000 89.500000 0.000000 4 1 43
0.822538 1.621784 0.968628 19.500000 89.500000 0.000000 4 1 43
0.822538 1.621784 0.968628 20.500000 89.500000 0.000000 4 1 43
0.822538 1.621784 0.968628 21.500000 89.500000 0.000000 4 1 43
0.822538 1.621784 0.968628 22.500000 89.500000 0.000000 4 1 43
0.822538 1.621784 0.968628 23.500000 89.500000 0.000000 4 1 43
0.822538 1.621784 0.968628 24.500000 89.500000 0.000000 4 1 43
0.822538 1.621784 0.968628 25.500000 89.500000 0.000000 4 1 43
0.822538 1.621784 0.968628 26.500000 89.500000 0.000000 4 1 43
0.822538 1.621784 0.968628 27.500000 89.500000 0.000000 4 1 43
0.822538 1.621784 0.968628 28.500000 89.500000 0.000000 4 1 43
0.822538 1.621784 0.968628 29.500000 89.500000 0.000000 4 1 43
0.822538 1.621784 0.968628 30.500000 89.500000 0.000000 4 1 43
0.822538 1.621784 0.968628 31.500000 89.500000 0.000000 4 1 43
0.822538 1.621784 0.968628 32.500000 89.500000 0.000000 4 1 43
0.822538 1.621784 0.968628 33.500000 89.500000 0.000000 4 1 43
0.822538 1.621784 0.968628 34.500000 89.500000 0.000000 4 1 43
0.822538 1.621784 0.968628 35.500000 89.500000 0.000000 4 1 43
0.822538 1.621784 0.968628 36.500000 89.500000 0.000000 4 1 43
0.822538 1.621784 0.968628 37.500000 89.500000 0.000000 4 1 43
0.822538 1.621784 0.968628 38.500000 89.500000 0.000000 4 1 43
0.822538 1.621784 0.968628 39.500000 89.500000 0.000000 4 1 43
0.822538 1.621784 0.968628 40.500000 89.500000 0.000000 4 1 43
0.822538 1.621784 0.968628 41.500000 89.500000 0.000000 4 1 43
0.822538 1.621784 0.968628 42.500000 89.500000 0.000000 4 1 43
0.822538 1.621784 0.968628 43.500000 89.500000 0.000000 4 1 43
0.822538 1.621784 0.968628 44.500000 89.500000 0.000000 4 1 43
0.822538 1.621784 0.968628 45.500000 89.500000 0.000000 4 1 43
0.822538 1.621784 0.968628 46.500000 89.500000 0.000000 4 1 43
4.932389 1.483221 0.152955 47.500000 89.500000 0.000000 0 1 43
4.932389 1.483221 0.152955 48.500000 89.500000 0.000000 0 1 43
4.932389 1.483221 0.152955 49.500000 89.500000 0.000000 0 1 43
4.932389 1.483221 0.152955 50.500000 89.500000 0.000000 0 1 43
4.932389 1.483221 0.152955 51.500000 89.500000 0.000000 0 1 43
4.932389 1.483221 0.152955 52.500000 89.500000 0.000000 0 1 43
4.932389 1.483221 0.152955 53.500000 89.500000 0.000000 0 1 43
4.932389 1.483221 0.152955 54.500000 89.500000 0.000000 0 1 43
4.932389 1.483221 0.152955 55.500000 89.500000 0.000000 0 1 43
4.932389 1.483221 0.152955 56.500000 89.500000 0.000000 0 1 43
4.932389 1.483221 0.152955 57.500000 89.500000 0.000000 0 1 43
4.932389 1.483221 0.152955 58.500000 89.500000 0.000000 0 1 43
4.932389 1.483221 0.152955 59.500000 89.500000 0.000000 0 1 43
4.932389 1.483221 0.152955 60.500000 89.500000 0.000000 0 1 43
4.932389 1.483221 0.152955 61.500000 89.500000 0.000000 0 1 43
4.932389 1.483221 0.152955 62.500000 89.500000 0.000000 0 1 43
4.932389 1.483221 0.152955 63.500000 89.500000 0.000000 0 1 43
4.932389 1.483221 0.152955 64.500000 89.500000 0.000000 0 1 43
4.932389 1.483221 0.152955 65.500000 89.500000 0.000000 0 1 43
4.932389 1.483221 0.152955 66.500000 89.500000 0.000000 0 1 43
4.932389 1.483221 0.152955 67.500000 89.500000 0.000000 0 1 43
4.932389 1.483221 0.152955 68.500000 89.500000 0.000000 0 1 43
4.932389 1.483221 0.152955 69.500000 89.500000 0.000000 0 1 43
4.932389 1.483221 0.152955 70.500000 89.500000 0.000000 0 1 43
4.932389 1.483221 0.152955 71.500000 89.500000 0.000000 0 1 43
4.932389 1.483221 0.152955 72.500000 89.500000 0.000000 0 1 43
4.932389 1.483221 0.152955 73.500000 89.500000 0.000000 0 1 43
4.932389 1.483221 0.152955 74.500000 89.500000 0.000000 0 1 43
4.932389 1.483221 0.152955 75.500000 89.500000 0.000000 0 1 43
4.932389 1.483221 0.152955 76.500000 89.500000 0.000000 0 1 43
4.932389 1.483221 0.152955 77.500000 89.500000 0.000000 0 1 43
4.932389 1.483221 0.152955 78.500000 89.500000 0.000000 0 1 43
4.932389 1.483221 0.152955 79.500000 89.500000 0.000000 0 1 43
4.932389 1.483221 0.152955 80.500000 89.500000 0.000000 0 1 43
4.932389 1.483221 0.152955 81.500000 89.500000 0.000000 0 1 43
4.932389 1.483221 0.152955 82.500000 89.500000 0.000000 0 1 43
4.932389 1.483221 0.152955 83.500000 89.500000 0.000000 0 1 43
4.932389 1.483221 0.152955 84.500000 89.500000 0.000000 0 1 43
4.932389 1.483221 0.152955 85.500000 89.500000 0.000000 0 1 43
4.932389 1.483221 0.152955 86.500000 89.500000 0.000000 0 1 43
4.932389 1.483221 0.152955 87.500000 89.500000 0.000000 0 1 43
4.932389 1.483221 0.152955 88.500000 89.500000 0.000000 0 1 43
4.932389 1.483221 0.152955 89.500000 89.500000 0.000000 0 1 43
4.932389 1.483221 0.152955 90.500000 89.500000 0.000000 0 1 43
4.932389 1.483221 0.152955 91.500000 89.500000 0.000000 0 1 43
4.932389 1.483221 0.152955 92.500000 89.500000 0.000000 0 1 43
4.932389 1.483221 0.152955 93.500000 89.500000 0.000000 0 1 43
4.932389 1.483221 0.152955 94.500000 89.500000 0.000000 0 1 43
4.932389 1.483221 0.152955 95.500000 89.500000 0.000000 0 1 43
4.932389 1.483221 0.152955 96.500000 89.500000 0.000000 0 1 43
4.932389 1.483221 0.152955 97.500000 89.500000 0.000000 0 1 43
4.932389 1.483221 0.152955 98.500000 89.500000 0.000000 0 1 43
4.932389 1.483221 0.152955 99.500000 89.500000 0.000000 0 1 43
0.822538 1.621784 0.968628 0.500000 90.500000 0.000000 4 1 43
0.822538 1.621784 0.968628 1.500000 90.500000 0.000000 4 1 43
0.822538 1.621784 0.968628 2.500000 90.500000 0.000000 4 1 43
0.822538 1.621784 0.968628 3.500000 90.500000 0.000000 4 1 43
0.822538 1.621784 0.968628 4.500000 90.500000 0.000000 4 1 43
0.822538 1.621784 0.968628 5.500000 90.500000 0.000000 4 1 43
0.822538 1.621784 0.968628 6.500000 90.500000 0.000000 4 1 43
0.822538 1.621784 0.968628 7.500000 90.500000 0.000000 4 1 43
0.822538 1.621784 0.968628 8.500000 90.500000 0.000000 4 1 43
0.822538 1.621784 0.968628 9.500000 90.500000 0.000000 4 1 43
0.822538 1.621784 0.968628 10.500000 90.500000 0.000000 4 1 43
0.822538 1.621784 0.968628 11.500000 90.500000 0.000000 4 1 43
0.822538 1.621784 0.968628 12.500000 90.500000 0.000000 4 1 43
0.822538 1.621784 0.968628 13.500000 90.500000 0.000000 4 1 43
0.822538 1.621784 0.968628 14.500000 90.500000 0.000000 4 1 43
0.822538 1.621784 0.968628 15.500000 90.500000 0.000000 4 1 43
0.822538 1.621784 0.968628 16.500000 90.500000 0.000000 4 1 43
0.822538 1.621784 0.968628 17.500000 90.500000 0.000000 4 1 43
0.822538 1.621784 0.968628 18.500000 90.500000 0.000000 4 1 43
0.822538 1.621784 0.968628 19.500000 90.500000 0.000000 4 1 43
0.822538 1.621784 0.968628 20.500000 90.500000 0.000000 4 1 43
0.822538 1.621784 0.968628 21.500000 90.500000 0.000000 4 1 43
0.822538 1.621784 0.968628 22.500000 90.500000 0.000000 4 1 43
0.822538 1.621784 0.968628 23.500000 90.500000 0.000000 4 1 43
0.822538 1.621784 0.968628 24.500000 90.500000 0.000000 4 1 43
0.822538 1.621784 0.968628 25.500000 90.500000 0.000000 4 1 43
0.822538 1.621784 0.968628 26.500000 90.500000 0.000000 4 1 43
0.822538 1.621784 0.968628 27.500000 90.500000 0.000000 4 1 43
0.822538 1.621784 0.968628 28.500000 90.500000 0.000000 4 1 43
0.822538 1.621784 0.968628 29.500000 90.500000 0.000000 4 1 43
0.822538 1.621784 0.968628 30.500000 90.500000 0.000000 4 1 43
0.822538 1.621784 0.968628 31.500000 90.500000 0.000000 4 1 43
0.822538 1.621784 0.968628 32.500000 90.500000 0.000000 4 1 43
0.822538 1.621784 0.968628 33.500000 90.500000 0.000000 4 1 43
0.822538 1.621784 0.968628 34.500000 90.500000 0.000000 4 1 43
0.822538 1.621784 0.968628 35.500000 90.500000 0.000000 4 1 43
0.822538 1.621784 0.968628 36.500000 90.500000 0.000000 4 1 43
0.822538 1.621784 0.968628 37.500000 90.500000 0.000000 4 1 43
0.822538 1.621784 0.968628 38.500000 90.500000 0.000000 4 1 43
0.822538 1.621784 0.968628 39.500000 90.500000 0.000000 4 1 43
0.822538 1.621784 0.968628 40.500000 90.500000 0.000000 4 1 43
0.822538 1.621784 0.968628 41.500000 90.500000 0.000000 4 1 43
0.822538 1.621784 0.968628 42.500000 90.500000 0.000000 4 1 43
0.822538 1.621784 0.968628 43.500000 90.500000 0.000000 4 1 43
0.822538 1.621784 0.968628 44.500000 90.500000 0.000000 4 1 43
0.822538 1.621784 0.968628 45.500000 90.500000 0.000000 4 1 43
0.822538 1.621784 0.968628 46.500000 90.500000 0.000000 4 1 43
4.932389 1.483221 0.152955 47.500000 90.500000 0.000000 0 1 43
4.932389 1.483221 0.152955 48.500000 90.500000 0.000000 0 1 43
4.932389 1.483221 0.152955 49.500000 90.500000 0.000000 0 1 43
4.932389 1.483221 0.152955 50.500000 90.500000 0.000000 0 1 43
4.932389 1.483221 0.152955 51.500000 90.500000 0.000000 0 1 43
4.932389 1.483221 0.152955 52.500000 90.500000 0.000000 0 1 43
4.932389 1.483221 0.152955 53.500000 90.500000 0.000000 0 1 43
4.932389 1.483221 0.152955 54.500000 90.500000 0.000000 0 1 43
4.932389 1.483221 0.152955 55.500000 90.500000 0.000000 0 1 43
4.932389 1.483221 0.152955 56.500000 90.500000 0.000000 0 1 43
4.932389 1.483221 0.152955 57.500000 90.500000 0.000000 0 1 43
4.932389 1.483221 0.152955 58.500000 90.500000 0.000000 0 1 43
4.932389 1.483221 0.152955 59.500000 90.500000 0.000000 0 1 43
4.932389 1.483221 0.152955 60.500000 90.500000 0.000000 0 1 43
4.932389 1.483221 0.152955 61.500000 90.500000 0.000000 0 1 43
4.932389 1.483221 0.152955 62.500000 90.500000 0.000000 0 1 43
4.932389 1.483221 0.152955 63.500000 90.500000 0.000000 0 1 43
4.932389 1.483221 0.152955 64.500000 90.500000 0.000000 0 1 43
4.932389 1.483221 0.152955 65.500000 90.500000 0.000000 0 1 43
4.932389 1.483221 0.152955 66.500000 90.500000 0.000000 0 1 43
4.932389 1.483221 0.152955 67.500000 90.500000 0.000000 0 1 43
4.932389 1.483221 0.152955 68.500000 90.500000 0.000000 0 1 43
4.932389 1.483221 0.152955 69.500000 90.500000 0.000000 0 1 43
4.932389 1.483221 0.152955 70.500000 90.500000 0.000000 0 1 43
4.932389 1.483221 0.152955 71.500000 90.500000 0.000000 0 1 43
4.932389 1.483221 0.152955 72.500000 90.500000 0.000000 0 1 43
4.932389 1.483221 0.152955 73.500000 90.500000 0.000000 0 1 43
4.932389 1.483221 0.152955 74.500000 90.500000 0.000000 0 1 43
4.932389 1.483221 0.152955 75.500000 90.500000 0.000000 0 1 43
4.932389 1.483221 0.152955 76.500000 90.500000 0.000000 0 1 43
4.932389 1.483221 0.152955 77.500000 90.500000 0.000000 0 1 43
4.932389 1.483221 0.152955 78.500000 90.500000 0.000000 0 1 43
4.932389 1.483221 0.152955 79.500000 90.500000 0.000000 0 1 43
4.932389 1.483221 0.152955 80.500000 90.500000 0.000000 0 1 43
4.932389 1.483221 0.152955 81.500000 90.500000 0.000000 0 1 43
4.932389 1.483221 0.152955 82.500000 90.500000 0.000000 0 1 43
4.932389 1.483221 0.152955 83.500000 90.500000 0.000000 0 1 43
4.932389 1.483221 0.152955 84.500000 90.500000 0.000000 0 1 43
4.932389 1.483221 0.152955 85.500000 90.500000 0.000000 0 1 43
4.932389 1.483221 0.152955 86.500000 90.500000 0.000000 0 1 43
4.932389 1.483221 0.152955 87.500000 90.500000 0.000000 0 1 43
4.932389 1.483221 0.152955 88.500000 90.500000 0.000000 0 1 43
4.932389 1.483221 0.152955 89.500000 90.500000 0.000000 0 1 43
4.932389 1.483221 0.152955 90.500000 90.500000 0.000000 0 1 43
4.932389 1.483221 0.152955 91.500000 90.500000 0.000000 0 1 43
4.932389 1.483221 0.152955 92.500000 90.500000 0.000000 0 1 43
4.932389 1.483221 0.152955 93.500000 90.500000 0.000000 0 1 43
4.932389 1.483221 0.152955 94.500000 90.500000 0.000000 0 1 43
4.932389 1.483221 0.152955 95.500000 90.500000 0.000000 0 1 43
4.932389 1.483221 0.152955 96.500000 90.500000 0.000000 0 1 43
4.932389 1.483221 0.152955 97.500000 90.500000 0.000000 0 1 43
4.932389 1.483221 0.152955 98.500000 90.500000 0.000000 0 1 43
4.932389 1.483221 0.152955 99.500000 90.500000 0.000000 0 1 43
0.822538 1.621784 0.968628 0.500000 91.500000 0.000000 4 1 43
0.822538 1.621784 0.968628 1.500000 91.500000 0.000000 4 1 43
0.822538 1.621784 0.968628 2.500000 91.500000 0.000000 4 1 43
0.822538 1.621784 0.968628 3.500000 91.500000 0.000000 4 1 43
0.822538 1.621784 0.968628 4.500000 91.500000 0.000000 4 1 43
0.822538 1.621784 0.968628 5.500000 91.500000 0.000000 4 1 43
0.822538 1.621784 0.968628 6.500000 91.500000 0.000000 4 1 43
0.822538 1.621784 0.968628 7.500000 91.500000 0.000000 4 1 43
0.822538 1.621784 0.968628 8.500000 91.500000 0.000000 4 1 43
0.822538 1.621784 0.968628 9.500000 91.500000 0.000000 4 1 43
0.822538 1.621784 0.968628 10.500000 91.500000 0.000000 4 1 43
0.822538 1.621784 0.968628 11.500000 91.500000 0.000000 4 1 43
0.822538 1.621784 0.968628 12.500000 91.500000 0.000000 4 1 43
0.822538 1.621784 0.968628 13.500000 91.500000 0.000000 4 1 43
0.822538 1.621784 0.968628 14.500000 91.500000 0.000000 4 1 43
0.822538 1.621784 0.968628 15.500000 91.500000 0.000000 4 1 43
0.822538 1.621784 0.968628 16.500000 91.500000 0.000000 4 1 43
0.822538 1.621784 0.968628 17.500000 91.500000 0.000000 4 1 43
0.822538 1.621784 0.968628 18.500000 91.500000 0.000000 4 1 43
0.822538 1.621784 0.968628 19.500000 91.500000 0.000000 4 1 43
0.822538 1.621784 0.968628 20.500000 91.500000 0.000000 4 1 43
0.822538 1.621784 0.968628 21.500000 91.500000 0.000000 4 1 43
0.822538 1.621784 0.968628 22.500000 91.500000 0.000000 4 1 43
0.822538 1.621784 0.968628 23.500000 91.500000 0.000000 4 1 43
0.822538 1.621784 0.968628 24.500000 91.500000 0.000000 4 1 43
0.822538 1.621784 0.968628 25.500000 91.500000 0.000000 4 1 43
0.822538 1.621784 0.968628 26.500000 91.500000 0.000000 4 1 43
0.822538 1.621784 0.968628 27.500000 91.500000 0.000000 4 1 43
0.822538 1.621784 0.968628 28.500000 91.500000 0.000000 4 1 43
0.822538 1.621784 0.968628 29.500000 91.500000 0.000000 4 1 43
0.822538 1.621784 0.968628 30.500000 91.500000 0.000000 4 1 43
0.822538 1.621784 0.968628 31.500000 91.500000 0.000000 4 1 43
0.822538 1.621784 0.968628 32.500000 91.500000 0.000000 4 1 43
0.822538 1.621784 0.968628 33.500000 91.500000 0.000000 4 1 43
0.822538 1.621784 0.968628 34.500000 91.500000 0.000000 4 1 43
0.822538 1.621784 0.968628 35.500000 91.500000 0.000000 4 1 43
0.822538 1.621784 0.968628 36.500000 91.500000 0.000000 4 1 43
0.822538 1.621784 0.968628 37.500000 91.500000 0.000000 4 1 43
0.822538 1.621784 0.968628 38.500000 91.500000 0.000000 4 1 43
0.822538 1.621784 0.968628 39.500000 91.500000 0.000000 4 1 43
0.822538 1.621784 0.968628 40.500000 91.500000 0.000000 4 1 43
0.822538 1.621784 0.968628 41.500000 91.500000 0.000000 4 1 43
0.822538 1.621784 0.968628 42.500000 91.500000 0.000000 4 1 43
0.822538 1.621784 0.968628 43.500000 91.500000 0.000000 4 1 43
0.822538 1.621784 0.968628 44.500000 91.500000 0.000000 4 1 43
0.822538 1.621784 0.968628 45.500000 91.500000 0.000000 4 1 43
4.932389 1.483221 0.152955 46.500000 91.500000 0.000000 0 1 43
4.932389 1.483221 0.152955 47.500000 91.500000 0.000000 0 1 43
4.932389 1.483221 0.152955 48.500000 91.500000 0.000000 0 1 43
4.932389 1.483221 0.152955 49.500000 91.500000 0.000000 0 1 43
4.932389 1.483221 0.152955 50.500000 91.500000 0.000000 0 1 43
4.932389 1.483221 0.152955 51.500000 91.500000 0.000000 0 1 43
4.932389 1.483221 0.152955 52.500000 91.500000 0.000000 0 1 43
4.932389 1.483221 0.152955 53.500000 91.500000 0.000000 0 1 43
4.932389 1.483221 0.152955 54.500000 91.500000 0.000000 0 1 43
4.932389 1.483221 0.152955 55.500000 91.500000 0.000000 0 1 43
4.932389 1.483221 0.152955 56.500000 91.500000 0.000000 0 1 43
4.932389 1.483221 0.152955 57.500000 91.500000 0.000000 0 1 43
4.932389 1.483221 0.152955 58.500000 91.500000 0.000000 0 1 43
4.932389 1.483221 0.152955 59.500000 91.500000 0.000000 0 1 43
4.932389 1.483221 0.152955 60.500000 91.500000 0.000000 0 1 43
4.932389 1.483221 0.152955 61.500000 91.500000 0.000000 0 1 43
4.932389 1.483221 0.152955 62.500000 91.500000 0.000000 0 1 43
4.932389 1.483221 0.152955 63.500000 91.500000 0.000000 0 1 43
4.932389 1.483221 0.152955 64.500000 91.500000 0.000000 0 1 43
4.932389 1.483221 0.152955 65.500000 91.500000 0.000000 0 1 43
4.932389 1.483221 0.152955 66.500000 91.500000 0.000000 0 1 43
4.932389 1.483221 0.152955 67.500000 91.500000 0.000000 0 1 43
4.932389 1.483221 0.152955 68.500000 91.500000 0.000000 0 1 43
4.932389 1.483221 0.152955 69.500000 91.500000 0.000000 0 1 43
4.932389 1.483221 0.152955 70.500000 91.500000 0.000000 0 1 43
4.932389 1.483221 0.152955 71.500000 91.500000 0.000000 0 1 43
4.932389 1.483221 0.152955 72.500000 91.500000 0.000000 0 1 43
4.932389 1.483221 0.152955 73.500000 91.500000 0.000000 0 1 43
4.932389 1.483221 0.152955 74.500000 91.500000 0.000000 0 1 43
4.932389 1.483221 0.152955 75.500000 91.500000 0.000000 0 1 43
4.932389 1.483221 0.152955 76.500000 91.500000 0.000000 0 1 43
4.932389 1.483221 0.152955 77.500000 91.500000 0.000000 0 1 43
4.932389 1.483221 0.152955 78.500000 91.500000 0.000000 0 1 43
4.932389 1.483221 0.152955 79.500000 91.500000 0.000000 0 1 43
4.932389 1.483221 0.152955 80.500000 91.500000 0.000000 0 1 43
4.932389 1.483221 0.152955 81.500000 91.500000 0.000000 0 1 43
4.932389 1.483221 0.152955 82.500000 91.500000 0.000000 0 1 43
4.932389 1.483221 0.152955 83.500000 91.500000 0.000000 0 1 43
4.932389 1.483221 0.152955 84.500000 91.500000 0.000000 0 1 43
4.932389 1.483221 0.152955 85.500000 91.500000 0.000000 0 1 43
4.932389 1.483221 0.152955 86.500000 91.500000 0.000000 0 1 43
4.932389 1.483221 0.152955 87.500000 91.500000 0.000000 0 1 43
4.932389 1.483221 0.152955 88.500000 91.500000 0.000000 0 1 43
4.932389 1.483221 0.152955 89.500000 91.500000 0.000000 0 1 43
4.932389 1.483221 0.152955 90.500000 91.500000 0.000000 0 1 43
4.932389 1.483221 0.152955 91.500000 91.500000 0.000000 0 1 43
4.932389 1.483221 0.152955 92.500000 91.500000 0.000000 0 1 43
4.932389 1.483221 0.152955 93.500000 91.500000 0.000000 0 1 43
4.932389 1.483221 0.152955 94.500000 91.500000 0.000000 0 1 43
4.932389 1.483221 0.152955 95.500000 91.500000 0.000000 0 1 43
4.932389 1.483221 0.152955 96.500000 91.500000 0.000000 0 1 43
4.932389 1.483221 0.152955 97.500000 91.500000 0.000000 0 1 43
4.932389 1.483221 0.152955 98.500000 91.500000 0.000000 0 1 43
4.932389 1.483221 0.152955 99.500000 91.500000 0.000000 0 1 43
0.822538 1.621784 0.968628 0.500000 92.500000 0.000000 4 1 43
0.822538 1.621784 0.968628 1.500000 92.500000 0.000000 4 1 43
0.822538 1.621784 0.968628 2.500000 92.500000 0.000000 4 1 43
0.822538 1.621784 0.968628 3.500000 92.500000 0.000000 4 1 43
0.822538 1.621784 0.968628 4.500000 92.500000 0.000000 4 1 43
0.822538 1.621784 0.968628 5.500000 92.500000 0.000000 4 1 43
0.822538 1.621784 0.968628 6.500000 92.500000 0.000000 4 1 43
0.822538 1.621784 0.968628 7.500000 92.500000 0.000000 4 1 43
0.822538 1.621784 0.968628 8.500000 92.500000 0.000000 4 1 43
0.822538 1.621784 0.968628 9.500000 92.500000 0.000000 4 1 43
0.822538 1.621784 0.968628 10.500000 92.500000 0.000000 4 1 43
0.822538 1.621784 0.968628 11.500000 92.500000 0.000000 4 1 43
0.822538 1.621784 0.968628 12.500000 92.500000 0.000000 4 1 43
0.822538 1.621784 0.968628 13.500000 92.500000 0.000000 4 1 43
0.822538 1.621784 0.968628 14.500000 92.500000 0.000000 4 1 43
0.822538 1.621784 0.968628 15.500000 92.500000 0.000000 4 1 43
0.822538 1.621784 0.968628 16.500000 92.500000 0.000000 4 1 43
0.822538 1.621784 0.968628 17.500000 92.500000 0.000000 4 1 43
0.822538 1.621784 0.968628 18.500000 92.500000 0.000000 4 1 43
0.822538 1.621784 0.968628 19.500000 92.500000 0.000000 4 1 43
0.822538 1.621784 0.968628 20.500000 92.500000 0.000000 4 1 43
0.822538 1.621784 0.968628 21.500000 92.500000 0.000000 4 1 43
0.822538 1.621784 0.968628 22.500000 92.500000 0.000000 4 1 43
0.822538 1.621784 0.968628 23.500000 92.500000 0.000000 4 1 43
0.822538 1.621784 0.968628 24.500000 92.500000 0.000000 4 1 43
0.822538 1.621784 0.968628 25.500000 92.500000 0.000000 4 1 43
0.822538 1.621784 0.968628 26.500000 92.500000 0.000000 4 1 43
0.822538 1.621784 0.968628 27.500000 92.500000 0.000000 4 1 43
0.822538 1.621784 0.968628 28.500000 92.500000 0.000000 4 1 43
0.822538 1.621784 0.968628 29.500000 92.500000 0.000000 4 1 43
0.822538 1.621784 0.968628 30.500000 92.500000 0.000000 4 1 43
0.822538 1.621784 0.968628 31.500000 92.500000 0.000000 4 1 43
0.822538 1.621784 0.968628 32.500000 92.500000 0.000000 4 1 43
0.822538 1.621784 0.968628 33.500000 92.500000 0.000000 4 1 43
0.822538 1.621784 0.968628 34.500000 92.500000 0.000000 4 1 43
0.822538 1.621784 0.968628 35.500000 92.500000 0.000000 4 1 43
0.822538 1.621784 0.968628 36.500000 92.500000 0.000000 4 1 43
0.822538 1.621784 0.968628 37.500000 92.500000 0.000000 4 1 43
0.822538 1.621784 0.968628 38.500000 92.500000 0.000000 4 1 43
0.822538 1.621784 0.968628 39.500000 92.500000 0.000000 4 1 43
0.822538 1.621784 0.968628 40.500000 92.500000 0.000000 4 1 43
0.822538 1.621784 0.968628 41.500000 92.500000 0.000000 4 1 43
0.822538 1.621784 0.968628 42.500000 92.500000 0.000000 4 1 43
0.822538 1.621784 0.968628 43.500000 92.500000 0.000000 4 1 43
0.822538 1.621784 0.968628 44.500000 92.500000 0.000000 4 1 43
0.822538 1.621784 0.968628 45.500000 92.500000 0.000000 4 1 43
4.932389 1.483221 0.152955 46.500000 92.500000 0.000000 0 1 43
4.932389 1.483221 0.152955 47.500000 92.500000 0.000000 0 1 43
4.932389 1.483221 0.152955 48.500000 92.500000 0.000000 0 1 43
4.932389 1.483221 0.152955 49.500000 92.500000 0.000000 0 1 43
4.932389 1.483221 0.152955 50.500000 92.500000 0.000000 0 1 43
4.932389 1.483221 0.152955 51.500000 92.500000 0.000000 0 1 43
4.932389 1.483221 0.152955 52.500000 92.500000 0.000000 0 1 43
4.932389 1.483221 0.152955 53.500000 92.500000 0.000000 0 1 43
4.932389 1.483221 0.152955 54.500000 92.500000 0.000000 0 1 43
4.932389 1.483221 0.152955 55.500000 92.500000 0.000000 0 1 43
4.932389 1.483221 0.152955 56.500000 92.500000 0.000000 0 1 43
4.932389 1.483221 0.152955 57.500000 92.500000 0.000000 0 1 43
4.932389 1.483221 0.152955 58.500000 92.500000 0.000000 0 1 43
4.932389 1.483221 0.152955 59.500000 92.500000 0.000000 0 1 43
4.932389 1.483221 0.152955 60.500000 92.500000 0.000000 0 1 43
4.932389 1.483221 0.152955 61.500000 92.500000 0.000000 0 1 43
4.932389 1.483221 0.152955 62.500000 92.500000 0.000000 0 1 43
4.932389 1.483221 0.152955 63.500000 92.500000 0.000000 0 1 43
4.932389 1.483221 0.152955 64.500000 92.500000 0.000000 0 1 43
4.932389 1.483221 0.152955 65.500000 92.500000 0.000000 0 1 43
4.932389 1.483221 0.152955 66.500000 92.500000 0.000000 0 1 43
4.932389 1.483221 0.152955 67.500000 92.500000 0.000000 0 1 43
4.932389 1.483221 0.152955 68.500000 92.500000 0.000000 0 1 43
4.932389 1.483221 0.152955 69.500000 92.500000 0.000000 0 1 43
4.932389 1.483221 0.152955 70.500000 92.500000 0.000000 0 1 43
4.932389 1.483221 0.152955 71.500000 92.500000 0.000000 0 1 43
4.932389 1.483221 0.152955 72.500000 92.500000 0.000000 0 1 43
4.932389 1.483221 0.152955 73.500000 92.500000 0.000000 0 1 43
4.932389 1.483221 0.152955 74.500000 92.500000 0.000000 0 1 43
4.932389 1.483221 0.152955 75.500000 92.500000 0.000000 0 1 43
4.932389 1.483221 0.152955 76.500000 92.500000 0.000000 0 1 43
4.932389 1.483221 0.152955 77.500000 92.500000 0.000000 0 1 43
4.932389 1.483221 0.152955 78.500000 92.500000 0.000000 0 1 43
4.932389 1.483221 0.152955 79.500000 92.500000 0.000000 0 1 43
4.932389 1.483221 0.152955 80.500000 92.500000 0.000000 0 1 43
4.932389 1.483221 0.152955 81.500000 92.500000 0.000000 0 1 43
4.932389 1.483221 0.152955 82.500000 92.500000 0.000000 0 1 43
4.932389 1.483221 0.152955 83.500000 92.500000 0.000000 0 1 43
4.932389 1.483221 0.152955 84.500000 92.500000 0.000000 0 1 43
4.932389 1.483221 0.152955 85.500000 92.500000 0.000000 0 1 43
4.932389 1.483221 0.152955 86.500000 92.500000 0.000000 0 1 43
4.932389 1.483221 0.152955 87.500000 92.500000 0.000000 0 1 43
4.932389 1.483221 0.152955 88.500000 92.500000 0.000000 0 1 43
4.932389 1.483221 0.152955 89.500000 92.500000 0.000000 0 1 43
4.932389 1.483221 0.152955 90.500000 92.500000 0.000000 0 1 43
4.932389 1.483221 0.152955 91.500000 92.500000 0.000000 0 1 43
4.932389 1.483221 0.152955 92.500000 92.500000 0.000000 0 1 43
4.932389 1.483221 0.152955 93.500000 92.500000 0.000000 0 1 43
4.932389 1.483221 0.152955 94.500000 92.500000 0.000000 0 1 43
4.932389 1.483221 0.152955 95.500000 92.500000 0.000000 0 1 43
4.932389 1.483221 0.152955 96.500000 92.500000 0.000000 0 1 43
4.932389 1.483221 0.152955 97.500000 92.500000 0.000000 0 1 43
4.932389 1.483221 0.152955 98.500000 92.500000 0.000000 0 1 43
4.932389 1.483221 0.152955 99.500000 92.500000 0.000000 0 1 43
0.822538 1.621784 0.968628 0.500000 93.500000 0.000000 4 1 43
0.822538 1.621784 0.968628 1.500000 93.500000 0.000000 4 1 43
0.822538 1.621784 0.968628 2.500000 93.500000 0.000000 4 1 43
0.822538 1.621784 0.968628 3.500000 93.500000 0.000000 4 1 43
0.822538 1.621784 0.968628 4.500000 93.500000 0.000000 4 1 43
0.822538 1.621784 0.968628 5.500000 93.500000 0.000000 4 1 43
0.822538 1.621784 0.968628 6.500000 93.500000 0.000000 4 1 43
0.822538 1.621784 0.968628 7.500000 93.500000 0.000000 4 1 43
0.822538 1.621784 0.968628 8.500000 93.500000 0.000000 4 1 43
0.822538 1.621784 0.968628 9.500000 93.500000 0.000000 4 1 43
0.822538 1.621784 0.968628 10.500000 93.500000 0.000000 4 1 43
0.822538 1.621784 0.968628 11.500000 93.500000 0.000000 4 1 43
0.822538 1.621784 0.968628 12.500000 93.500000 0.000000 4 1 43
0.822538 1.621784 0.968628 13.500000 93.500000 0.000000 4 1 43
0.822538 1.621784 0.968628 14.500000 93.500000 0.000000 4 1 43
0.822538 1.621784 0.968628 15.500000 93.500000 0.000000 4 1 43
0.822538 1.621784 0.968628 16.500000 93.500000 0.000000 4 1 43
0.822538 1.621784 0.968628 17.500000 93.500000 0.000000 4 1 43
0.822538 1.621784 0.968628 18.500000 93.500000 0.000000 4 1 43
0.822538 1.621784 0.968628 19.500000 93.500000 0.000000 4 1 43
0.822538 1.621784 0.968628 20.500000 93.500000 0.000000 4 1 43
0.822538 1.621784 0.968628 21.500000 93.500000 0.000000 4 1 43
0.822538 1.621784 0.968628 22.500000 93.500000 0.000000 4 1 43
0.822538 1.621784 0.968628 23.500000 93.500000 0.000000 4 1 43
0.822538 1.621784 0.968628 24.500000 93.500000 0.000000 4 1 43
0.822538 1.621784 0.968628 25.500000 93.500000 0.000000 4 1 43
0.822538 1.621784 0.968628 26.500000 93.500000 0.000000 4 1 43
0.822538 1.621784 0.968628 27.500000 93.500000 0.000000 4 1 43
0.822538 1.621784 0.968628 28.500000 93.500000 0.000000 4 1 43
0.822538 1.621784 0.968628 29.500000 93.500000 0.000000 4 1 43
0.822538 1.621784 0.968628 30.500000 93.500000 0.000000 4 1 43
0.822538 1.621784 0.968628 31.500000 93.500000 0.000000 4 1 43
0.822538 1.621784 0.968628 32.500000 93.500000 0.000000 4 1 43
0.822538 1.621784 0.968628 33.500000 93.500000 0.000000 4 1 43
0.822538 1.621784 0.968628 34.500000 93.500000 0.000000 4 1 43
0.822538 1.621784 0.968628 35.500000 93.500000 0.000000 4 1 43
0.822538 1.621784 0.968628 36.500000 93.500000 0.000000 4 1 43
0.822538 1.621784 0.968628 37.500000 93.500000 0.000000 4 1 43
0.822538 1.621784 0.968628 38.500000 93.500000 0.000000 4 1 43
0.822538 1.621784 0.968628 39.500000 93.500000 0.000000 4 1 43
0.822538 1.621784 0.968628 40.500000 93.500000 0.000000 4 1 43
0.822538 1.621784 0.968628 41.500000 93.500000 0.000000 4 1 43
0.822538 1.621784 0.968628 42.500000 93.500000 0.000000 4 1 43
0.822538 1.621784 0.968628 43.500000 93.500000 0.000000 4 1 43
0.822538 1.621784 0.968628 44.500000 93.500000 0.000000 4 1 43
0.822538 1.621784 0.968628 45.500000 93.500000 0.000000 4 1 43
4.932389 1.483221 0.152955 46.500000 93.500000 0.000000 0 1 43
4.932389 1.483221 0.152955 47.500000 93.500000 0.000000 0 1 43
4.932389 1.483221 0.152955 48.500000 93.500000 0.000000 0 1 43
4.932389 1.483221 0.152955 49.500000 93.500000 0.000000 0 1 43
4.932389 1.483221 0.152955 50.500000 93.500000 0.000000 0 1 43
4.932389 1.483221 0.152955 51.500000 93.500000 0.000000 0 1 43
4.932389 1.483221 0.152955 52.500000 93.500000 0.000000 0 1 43
4.932389 1.483221 0.152955 53.500000 93.500000 0.000000 0 1 43
4.932389 1.483221 0.152955 54.500000 93.500000 0.000000 0 1 43
4.932389 1.483221 0.152955 55.500000 93.500000 0.000000 0 1 43
4.932389 1.483221 0.152955 56.500000 93.500000 0.000000 0 1 43
4.932389 1.483221 0.152955 57.500000 93.500000 0.000000 0 1 43
4.932389 1.483221 0.152955 58.500000 93.500000 0.000000 0 1 43
4.932389 1.483221 0.152955 59.500000 93.500000 0.000000 0 1 43
4.932389 1.483221 0.152955 60.500000 93.500000 0.000000 0 1 43
4.932389 1.483221 0.152955 61.500000 93.500000 0.000000 0 1 43
4.932389 1.483221 0.152955 62.500000 93.500000 0.000000 0 1 43
4.932389 1.483221 0.152955 63.500000 93.500000 0.000000 0 1 43
4.932389 1.483221 0.152955 64.500000 93.500000 0.000000 0 1 43
4.932389 1.483221 0.152955 65.500000 93.500000 0.000000 0 1 43
4.932389 1.483221 0.152955 66.500000 93.500000 0.000000 0 1 43
4.932389 1.483221 0.152955 67.500000 93.500000 0.000000 0 1 43
4.932389 1.483221 0.152955 68.500000 93.500000 0.000000 0 1 43
4.932389 1.483221 0.152955 69.500000 93.500000 0.000000 0 1 43
4.932389 1.483221 0.152955 70.500000 93.500000 0.000000 0 1 43
4.932389 1.483221 0.152955 71.500000 93.500000 0.000000 0 1 43
4.932389 1.483221 0.152955 72.500000 93.500000 0.000000 0 1 43
4.932389 1.483221 0.152955 73.500000 93.500000 0.000000 0 1 43
4.932389 1.483221 0.152955 74.500000 93.500000 0.000000 0 1 43
4.932389 1.483221 0.152955 75.500000 93.500000 0.000000 0 1 43
4.932389 1.483221 0.152955 76.500000 93.500000 0.000000 0 1 43
4.932389 1.483221 0.152955 77.500000 93.500000 0.000000 0 1 43
4.932389 1.483221 0.152955 78.500000 93.500000 0.000000 0 1 43
4.932389 1.483221 0.152955 79.500000 93.500000 0.000000 0 1 43
4.932389 1.483221 0.152955 80.500000 93.500000 0.000000 0 1 43
4.932389 1.483221 0.152955 81.500000 93.500000 0.000000 0 1 43
4.932389 1.483221 0.152955 82.500000 93.500000 0.000000 0 1 43
4.932389 1.483221 0.152955 83.500000 93.500000 0.000000 0 1 43
4.932389 1.483221 0.152955 84.500000 93.500000 0.000000 0 1 43
4.932389 1.483221 0.152955 85.500000 93.500000 0.000000 0 1 43
4.932389 1.483221 0.152955 86.500000 93.500000 0.000000 0 1 43
4.932389 1.483221 0.152955 87.500000 93.500000 0.000000 0 1 43
4.932389 1.483221 0.152955 88.500000 93.500000 0.000000 0 1 43
4.932389 1.483221 0.152955 89.500000 93.500000 0.000000 0 1 43
4.932389 1.483221 0.152955 90.500000 93.500000 0.000000 0 1 43
4.932389 1.483221 0.152955 91.500000 93.500000 0.000000 0 1 43
4.932389 1.483221 0.152955 92.500000 93.500000 0.000000 0 1 43
4.932389 1.483221 0.152955 93.500000 93.500000 0.000000 0 1 43
4.932389 1.483221 0.152955 94.500000 93.500000 0.000000 0 1 43
4.932389 1.483221 0.152955 95.500000 93.500000 0.000000 0 1 43
4.932389 1.483221 0.152955 96.500000 93.500000 0.000000 0 1 43
4.932389 1.483221 0.152955 97.500000 93.500000 0.000000 0 1 43
4.932389 1.483221 0.152955 98.500000 93.500000 0.000000 0 1 43
4.932389 1.483221 0.152955 99.500000 93.500000 0.000000 0 1 43
0.822538 1.621784 0.968628 0.500000 94.500000 0.000000 4 1 43
0.822538 1.621784 0.968628 1.500000 94.500000 0.000000 4 1 43
0.822538 1.621784 0.968628 2.500000 94.500000 0.000000 4 1 43
0.822538 1.621784 0.968628 3.500000 94.500000 0.000000 4 1 43
0.822538 1.621784 0.968628 4.500000 94.500000 0.000000 4 1 43
0.822538 1.621784 0.968628 5.500000 94.500000 0.000000 4 1 43
0.822538 1.621784 0.968628 6.500000 94.500000 0.000000 4 1 43
0.822538 1.621784 0.968628 7.500000 94.500000 0.000000 4 1 43
0.822538 1.621784 0.968628 8.500000 94.500000 0.000000 4 1 43
0.822538 1.621784 0.968628 9.500000 94.500000 0.000000 4 1 43
0.822538 1.621784 0.968628 10.500000 94.500000 0.000000 4 1 43
0.822538 1.621784 0.968628 11.500000 94.500000 0.000000 4 1 43
0.822538 1.621784 0.968628 12.500000 94.500000 0.000000 4 1 43
0.822538 1.621784 0.968628 13.500000 94.500000 0.000000 4 1 43
0.822538 1.621784 0.968628 14.500000 94.500000 0.000000 4 1 43
0.822538 1.621784 0.968628 15.500000 94.500000 0.000000 4 1 43
0.822538 1.621784 0.968628 16.500000 94.500000 0.000000 4 1 43
0.822538 1.621784 0.968628 17.500000 94.500000 0.000000 4 1 43
0.822538 1.621784 0.968628 18.500000 94.500000 0.000000 4 1 43
0.822538 1.621784 0.968628 19.500000 94.500000 0.000000 4 1 43
0.822538 1.621784 0.968628 20.500000 94.500000 0.000000 4 1 43
0.822538 1.621784 0.968628 21.500000 94.500000 0.000000 4 1 43
0.822538 1.621784 0.968628 22.500000 94.500000 0.000000 4 1 43
0.822538 1.621784 0.968628 23.500000 94.500000 0.000000 4 1 43
0.822538 1.621784 0.968628 24.500000 94.500000 0.000000 4 1 43
0.822538 1.621784 0.968628 25.500000 94.500000 0.000000 4 1 43
0.822538 1.621784 0.968628 26.500000 94.500000 0.000000 4 1 43
0.822538 1.621784 0.968628 27.500000 94.500000 0.000000 4 1 43
0.822538 1.621784 0.968628 28.500000 94.500000 0.000000 4 1 43
0.822538 1.621784 0.968628 29.500000 94.500000 0.000000 4 1 43
0.822538 1.621784 0.968628 30.500000 94.500000 0.000000 4 1 43
0.822538 1.621784 0.968628 31.500000 94.500000 0.000000 4 1 43
0.822538 1.621784 0.968628 32.500000 94.500000 0.000000 4 1 43
0.822538 1.621784 0.968628 33.500000 94.500000 0.000000 4 1 43
0.822538 1.621784 0.968628 34.500000 94.500000 0.000000 4 1 43
0.822538 1.621784 0.968628 35.500000 94.500000 0.000000 4 1 43
0.822538 1.621784 0.968628 36.500000 94.500000 0.000000 4 1 43
0.822538 1.621784 0.968628 37.500000 94.500000 0.000000 4 1 43
0.822538 1.621784 0.968628 38.500000 94.500000 0.000000 4 1 43
0.822538 1.621784 0.968628 39.500000 94.500000 0.000000 4 1 43
0.822538 1.621784 0.968628 40.500000 94.500000 0.000000 4 1 43
0.822538 1.621784 0.968628 41.500000 94.500000 0.000000 4 1 43
0.822538 1.621784 0.968628 42.500000 94.500000 0.000000 4 1 43
0.822538 1.621784 0.968628 43.500000 94.500000 0.000000 4 1 43
0.822538 1.621784 0.968628 44.500000 94.500000 0.000000 4 1 43
0.822538 1.621784 0.968628 45.500000 94.500000 0.000000 4 1 43
4.932389 1.483221 0.152955 46.500000 94.500000 0.000000 0 1 43
4.932389 1.483221 0.152955 47.500000 94.500000 0.000000 0 1 43
4.932389 1.483221 0.152955 48.500000 94.500000 0.000000 0 1 43
4.932389 1.483221 0.152955 49.500000 94.500000 0.000000 0 1 43
4.932389 1.483221 0.152955 50.500000 94.500000 0.000000 0 1 43
4.932389 1.483221 0.152955 51.500000 94.500000 0.000000 0 1 43
4.932389 1.483221 0.152955 52.500000 94.500000 0.000000 0 1 43
4.932389 1.483221 0.152955 53.500000 94.500000 0.000000 0 1 43
4.932389 1.483221 0.152955 54.500000 94.500000 0.000000 0 1 43
4.932389 1.483221 0.152955 55.500000 94.500000 0.000000 0 1 43
4.932389 1.483221 0.152955 56.500000 94.500000 0.000000 0 1 43
4.932389 1.483221 0.152955 57.500000 94.500000 0.000000 0 1 43
4.932389 1.483221 0.152955 58.500000 94.500000 0.000000 0 1 43
4.932389 1.483221 0.152955 59.500000 94.500000 0.000000 0 1 43
4.932389 1.483221 0.152955 60.500000 94.500000 0.000000 0 1 43
4.932389 1.483221 0.152955 61.500000 94.500000 0.000000 0 1 43
4.932389 1.483221 0.152955 62.500000 94.500000 0.000000 0 1 43
4.932389 1.483221 0.152955 63.500000 94.500000 0.000000 0 1 43
4.932389 1.483221 0.152955 64.500000 94.500000 0.000000 0 1 43
4.932389 1.483221 0.152955 65.500000 94.500000 0.000000 0 1 43
4.932389 1.483221 0.152955 66.500000 94.500000 0.000000 0 1 43
4.932389 1.483221 0.152955 67.500000 94.500000 0.000000 0 1 43
4.932389 1.483221 0.152955 68.500000 94.500000 0.000000 0 1 43
4.932389 1.483221 0.152955 69.500000 94.500000 0.000000 0 1 43
4.932389 1.483221 0.152955 70.500000 94.500000 0.000000 0 1 43
4.932389 1.483221 0.152955 71.500000 94.500000 0.000000 0 1 43
4.932389 1.483221 0.152955 72.500000 94.500000 0.000000 0 1 43
4.932389 1.483221 0.152955 73.500000 94.500000 0.000000 0 1 43
4.932389 1.483221 0.152955 74.500000 94.500000 0.000000 0 1 43
4.932389 1.483221 0.152955 75.500000 94.500000 0.000000 0 1 43
4.932389 1.483221 0.152955 76.500000 94.500000 0.000000 0 1 43
4.932389 1.483221 0.152955 77.500000 94.500000 0.000000 0 1 43
4.932389 1.483221 0.152955 78.500000 94.500000 0.000000 0 1 43
4.932389 1.483221 0.152955 79.500000 94.500000 0.000000 0 1 43
4.932389 1.483221 0.152955 80.500000 94.500000 0.000000 0 1 43
4.932389 1.483221 0.152955 81.500000 94.500000 0.000000 0 1 43
4.932389 1.483221 0.152955 82.500000 94.500000 0.000000 0 1 43
4.932389 1.483221 0.152955 83.500000 94.500000 0.000000 0 1 43
4.932389 1.483221 0.152955 84.500000 94.500000 0.000000 0 1 43
4.932389 1.483221 0.152955 85.500000 94.500000 0.000000 0 1 43
4.932389 1.483221 0.152955 86.500000 94.500000 0.000000 0 1 43
4.932389 1.483221 0.152955 87.500000 94.500000 0.000000 0 1 43
4.932389 1.483221 0.152955 88.500000 94.500000 0.000000 0 1 43
4.932389 1.483221 0.152955 89.500000 94.500000 0.000000 0 1 43
4.932389 1.483221 0.152955 90.500000 94.500000 0.000000 0 1 43
4.932389 1.483221 0.152955 91.500000 94.500000 0.000000 0 1 43
4.932389 1.483221 0.152955 92.500000 94.500000 0.000000 0 1 43
4.932389 1.483221 0.152955 93.500000 94.500000 0.000000 0 1 43
4.932389 1.483221 0.152955 94.500000 94.500000 0.000000 0 1 43
4.932389 1.483221 0.152955 95.500000 94.500000 0.000000 0 1 43
4.932389 1.483221 0.152955 96.500000 94.500000 0.000000 0 1 43
4.932389 1.483221 0.152955 97.500000 94.500000 0.000000 0 1 43
4.932389 1.483221 0.152955 98.500000 94.500000 0.000000 0 1 43
4.932389 1.483221 0.152955 99.500000 94.500000 0.000000 0 1 43
0.822538 1.621784 0.968628 0.500000 95.500000 0.000000 4 1 43
0.822538 1.621784 0.968628 1.500000 95.500000 0.000000 4 1 43
0.822538 1.621784 0.968628 2.500000 95.500000 0.000000 4 1 43
0.822538 1.621784 0.968628 3.500000 95.500000 0.000000 4 1 43
0.822538 1.621784 0.968628 4.500000 95.500000 0.000000 4 1 43
0.822538 1.621784 0.968628 5.500000 95.500000 0.000000 4 1 43
0.822538 1.621784 0.968628 6.500000 95.500000 0.000000 4 1 43
0.822538 1.621784 0.968628 7.500000 95.500000 0.000000 4 1 43
0.822538 1.621784 0.968628 8.500000 95.500000 0.000000 4 1 43
0.822538 1.621784 0.968628 9.500000 95.500000 0.000000 4 1 43
0.822538 1.621784 0.968628 10.500000 95.500000 0.000000 4 1 43
0.822538 1.621784 0.968628 11.500000 95.500000 0.000000 4 1 43
0.822538 1.621784 0.968628 12.500000 95.500000 0.000000 4 1 43
0.822538 1.621784 0.968628 13.500000 95.500000 0.000000 4 1 43
0.822538 1.621784 0.968628 14.500000 95.500000 0.000000 4 1 43
0.822538 1.621784 0.968628 15.500000 95.500000 0.000000 4 1 43
0.822538 1.621784 0.968628 16.500000 95.500000 0.000000 4 1 43
0.822538 1.621784 0.968628 17.500000 95.500000 0.000000 4 1 43
0.822538 1.621784 0.968628 18.500000 95.500000 0.000000 4 1 43
0.822538 1.621784 0.968628 19.500000 95.500000 0.000000 4 1 43
0.822538 1.621784 0.968628 20.500000 95.500000 0.000000 4 1 43
0.822538 1.621784 0.968628 21.500000 95.500000 0.000000 4 1 43
0.822538 1.621784 0.968628 22.500000 95.500000 0.000000 4 1 43
0.822538 1.621784 0.968628 23.500000 95.500000 0.000000 4 1 43
0.822538 1.621784 0.968628 24.500000 95.500000 0.000000 4 1 43
0.822538 1.621784 0.968628 25.500000 95.500000 0.000000 4 1 43
0.822538 1.621784 0.968628 26.500000 95.500000 0.000000 4 1 43
0.822538 1.621784 0.968628 27.500000 95.500000 0.000000 4 1 43
0.822538 1.621784 0.968628 28.500000 95.500000 0.000000 4 1 43
0.822538 1.621784 0.968628 29.500000 95.500000 0.000000 4 1 43
0.822538 1.621784 0.968628 30.500000 95.500000 0.000000 4 1 43
0.822538 1.621784 0.968628 31.500000 95.500000 0.000000 4 1 43
0.822538 1.621784 0.968628 32.500000 95.500000 0.000000 4 1 43
0.822538 1.621784 0.968628 33.500000 95.500000 0.000000 4 1 43
0.822538 1.621784 0.968628 34.500000 95.500000 0.000000 4 1 43
0.822538 1.621784 0.968628 35.500000 95.500000 0.000000 4 1 43
0.822538 1.621784 0.968628 36.500000 95.500000 0.000000 4 1 43
0.822538 1.621784 0.968628 37.500000 95.500000 0.000000 4 1 43
0.822538 1.621784 0.968628 38.500000 95.500000 0.000000 4 1 43
0.822538 1.621784 0.968628 39.500000 95.500000 0.000000 4 1 43
0.822538 1.621784 0.968628 40.500000 95.500000 0.000000 4 1 43
0.822538 1.621784 0.968628 41.500000 95.500000 0.000000 4 1 43
0.822538 1.621784 0.968628 42.500000 95.500000 0.000000 4 1 43
0.822538 1.621784 0.968628 43.500000 95.500000 0.000000 4 1 43
0.822538 1.621784 0.968628 44.500000 95.500000 0.000000 4 1 43
0.822538 1.621784 0.968628 45.500000 95.500000 0.000000 4 1 43
4.932389 1.483221 0.152955 46.500000 95.500000 0.000000 0 1 43
4.932389 1.483221 0.152955 47.500000 95.500000 0.000000 0 1 43
4.932389 1.483221 0.152955 48.500000 95.500000 0.000000 0 1 43
4.932389 1.483221 0.152955 49.500000 95.500000 0.000000 0 1 43
4.932389 1.483221 0.152955 50.500000 95.500000 0.000000 0 1 43
4.932389 1.483221 0.152955 51.500000 95.500000 0.000000 0 1 43
4.932389 1.483221 0.152955 52.500000 95.500000 0.000000 0 1 43
4.932389 1.483221 0.152955 53.500000 95.500000 0.000000 0 1 43
4.932389 1.483221 0.152955 54.500000 95.500000 0.000000 0 1 43
4.932389 1.483221 0.152955 55.500000 95.500000 0.000000 0 1 43
4.932389 1.483221 0.152955 56.500000 95.500000 0.000000 0 1 43
4.932389 1.483221 0.152955 57.500000 95.500000 0.000000 0 1 43
4.932389 1.483221 0.152955 58.500000 95.500000 0.000000 0 1 43
4.932389 1.483221 0.152955 59.500000 95.500000 0.000000 0 1 43
4.932389 1.483221 0.152955 60.500000 95.500000 0.000000 0 1 43
4.932389 1.483221 0.152955 61.500000 95.500000 0.000000 0 1 43
4.932389 1.483221 0.152955 62.500000 95.500000 0.000000 0 1 43
4.932389 1.483221 0.152955 63.500000 95.500000 0.000000 0 1 43
4.932389 1.483221 0.152955 64.500000 95.500000 0.000000 0 1 43
4.932389 1.483221 0.152955 65.500000 95.500000 0.000000 0 1 43
4.932389 1.483221 0.152955 66.500000 95.500000 0.000000 0 1 43
4.932389 1.483221 0.152955 67.500000 95.500000 0.000000 0 1 43
4.932389 1.483221 0.152955 68.500000 95.500000 0.000000 0 1 43
4.932389 1.483221 0.152955 69.500000 95.500000 0.000000 0 1 43
4.932389 1.483221 0.152955 70.500000 95.500000 0.000000 0 1 43
4.932389 1.483221 0.152955 71.500000 95.500000 0.000000 0 1 43
4.932389 1.483221 0.152955 72.500000 95.500000 0.000000 0 1 43
4.932389 1.483221 0.152955 73.500000 95.500000 0.000000 0 1 43
4.932389 1.483221 0.152955 74.500000 95.500000 0.000000 0 1 43
4.932389 1.483221 0.152955 75.500000 95.500000 0.000000 0 1 43
4.932389 1.483221 0.152955 76.500000 95.500000 0.000000 0 1 43
4.932389 1.483221 0.152955 77.500000 95.500000 0.000000 0 1 43
4.932389 1.483221 0.152955 78.500000 95.500000 0.000000 0 1 43
4.932389 1.483221 0.152955 79.500000 95.500000 0.000000 0 1 43
4.932389 1.483221 0.152955 80.500000 95.500000 0.000000 0 1 43
4.932389 1.483221 0.152955 81.500000 95.500000 0.000000 0 1 43
4.932389 1.483221 0.152955 82.500000 95.500000 0.000000 0 1 43
4.932389 1.483221 0.152955 83.500000 95.500000 0.000000 0 1 43
4.932389 1.483221 0.152955 84.500000 95.500000 0.000000 0 1 43
4.932389 1.483221 0.152955 85.500000 95.500000 0.000000 0 1 43
4.932389 1.483221 0.152955 86.500000 95.500000 0.000000 0 1 43
4.932389 1.483221 0.152955 87.500000 95.500000 0.000000 0 1 43
4.932389 1.483221 0.152955 88.500000 95.500000 0.000000 0 1 43
4.932389 1.483221 0.152955 89.500000 95.500000 0.000000 0 1 43
4.932389 1.483221 0.152955 90.500000 95.500000 0.000000 0 1 43
4.932389 1.483221 0.152955 91.500000 95.500000 0.000000 0 1 43
4.932389 1.483221 0.152955 92.500000 95.500000 0.000000 0 1 43
4.932389 1.483221 0.152955 93.500000 95.500000 0.000000 0 1 43
4.932389 1.483221 0.152955 94.500000 95.500000 0.000000 0 1 43
4.932389 1.483221 0.152955 95.500000 95.500000 0.000000 0 1 43
4.932389 1.483221 0.152955 96.500000 95.500000 0.000000 0 1 43
4.932389 1.483221 0.152955 97.500000 95.500000 0.000000 0 1 43
4.932389 1.483221 0.152955 98.500000 95.500000 0.000000 0 1 43
4.932389 1.483221 0.152955 99.500000 95.500000 0.000000 0 1 43
0.822538 1.621784 0.968628 0.500000 96.500000 0.000000 4 1 43
0.822538 1.621784 0.968628 1.500000 96.500000 0.000000 4 1 43
0.822538 1.621784 0.968628 2.500000 96.500000 0.000000 4 1 43
0.822538 1.621784 0.968628 3.500000 96.500000 0.000000 4 1 43
0.822538 1.621784 0.968628 4.500000 96.500000 0.000000 4 1 43
0.822538 1.621784 0.968628 5.500000 96.500000 0.000000 4 1 43
0.822538 1.621784 0.968628 6.500000 96.500000 0.000000 4 1 43
0.822538 1.621784 0.968628 7.500000 96.500000 0.000000 4 1 43
0.822538 1.621784 0.968628 8.500000 96.500000 0.000000 4 1 43
0.822538 1.621784 0.968628 9.500000 96.500000 0.000000 4 1 43
0.822538 1.621784 0.968628 10.500000 96.500000 0.000000 4 1 43
0.822538 1.621784 0.968628 11.500000 96.500000 0.000000 4 1 43
0.822538 1.621784 0.968628 12.500000 96.500000 0.000000 4 1 43
0.822538 1.621784 0.968628 13.500000 96.500000 0.000000 4 1 43
0.822538 1.621784 0.968628 14.500000 96.500000 0.000000 4 1 43
0.822538 1.621784 0.968628 15.500000 96.500000 0.000000 4 1 43
0.822538 1.621784 0.968628 16.500000 96.500000 0.000000 4 1 43
0.822538 1.621784 0.968628 17.500000 96.500000 0.000000 4 1 43
0.822538 1.621784 0.968628 18.500000 96.500000 0.000000 4 1 43
0.822538 1.621784 0.968628 19.500000 96.500000 0.000000 4 1 43
0.822538 1.621784 0.968628 20.500000 96.500000 0.000000 4 1 43
0.822538 1.621784 0.968628 21.500000 96.500000 0.000000 4 1 43
0.822538 1.621784 0.968628 22.500000 96.500000 0.000000 4 1 43
0.822538 1.621784 0.968628 23.500000 96.500000 0.000000 4 1 43
0.822538 1.621784 0.968628 24.500000 96.500000 0.000000 4 1 43
0.822538 1.621784 0.968628 25.500000 96.500000 0.000000 4 1 43
0.822538 1.621784 0.968628 26.500000 96.500000 0.000000 4 1 43
0.822538 1.621784 0.968628 27.500000 96.500000 0.000000 4 1 43
0.822538 1.621784 0.968628 28.500000 96.500000 0.000000 4 1 43
0.822538 1.621784 0.968628 29.500000 96.500000 0.000000 4 1 43
0.822538 1.621784 0.968628 30.500000 96.500000 0.000000 4 1 43
0.822538 1.621784 0.968628 31.500000 96.500000 0.000000 4 1 43
0.822538 1.621784 0.968628 32.500000 96.500000 0.000000 4 1 43
0.822538 1.621784 0.968628 33.500000 96.500000 0.000000 4 1 43
0.822538 1.621784 0.968628 34.500000 96.500000 0.000000 4 1 43
0.822538 1.621784 0.968628 35.500000 96.500000 0.000000 4 1 43
0.822538 1.621784 0.968628 36.500000 96.500000 0.000000 4 1 43
0.822538 1.621784 0.968628 37.500000 96.500000 0.000000 4 1 43
0.822538 1.621784 0.968628 38.500000 96.500000 0.000000 4 1 43
0.822538 1.621784 0.968628 39.500000 96.500000 0.000000 4 1 43
0.822538 1.621784 0.968628 40.500000 96.500000 0.000000 4 1 43
0.822538 1.621784 0.968628 41.500000 96.500000 0.000000 4 1 43
0.822538 1.621784 0.968628 42.500000 96.500000 0.000000 4 1 43
0.822538 1.621784 0.968628 43.500000 96.500000 0.000000 4 1 43
0.822538 1.621784 0.968628 44.500000 96.500000 0.000000 4 1 43
0.822538 1.621784 0.968628 45.500000 96.500000 0.000000 4 1 43
4.932389 1.483221 0.152955 46.500000 96.500000 0.000000 0 1 43
4.932389 1.483221 0.152955 47.500000 96.500000 0.000000 0 1 43
4.932389 1.483221 0.152955 48.500000 96.500000 0.000000 0 1 43
4.932389 1.483221 0.152955 49.500000 96.500000 0.000000 0 1 43
4.932389 1.483221 0.152955 50.500000 96.500000 0.000000 0 1 43
4.932389 1.483221 0.152955 51.500000 96.500000 0.000000 0 1 43
4.932389 1.483221 0.152955 52.500000 96.500000 0.000000 0 1 43
4.932389 1.483221 0.152955 53.500000 96.500000 0.000000 0 1 43
4.932389 1.483221 0.152955 54.500000 96.500000 0.000000 0 1 43
4.932389 1.483221 0.152955 55.500000 96.500000 0.000000 0 1 43
4.932389 1.483221 0.152955 56.500000 96.500000 0.000000 0 1 43
4.932389 1.483221 0.152955 57.500000 96.500000 0.000000 0 1 43
4.932389 1.483221 0.152955 58.500000 96.500000 0.000000 0 1 43
4.932389 1.483221 0.152955 59.500000 96.500000 0.000000 0 1 43
4.932389 1.483221 0.152955 60.500000 96.500000 0.000000 0 1 43
4.932389 1.483221 0.152955 61.500000 96.500000 0.000000 0 1 43
4.932389 1.483221 0.152955 62.500000 96.500000 0.000000 0 1 43
4.932389 1.483221 0.152955 63.500000 96.500000 0.000000 0 1 43
4.932389 1.483221 0.152955 64.500000 96.500000 0.000000 0 1 43
4.932389 1.483221 0.152955 65.500000 96.500000 0.000000 0 1 43
4.932389 1.483221 0.152955 66.500000 96.500000 0.000000 0 1 43
4.932389 1.483221 0.152955 67.500000 96.500000 0.000000 0 1 43
4.932389 1.483221 0.152955 68.500000 96.500000 0.000000 0 1 43
4.932389 1.483221 0.152955 69.500000 96.500000 0.000000 0 1 43
4.932389 1.483221 0.152955 70.500000 96.500000 0.000000 0 1 43
4.932389 1.483221 0.152955 71.500000 96.500000 0.000000 0 1 43
4.932389 1.483221 0.152955 72.500000 96.500000 0.000000 0 1 43
4.932389 1.483221 0.152955 73.500000 96.500000 0.000000 0 1 43
4.932389 1.483221 0.152955 74.500000 96.500000 0.000000 0 1 43
4.932389 1.483221 0.152955 75.500000 96.500000 0.000000 0 1 43
4.932389 1.483221 0.152955 76.500000 96.500000 0.000000 0 1 43
4.932389 1.483221 0.152955 77.500000 96.500000 0.000000 0 1 43
4.932389 1.483221 0.152955 78.500000 96.500000 0.000000 0 1 43
4.932389 1.483221 0.152955 79.500000 96.500000 0.000000 0 1 43
4.932389 1.483221 0.152955 80.500000 96.500000 0.000000 0 1 43
4.932389 1.483221 0.152955 81.500000 96.500000 0.000000 0 1 43
4.932389 1.483221 0.152955 82.500000 96.500000 0.000000 0 1 43
4.932389 1.483221 0.152955 83.500000 96.500000 0.000000 0 1 43
4.932389 1.483221 0.152955 84.500000 96.500000 0.000000 0 1 43
4.932389 1.483221 0.152955 85.500000 96.500000 0.000000 0 1 43
4.932389 1.483221 0.152955 86.500000 96.500000 0.000000 0 1 43
4.932389 1.483221 0.152955 87.500000 96.500000 0.000000 0 1 43
4.932389 1.483221 0.152955 88.500000 96.500000 0.000000 0 1 43
4.932389 1.483221 0.152955 89.500000 96.500000 0.000000 0 1 43
4.932389 1.483221 0.152955 90.500000 96.500000 0.000000 0 1 43
4.932389 1.483221 0.152955 91.500000 96.500000 0.000000 0 1 43
4.932389 1.483221 0.152955 92.500000 96.500000 0.000000 0 1 43
4.932389 1.483221 0.152955 93.500000 96.500000 0.000000 0 1 43
4.932389 1.483221 0.152955 94.500000 96.500000 0.000000 0 1 43
4.932389 1.483221 0.152955 95.500000 96.500000 0.000000 0 1 43
4.932389 1.483221 0.152955 96.500000 96.500000 0.000000 0 1 43
4.932389 1.483221 0.152955 97.500000 96.500000 0.000000 0 1 43
4.932389 1.483221 0.152955 98.500000 96.500000 0.000000 0 1 43
4.932389 1.483221 0.152955 99.500000 96.500000 0.000000 0 1 43
0.822538 1.621784 0.968628 0.500000 97.500000 0.000000 4 1 43
0.822538 1.621784 0.968628 1.500000 97.500000 0.000000 4 1 43
0.822538 1.621784 0.968628 2.500000 97.500000 0.000000 4 1 43
0.822538 1.621784 0.968628 3.500000 97.500000 0.000000 4 1 43
0.822538 1.621784 0.968628 4.500000 97.500000 0.000000 4 1 43
0.822538 1.621784 0.968628 5.500000 97.500000 0.000000 4 1 43
0.822538 1.621784 0.968628 6.500000 97.500000 0.000000 4 1 43
0.822538 1.621784 0.968628 7.500000 97.500000 0.000000 4 1 43
0.822538 1.621784 0.968628 8.500000 97.500000 0.000000 4 1 43
0.822538 1.621784 0.968628 9.500000 97.500000 0.000000 4 1 43
0.822538 1.621784 0.968628 10.500000 97.500000 0.000000 4 1 43
0.822538 1.621784 0.968628 11.500000 97.500000 0.000000 4 1 43
0.822538 1.621784 0.968628 12.500000 97.500000 0.000000 4 1 43
0.822538 1.621784 0.968628 13.500000 97.500000 0.000000 4 1 43
0.822538 1.621784 0.968628 14.500000 97.500000 0.000000 4 1 43
0.822538 1.621784 0.968628 15.500000 97.500000 0.000000 4 1 43
0.822538 1.621784 0.968628 16.500000 97.500000 0.000000 4 1 43
0.822538 1.621784 0.968628 17.500000 97.500000 0.000000 4 1 43
0.822538 1.621784 0.968628 18.500000 97.500000 0.000000 4 1 43
0.822538 1.621784 0.968628 19.500000 97.500000 0.000000 4 1 43
0.822538 1.621784 0.968628 20.500000 97.500000 0.000000 4 1 43
0.822538 1.621784 0.968628 21.500000 97.500000 0.000000 4 1 43
0.822538 1.621784 0.968628 22.500000 97.500000 0.000000 4 1 43
0.822538 1.621784 0.968628 23.500000 97.500000 0.000000 4 1 43
0.822538 1.621784 0.968628 24.500000 97.500000 0.000000 4 1 43
0.822538 1.621784 0.968628 25.500000 97.500000 0.000000 4 1 43
0.822538 1.621784 0.968628 26.500000 97.500000 0.000000 4 1 43
0.822538 1.621784 0.968628 27.500000 97.500000 0.000000 4 1 43
0.822538 1.621784 0.968628 28.500000 97.500000 0.000000 4 1 43
0.822538 1.621784 0.968628 29.500000 97.500000 0.000000 4 1 43
0.822538 1.621784 0.968628 30.500000 97.500000 0.000000 4 1 43
0.822538 1.621784 0.968628 31.500000 97.500000 0.000000 4 1 43
0.822538 1.621784 0.968628 32.500000 97.500000 0.000000 4 1 43
0.822538 1.621784 0.968628 33.500000 97.500000 0.000000 4 1 43
0.822538 1.621784 0.968628 34.500000 97.500000 0.000000 4 1 43
0.822538 1.621784 0.968628 35.500000 97.500000 0.000000 4 1 43
0.822538 1.621784 0.968628 36.500000 97.500000 0.000000 4 1 43
0.822538 1.621784 0.968628 37.500000 97.500000 0.000000 4 1 43
0.822538 1.621784 0.968628 38.500000 97.500000 0.000000 4 1 43
0.822538 1.621784 0.968628 39.500000 97.500000 0.000000 4 1 43
0.822538 1.621784 0.968628 40.500000 97.500000 0.000000 4 1 43
0.822538 1.621784 0.968628 41.500000 97.500000 0.000000 4 1 43
0.822538 1.621784 0.968628 42.500000 97.500000 0.000000 4 1 43
0.822538 1.621784 0.968628 43.500000 97.500000 0.000000 4 1 43
0.822538 1.621784 0.968628 44.500000 97.500000 0.000000 4 1 43
0.822538 1.621784 0.968628 45.500000 97.500000 0.000000 4 1 43
4.932389 1.483221 0.152955 46.500000 97.500000 0.000000 0 1 43
4.932389 1.483221 0.152955 47.500000 97.500000 0.000000 0 1 43
4.932389 1.483221 0.152955 48.500000 97.500000 0.000000 0 1 43
4.932389 1.483221 0.152955 49.500000 97.500000 0.000000 0 1 43
4.932389 1.483221 0.152955 50.500000 97.500000 0.000000 0 1 43
4.932389 1.483221 0.152955 51.500000 97.500000 0.000000 0 1 43
4.932389 1.483221 0.152955 52.500000 97.500000 0.000000 0 1 43
4.932389 1.483221 0.152955 53.500000 97.500000 0.000000 0 1 43
4.932389 1.483221 0.152955 54.500000 97.500000 0.000000 0 1 43
4.932389 1.483221 0.152955 55.500000 97.500000 0.000000 0 1 43
4.932389 1.483221 0.152955 56.500000 97.500000 0.000000 0 1 43
4.932389 1.483221 0.152955 57.500000 97.500000 0.000000 0 1 43
4.932389 1.483221 0.152955 58.500000 97.500000 0.000000 0 1 43
4.932389 1.483221 0.152955 59.500000 97.500000 0.000000 0 1 43
4.932389 1.483221 0.152955 60.500000 97.500000 0.000000 0 1 43
4.932389 1.483221 0.152955 61.500000 97.500000 0.000000 0 1 43
4.932389 1.483221 0.152955 62.500000 97.500000 0.000000 0 1 43
4.932389 1.483221 0.152955 63.500000 97.500000 0.000000 0 1 43
4.932389 1.483221 0.152955 64.500000 97.500000 0.000000 0 1 43
4.932389 1.483221 0.152955 65.500000 97.500000 0.000000 0 1 43
4.932389 1.483221 0.152955 66.500000 97.500000 0.000000 0 1 43
4.932389 1.483221 0.152955 67.500000 97.500000 0.000000 0 1 43
4.932389 1.483221 0.152955 68.500000 97.500000 0.000000 0 1 43
4.932389 1.483221 0.152955 69.500000 97.500000 0.000000 0 1 43
4.932389 1.483221 0.152955 70.500000 97.500000 0.000000 0 1 43
4.932389 1.483221 0.152955 71.500000 97.500000 0.000000 0 1 43
4.932389 1.483221 0.152955 72.500000 97.500000 0.000000 0 1 43
4.932389 1.483221 0.152955 73.500000 97.500000 0.000000 0 1 43
4.932389 1.483221 0.152955 74.500000 97.500000 0.000000 0 1 43
4.932389 1.483221 0.152955 75.500000 97.500000 0.000000 0 1 43
4.932389 1.483221 0.152955 76.500000 97.500000 0.000000 0 1 43
4.932389 1.483221 0.152955 77.500000 97.500000 0.000000 0 1 43
4.932389 1.483221 0.152955 78.500000 97.500000 0.000000 0 1 43
4.932389 1.483221 0.152955 79.500000 97.500000 0.000000 0 1 43
4.932389 1.483221 0.152955 80.500000 97.500000 0.000000 0 1 43
4.932389 1.483221 0.152955 81.500000 97.500000 0.000000 0 1 43
4.932389 1.483221 0.152955 82.500000 97.500000 0.000000 0 1 43
4.932389 1.483221 0.152955 83.500000 97.500000 0.000000 0 1 43
4.932389 1.483221 0.152955 84.500000 97.500000 0.000000 0 1 43
4.932389 1.483221 0.152955 85.500000 97.500000 0.000000 0 1 43
4.932389 1.483221 0.152955 86.500000 97.500000 0.000000 0 1 43
4.932389 1.483221 0.152955 87.500000 97.500000 0.000000 0 1 43
4.932389 1.483221 0.152955 88.500000 97.500000 0.000000 0 1 43
4.932389 1.483221 0.152955 89.500000 97.500000 0.000000 0 1 43
4.932389 1.483221 0.152955 90.500000 97.500000 0.000000 0 1 43
4.932389 1.483221 0.152955 91.500000 97.500000 0.000000 0 1 43
4.932389 1.483221 0.152955 92.500000 97.500000 0.000000 0 1 43
4.932389 1.483221 0.152955 93.500000 97.500000 0.000000 0 1 43
4.932389 1.483221 0.152955 94.500000 97.500000 0.000000 0 1 43
4.932389 1.483221 0.152955 95.500000 97.500000 0.000000 0 1 43
4.932389 1.483221 0.152955 96.500000 97.500000 0.000000 0 1 43
4.932389 1.483221 0.152955 97.500000 97.500000 0.000000 0 1 43
4.932389 1.483221 0.152955 98.500000 97.500000 0.000000 0 1 43
4.932389 1.483221 0.152955 99.500000 97.500000 0.000000 0 1 43
0.822538 1.621784 0.968628 0.500000 98.500000 0.000000 4 1 43
0.822538 1.621784 0.968628 1.500000 98.500000 0.000000 4 1 43
0.822538 1.621784 0.968628 2.500000 98.500000 0.000000 4 1 43
0.822538 1.621784 0.968628 3.500000 98.500000 0.000000 4 1 43
0.822538 1.621784 0.968628 4.500000 98.500000 0.000000 4 1 43
0.822538 1.621784 0.968628 5.500000 98.500000 0.000000 4 1 43
0.822538 1.621784 0.968628 6.500000 98.500000 0.000000 4 1 43
0.822538 1.621784 0.968628 7.500000 98.500000 0.000000 4 1 43
0.822538 1.621784 0.968628 8.500000 98.500000 0.000000 4 1 43
0.822538 1.621784 0.968628 9.500000 98.500000 0.000000 4 1 43
0.822538 1.621784 0.968628 10.500000 98.500000 0.000000 4 1 43
0.822538 1.621784 0.968628 11.500000 98.500000 0.000000 4 1 43
0.822538 1.621784 0.968628 12.500000 98.500000 0.000000 4 1 43
0.822538 1.621784 0.968628 13.500000 98.500000 0.000000 4 1 43
0.822538 1.621784 0.968628 14.500000 98.500000 0.000000 4 1 43
0.822538 1.621784 0.968628 15.500000 98.500000 0.000000 4 1 43
0.822538 1.621784 0.968628 16.500000 98.500000 0.000000 4 1 43
0.822538 1.621784 0.968628 17.500000 98.500000 0.000000 4 1 43
0.822538 1.621784 0.968628 18.500000 98.500000 0.000000 4 1 43
0.822538 1.621784 0.968628 19.500000 98.500000 0.000000 4 1 43
0.822538 1.621784 0.968628 20.500000 98.500000 0.000000 4 1 43
0.822538 1.621784 0.968628 21.500000 98.500000 0.000000 4 1 43
0.822538 1.621784 0.968628 22.500000 98.500000 0.000000 4 1 43
0.822538 1.621784 0.968628 23.500000 98.500000 0.000000 4 1 43
0.822538 1.621784 0.968628 24.500000 98.500000 0.000000 4 1 43
0.822538 1.621784 0.968628 25.500000 98.500000 0.000000 4 1 43
0.822538 1.621784 0.968628 26.500000 98.500000 0.000000 4 1 43
0.822538 1.621784 0.968628 27.500000 98.500000 0.000000 4 1 43
0.822538 1.621784 0.968628 28.500000 98.500000 0.000000 4 1 43
0.822538 1.621784 0.968628 29.500000 98.500000 0.000000 4 1 43
0.822538 1.621784 0.968628 30.500000 98.500000 0.000000 4 1 43
0.822538 1.621784 0.968628 31.500000 98.500000 0.000000 4 1 43
0.822538 1.621784 0.968628 32.500000 98.500000 0.000000 4 1 43
0.822538 1.621784 0.968628 33.500000 98.500000 0.000000 4 1 43
0.822538 1.621784 0.968628 34.500000 98.500000 0.000000 4 1 43
0.822538 1.621784 0.968628 35.500000 98.500000 0.000000 4 1 43
0.822538 1.621784 0.968628 36.500000 98.500000 0.000000 4 1 43
0.822538 1.621784 0.968628 37.500000 98.500000 0.000000 4 1 43
0.822538 1.621784 0.968628 38.500000 98.500000 0.000000 4 1 43
0.822538 1.621784 0.968628 39.500000 98.500000 0.000000 4 1 43
0.822538 1.621784 0.968628 40.500000 98.500000 0.000000 4 1 43
0.822538 1.621784 0.968628 41.500000 98.500000 0.000000 4 1 43
0.822538 1.621784 0.968628 42.500000 98.500000 0.000000 4 1 43
0.822538 1.621784 0.968628 43.500000 98.500000 0.000000 4 1 43
0.822538 1.621784 0.968628 44.500000 98.500000 0.000000 4 1 43
0.822538 1.621784 0.968628 45.500000 98.500000 0.000000 4 1 43
4.932389 1.483221 0.152955 46.500000 98.500000 0.000000 0 1 43
4.932389 1.483221 0.152955 47.500000 98.500000 0.000000 0 1 43
4.932389 1.483221 0.152955 48.500000 98.500000 0.000000 0 1 43
4.932389 1.483221 0.152955 49.500000 98.500000 0.000000 0 1 43
4.932389 1.483221 0.152955 50.500000 98.500000 0.000000 0 1 43
4.932389 1.483221 0.152955 51.500000 98.500000 0.000000 0 1 43
4.932389 1.483221 0.152955 52.500000 98.500000 0.000000 0 1 43
4.932389 1.483221 0.152955 53.500000 98.500000 0.000000 0 1 43
4.932389 1.483221 0.152955 54.500000 98.500000 0.000000 0 1 43
4.932389 1.483221 0.152955 55.500000 98.500000 0.000000 0 1 43
4.932389 1.483221 0.152955 56.500000 98.500000 0.000000 0 1 43
4.932389 1.483221 0.152955 57.500000 98.500000 0.000000 0 1 43
4.932389 1.483221 0.152955 58.500000 98.500000 0.000000 0 1 43
4.932389 1.483221 0.152955 59.500000 98.500000 0.000000 0 1 43
4.932389 1.483221 0.152955 60.500000 98.500000 0.000000 0 1 43
4.932389 1.483221 0.152955 61.500000 98.500000 0.000000 0 1 43
4.932389 1.483221 0.152955 62.500000 98.500000 0.000000 0 1 43
4.932389 1.483221 0.152955 63.500000 98.500000 0.000000 0 1 43
4.932389 1.483221 0.152955 64.500000 98.500000 0.000000 0 1 43
4.932389 1.483221 0.152955 65.500000 98.500000 0.000000 0 1 43
4.932389 1.483221 0.152955 66.500000 98.500000 0.000000 0 1 43
4.932389 1.483221 0.152955 67.500000 98.500000 0.000000 0 1 43
4.932389 1.483221 0.152955 68.500000 98.500000 0.000000 0 1 43
4.932389 1.483221 0.152955 69.500000 98.500000 0.000000 0 1 43
4.932389 1.483221 0.152955 70.500000 98.500000 0.000000 0 1 43
4.932389 1.483221 0.152955 71.500000 98.500000 0.000000 0 1 43
4.932389 1.483221 0.152955 72.500000 98.500000 0.000000 0 1 43
4.932389 1.483221 0.152955 73.500000 98.500000 0.000000 0 1 43
4.932389 1.483221 0.152955 74.500000 98.500000 0.000000 0 1 43
4.932389 1.483221 0.152955 75.500000 98.500000 0.000000 0 1 43
4.932389 1.483221 0.152955 76.500000 98.500000 0.000000 0 1 43
4.932389 1.483221 0.152955 77.500000 98.500000 0.000000 0 1 43
4.932389 1.483221 0.152955 78.500000 98.500000 0.000000 0 1 43
4.932389 1.483221 0.152955 79.500000 98.500000 0.000000 0 1 43
4.932389 1.483221 0.152955 80.500000 98.500000 0.000000 0 1 43
4.932389 1.483221 0.152955 81.500000 98.500000 0.000000 0 1 43
4.932389 1.483221 0.152955 82.500000 98.500000 0.000000 0 1 43
4.932389 1.483221 0.152955 83.500000 98.500000 0.000000 0 1 43
4.932389 1.483221 0.152955 84.500000 98.500000 0.000000 0 1 43
4.932389 1.483221 0.152955 85.500000 98.500000 0.000000 0 1 43
4.932389 1.483221 0.152955 86.500000 98.500000 0.000000 0 1 43
4.932389 1.483221 0.152955 87.500000 98.500000 0.000000 0 1 43
4.932389 1.483221 0.152955 88.500000 98.500000 0.000000 0 1 43
4.932389 1.483221 0.152955 89.500000 98.500000 0.000000 0 1 43
4.932389 1.483221 0.152955 90.500000 98.500000 0.000000 0 1 43
4.932389 1.483221 0.152955 91.500000 98.500000 0.000000 0 1 43
4.932389 1.483221 0.152955 92.500000 98.500000 0.000000 0 1 43
4.932389 1.483221 0.152955 93.500000 98.500000 0.000000 0 1 43
4.932389 1.483221 0.152955 94.500000 98.500000 0.000000 0 1 43
4.932389 1.483221 0.152955 95.500000 98.500000 0.000000 0 1 43
4.932389 1.483221 0.152955 96.500000 98.500000 0.000000 0 1 43
4.932389 1.483221 0.152955 97.500000 98.500000 0.000000 0 1 43
4.932389 1.483221 0.152955 98.500000 98.500000 0.000000 0 1 43
4.932389 1.483221 0.152955 99.500000 98.500000 0.000000 0 1 43
0.822538 1.621784 0.968628 0.500000 99.500000 0.000000 4 1 43
0.822538 1.621784 0.968628 1.500000 99.500000 0.000000 4 1 43
0.822538 1.621784 0.968628 2.500000 99.500000 0.000000 4 1 43
0.822538 1.621784 0.968628 3.500000 99.500000 0.000000 4 1 43
0.822538 1.621784 0.968628 4.500000 99.500000 0.000000 4 1 43
0.822538 1.621784 0.968628 5.500000 99.500000 0.000000 4 1 43
0.822538 1.621784 0.968628 6.500000 99.500000 0.000000 4 1 43
0.822538 1.621784 0.968628 7.500000 99.500000 0.000000 4 1 43
0.822538 1.621784 0.968628 8.500000 99.500000 0.000000 4 1 43
0.822538 1.621784 0.968628 9.500000 99.500000 0.000000 4 1 43
0.822538 1.621784 0.968628 10.500000 99.500000 0.000000 4 1 43
0.822538 1.621784 0.968628 11.500000 99.500000 0.000000 4 1 43
0.822538 1.621784 0.968628 12.500000 99.500000 0.000000 4 1 43
0.822538 1.621784 0.968628 13.500000 99.500000 0.000000 4 1 43
0.822538 1.621784 0.968628 14.500000 99.500000 0.000000 4 1 43
0.822538 1.621784 0.968628 15.500000 99.500000 0.000000 4 1 43
0.822538 1.621784 0.968628 16.500000 99.500000 0.000000 4 1 43
0.822538 1.621784 0.968628 17.500000 99.500000 0.000000 4 1 43
0.822538 1.621784 0.968628 18.500000 99.500000 0.000000 4 1 43
0.822538 1.621784 0.968628 19.500000 99.500000 0.000000 4 1 43
0.822538 1.621784 0.968628 20.500000 99.500000 0.000000 4 1 43
0.822538 1.621784 0.968628 21.500000 99.500000 0.000000 4 1 43
0.822538 1.621784 0.968628 22.500000 99.500000 0.000000 4 1 43
0.822538 1.621784 0.968628 23.500000 99.500000 0.000000 4 1 43
0.822538 1.621784 0.968628 24.500000 99.500000 0.000000 4 1 43
0.822538 1.621784 0.968628 25.500000 99.500000 0.000000 4 1 43
0.822538 1.621784 0.968628 26.500000 99.500000 0.000000 4 1 43
0.822538 1.621784 0.968628 27.500000 99.500000 0.000000 4 1 43
0.822538 1.621784 0.968628 28.500000 99.500000 0.000000 4 1 43
0.822538 1.621784 0.968628 29.500000 99.500000 0.000000 4 1 43
0.822538 1.621784 0.968628 30.500000 99.500000 0.000000 4 1 43
0.822538 1.621784 0.968628 31.500000 99.500000 0.000000 4 1 43
0.822538 1.621784 0.968628 32.500000 99.500000 0.000000 4 1 43
0.822538 1.621784 0.968628 33.500000 99.500000 0.000000 4 1 43
0.822538 1.621784 0.968628 34.500000 99.500000 0.000000 4 1 43
0.822538 1.621784 0.968628 35.500000 99.500000 0.000000 4 1 43
0.822538 1.621784 0.968628 36.500000 99.500000 0.000000 4 1 43
0.822538 1.621784 0.968628 37.500000 99.500000 0.000000 4 1 43
0.822538 1.621784 0.968628 38.500000 99.500000 0.000000 4 1 43
0.822538 1.621784 0.968628 39.500000 99.500000 0.000000 4 1 43
0.822538 1.621784 0.968628 40.500000 99.500000 0.000000 4 1 43
0.822538 1.621784 0.968628 41.500000 99.500000 0.000000 4 1 43
0.822538 1.621784 0.968628 42.500000 99.500000 0.000000 4 1 43
0.822538 1.621784 0.968628 43.500000 99.500000 0.000000 4 1 43
0.822538 1.621784 0.968628 44.500000 99.500000 0.000000 4 1 43
0.822538 1.621784 0.968628 45.500000 99.500000 0.000000 4 1 43
4.932389 1.483221 0.152955 46.500000 99.500000 0.000000 0 1 43
4.932389 1.483221 0.152955 47.500000 99.500000 0.000000 0 1 43
4.932389 1.483221 0.152955 48.500000 99.500000 0.000000 0 1 43
4.932389 1.483221 0.152955 49.500000 99.500000 0.000000 0 1 43
4.932389 1.483221 0.152955 50.500000 99.500000 0.000000 0 1 43
4.932389 1.483221 0.152955 51.500000 99.500000 0.000000 0 1 43
4.932389 1.483221 0.152955 52.500000 99.500000 0.000000 0 1 43
4.932389 1.483221 0.152955 53.500000 99.500000 0.000000 0 1 43
4.932389 1.483221 0.152955 54.500000 99.500000 0.000000 0 1 43
4.932389 1.483221 0.152955 55.500000 99.500000 0.000000 0 1 43
4.932389 1.483221 0.152955 56.500000 99.500000 0.000000 0 1 43
4.932389 1.483221 0.152955 57.500000 99.500000 0.000000 0 1 43
4.932389 1.483221 0.152955 58.500000 99.500000 0.000000 0 1 43
4.932389 1.483221 0.152955 59.500000 99.500000 0.000000 0 1 43
4.932389 1.483221 0.152955 60.500000 99.500000 0.000000 0 1 43
4.932389 1.483221 0.152955 61.500000 99.500000 0.000000 0 1 43
4.932389 1.483221 0.152955 62.500000 99.500000 0.000000 0 1 43
4.932389 1.483221 0.152955 63.500000 99.500000 0.000000 0 1 43
4.932389 1.483221 0.152955 64.500000 99.500000 0.000000 0 1 43
4.932389 1.483221 0.152955 65.500000 99.500000 0.000000 0 1 43
4.932389 1.483221 0.152955 66.500000 99.500000 0.000000 0 1 43
4.932389 1.483221 0.152955 67.500000 99.500000 0.000000 0 1 43
4.932389 1.483221 0.152955 68.500000 99.500000 0.000000 0 1 43
4.932389 1.483221 0.152955 69.500000 99.500000 0.000000 0 1 43
4.932389 1.483221 0.152955 70.500000 99.500000 0.000000 0 1 43
4.932389 1.483221 0.152955 71.500000 99.500000 0.000000 0 1 43
4.932389 1.483221 0.152955 72.500000 99.500000 0.000000 0 1 43
4.932389 1.483221 0.152955 73.500000 99.500000 0.000000 0 1 43
4.932389 1.483221 0.152955 74.500000 99.500000 0.000000 0 1 43
4.932389 1.483221 0.152955 75.500000 99.500000 0.000000 0 1 43
4.932389 1.483221 0.152955 76.500000 99.500000 0.000000 0 1 43
4.932389 1.483221 0.152955 77.500000 99.500000 0.000000 0 1 43
4.932389 1.483221 0.152955 78.500000 99.500000 0.000000 0 1 43
4.932389 1.483221 0.152955 79.500000 99.500000 0.000000 0 1 43
4.932389 1.483221 0.152955 80.500000 99.500000 0.000000 0 1 43
4.932389 1.483221 0.152955 81.500000 99.500000 0.000000 0 1 43
4.932389 1.483221 0.152955 82.500000 99.500000 0.000000 0 1 43
4.932389 1.483221 0.152955 83.500000 99.500000 0.000000 0 1 43
4.932389 1.483221 0.152955 84.500000 99.500000 0.000000 0 1 43
4.932389 1.483221 0.152955 85.500000 99.500000 0.000000 0 1 43
4.932389 1.483221 0.152955 86.500000 99.500000 0.000000 0 1 43
4.932389 1.483221 0.152955 87.500000 99.500000 0.000000 0 1 43
4.932389 1.483221 0.152955 88.500000 99.500000 0.000000 0 1 43
4.932389 1.483221 0.152955 89.500000 99.500000 0.000000 0 1 43
4.932389 1.483221 0.152955 90.500000 99.500000 0.000000 0 1 43
4.932389 1.483221 0.152955 91.500000 99.500000 0.000000 0 1 43
4.932389 1.483221 0.152955 92.500000 99.500000 0.000000 0 1 43
4.932389 1.483221 0.152955 93.500000 99.500000 0.000000 0 1 43
4.932389 1.483221 0.152955 94.500000 99.500000 0.000000 0 1 43
4.932389 1.483221 0.152955 95.500000 99.500000 0.000000 0 1 43
4.932389 1.483221 0.152955 96.500000 99.500000 0.000000 0 1 43
4.932389 1.483221 0.152955 97.500000 99.500000 0.000000 0 1 43
4.932389 1.483221 0.152955 98.500000 99.500000 0.000000 0 1 43
4.932389 1.483221 0.152955 99.500000 99.500000 0.000000 0 1 43
